time,cloud_fraction,cloud_top_pressure,cloud_top_height,cloud_base_pressure,cloud_base_height,cloud_optical_depth
2018-07,0.812157083181783,0.812157083181783,0.7892002056073081,0.812157083181783,0.7892002056073081,0.7892002056073081
2018-08,0.7714101399578448,0.7714101399578448,0.7254027994162318,0.7714101399578448,0.7254027994162318,0.7254027994162318
2018-09,0.8231864039643666,0.8231864039643666,0.8051361331703767,0.8231864039643666,0.8051361331703767,0.8051361331703767
2018-10,0.8224999724454143,0.8224999724454143,0.7900181370405884,0.8224999724454143,0.7900181370405884,0.7900181370405884
2018-11,0.8184001707382326,0.8184001707382326,0.8170049267599115,0.8184001707382326,0.8170049267599115,0.8170049267599115
2018-12,0.661213672796448,0.661213672796448,0.6598709319758185,0.661213672796448,0.6598709319758185,0.6598709319758185
2019-01,0.8574875606353966,0.8574875606353966,0.8574450653411075,0.8574875606353966,0.8574450653411075,0.8574450653411075
2019-02,0.864854053237955,0.864854053237955,0.6459185003983455,0.864854053237955,0.6459185003983455,0.6459185003983455
2019-03,0.8194680232970084,0.8080526570755714,0.7733830050663698,0.8080526570755714,0.7733830050663698,0.7733830050663698
2019-04,0.8114248659928651,0.5499406657922677,0.5499406657922677,0.5499406657922677,0.5499406657922677,0.5499406657922677
2019-04,0.8114248659928651,0.5499406657922677,0.5499406657922677,0.5499406657922677,0.5499406657922677,0.5263747386010711
2019-04,0.8114248659928651,0.5499406657922677,0.5499406657922677,0.5499406657922677,0.5263747386010711,0.5499406657922677
2019-04,0.8114248659928651,0.5499406657922677,0.5499406657922677,0.5499406657922677,0.5263747386010711,0.5263747386010711
2019-04,0.8114248659928651,0.5499406657922677,0.5499406657922677,0.5263747386010711,0.5499406657922677,0.5499406657922677
2019-04,0.8114248659928651,0.5499406657922677,0.5499406657922677,0.5263747386010711,0.5499406657922677,0.5263747386010711
2019-04,0.8114248659928651,0.5499406657922677,0.5499406657922677,0.5263747386010711,0.5263747386010711,0.5499406657922677
2019-04,0.8114248659928651,0.5499406657922677,0.5499406657922677,0.5263747386010711,0.5263747386010711,0.5263747386010711
2019-04,0.8114248659928651,0.5499406657922677,0.5263747386010711,0.5499406657922677,0.5499406657922677,0.5499406657922677
2019-04,0.8114248659928651,0.5499406657922677,0.5263747386010711,0.5499406657922677,0.5499406657922677,0.5263747386010711
2019-04,0.8114248659928651,0.5499406657922677,0.5263747386010711,0.5499406657922677,0.5263747386010711,0.5499406657922677
2019-04,0.8114248659928651,0.5499406657922677,0.5263747386010711,0.5499406657922677,0.5263747386010711,0.5263747386010711
2019-04,0.8114248659928651,0.5499406657922677,0.5263747386010711,0.5263747386010711,0.5499406657922677,0.5499406657922677
2019-04,0.8114248659928651,0.5499406657922677,0.5263747386010711,0.5263747386010711,0.5499406657922677,0.5263747386010711
2019-04,0.8114248659928651,0.5499406657922677,0.5263747386010711,0.5263747386010711,0.5263747386010711,0.5499406657922677
2019-04,0.8114248659928651,0.5499406657922677,0.5263747386010711,0.5263747386010711,0.5263747386010711,0.5263747386010711
2019-04,0.8114248659928651,0.5263747386010711,0.5499406657922677,0.5499406657922677,0.5499406657922677,0.5499406657922677
2019-04,0.8114248659928651,0.5263747386010711,0.5499406657922677,0.5499406657922677,0.5499406657922677,0.5263747386010711
2019-04,0.8114248659928651,0.5263747386010711,0.5499406657922677,0.5499406657922677,0.5263747386010711,0.5499406657922677
2019-04,0.8114248659928651,0.5263747386010711,0.5499406657922677,0.5499406657922677,0.5263747386010711,0.5263747386010711
2019-04,0.8114248659928651,0.5263747386010711,0.5499406657922677,0.5263747386010711,0.5499406657922677,0.5499406657922677
2019-04,0.8114248659928651,0.5263747386010711,0.5499406657922677,0.5263747386010711,0.5499406657922677,0.5263747386010711
2019-04,0.8114248659928651,0.5263747386010711,0.5499406657922677,0.5263747386010711,0.5263747386010711,0.5499406657922677
2019-04,0.8114248659928651,0.5263747386010711,0.5499406657922677,0.5263747386010711,0.5263747386010711,0.5263747386010711
2019-04,0.8114248659928651,0.5263747386010711,0.5263747386010711,0.5499406657922677,0.5499406657922677,0.5499406657922677
2019-04,0.8114248659928651,0.5263747386010711,0.5263747386010711,0.5499406657922677,0.5499406657922677,0.5263747386010711
2019-04,0.8114248659928651,0.5263747386010711,0.5263747386010711,0.5499406657922677,0.5263747386010711,0.5499406657922677
2019-04,0.8114248659928651,0.5263747386010711,0.5263747386010711,0.5499406657922677,0.5263747386010711,0.5263747386010711
2019-04,0.8114248659928651,0.5263747386010711,0.5263747386010711,0.5263747386010711,0.5499406657922677,0.5499406657922677
2019-04,0.8114248659928651,0.5263747386010711,0.5263747386010711,0.5263747386010711,0.5499406657922677,0.5263747386010711
2019-04,0.8114248659928651,0.5263747386010711,0.5263747386010711,0.5263747386010711,0.5263747386010711,0.5499406657922677
2019-04,0.8114248659928651,0.5263747386010711,0.5263747386010711,0.5263747386010711,0.5263747386010711,0.5263747386010711
2019-04,0.8516710579267285,0.5499406657922677,0.5499406657922677,0.5499406657922677,0.5499406657922677,0.5499406657922677
2019-04,0.8516710579267285,0.5499406657922677,0.5499406657922677,0.5499406657922677,0.5499406657922677,0.5263747386010711
2019-04,0.8516710579267285,0.5499406657922677,0.5499406657922677,0.5499406657922677,0.5263747386010711,0.5499406657922677
2019-04,0.8516710579267285,0.5499406657922677,0.5499406657922677,0.5499406657922677,0.5263747386010711,0.5263747386010711
2019-04,0.8516710579267285,0.5499406657922677,0.5499406657922677,0.5263747386010711,0.5499406657922677,0.5499406657922677
2019-04,0.8516710579267285,0.5499406657922677,0.5499406657922677,0.5263747386010711,0.5499406657922677,0.5263747386010711
2019-04,0.8516710579267285,0.5499406657922677,0.5499406657922677,0.5263747386010711,0.5263747386010711,0.5499406657922677
2019-04,0.8516710579267285,0.5499406657922677,0.5499406657922677,0.5263747386010711,0.5263747386010711,0.5263747386010711
2019-04,0.8516710579267285,0.5499406657922677,0.5263747386010711,0.5499406657922677,0.5499406657922677,0.5499406657922677
2019-04,0.8516710579267285,0.5499406657922677,0.5263747386010711,0.5499406657922677,0.5499406657922677,0.5263747386010711
2019-04,0.8516710579267285,0.5499406657922677,0.5263747386010711,0.5499406657922677,0.5263747386010711,0.5499406657922677
2019-04,0.8516710579267285,0.5499406657922677,0.5263747386010711,0.5499406657922677,0.5263747386010711,0.5263747386010711
2019-04,0.8516710579267285,0.5499406657922677,0.5263747386010711,0.5263747386010711,0.5499406657922677,0.5499406657922677
2019-04,0.8516710579267285,0.5499406657922677,0.5263747386010711,0.5263747386010711,0.5499406657922677,0.5263747386010711
2019-04,0.8516710579267285,0.5499406657922677,0.5263747386010711,0.5263747386010711,0.5263747386010711,0.5499406657922677
2019-04,0.8516710579267285,0.5499406657922677,0.5263747386010711,0.5263747386010711,0.5263747386010711,0.5263747386010711
2019-04,0.8516710579267285,0.5263747386010711,0.5499406657922677,0.5499406657922677,0.5499406657922677,0.5499406657922677
2019-04,0.8516710579267285,0.5263747386010711,0.5499406657922677,0.5499406657922677,0.5499406657922677,0.5263747386010711
2019-04,0.8516710579267285,0.5263747386010711,0.5499406657922677,0.5499406657922677,0.5263747386010711,0.5499406657922677
2019-04,0.8516710579267285,0.5263747386010711,0.5499406657922677,0.5499406657922677,0.5263747386010711,0.5263747386010711
2019-04,0.8516710579267285,0.5263747386010711,0.5499406657922677,0.5263747386010711,0.5499406657922677,0.5499406657922677
2019-04,0.8516710579267285,0.5263747386010711,0.5499406657922677,0.5263747386010711,0.5499406657922677,0.5263747386010711
2019-04,0.8516710579267285,0.5263747386010711,0.5499406657922677,0.5263747386010711,0.5263747386010711,0.5499406657922677
2019-04,0.8516710579267285,0.5263747386010711,0.5499406657922677,0.5263747386010711,0.5263747386010711,0.5263747386010711
2019-04,0.8516710579267285,0.5263747386010711,0.5263747386010711,0.5499406657922677,0.5499406657922677,0.5499406657922677
2019-04,0.8516710579267285,0.5263747386010711,0.5263747386010711,0.5499406657922677,0.5499406657922677,0.5263747386010711
2019-04,0.8516710579267285,0.5263747386010711,0.5263747386010711,0.5499406657922677,0.5263747386010711,0.5499406657922677
2019-04,0.8516710579267285,0.5263747386010711,0.5263747386010711,0.5499406657922677,0.5263747386010711,0.5263747386010711
2019-04,0.8516710579267285,0.5263747386010711,0.5263747386010711,0.5263747386010711,0.5499406657922677,0.5499406657922677
2019-04,0.8516710579267285,0.5263747386010711,0.5263747386010711,0.5263747386010711,0.5499406657922677,0.5263747386010711
2019-04,0.8516710579267285,0.5263747386010711,0.5263747386010711,0.5263747386010711,0.5263747386010711,0.5499406657922677
2019-04,0.8516710579267285,0.5263747386010711,0.5263747386010711,0.5263747386010711,0.5263747386010711,0.5263747386010711
2019-05,0.8354967471811658,0.6419096981119597,0.6419096981119597,0.6419096981119597,0.6419096981119597,0.6419096981119597
2019-06,0.8336628150689095,0.4171247305428183,0.4171247305428183,0.4171247305428183,0.4171247305428183,0.4171247305428183
2019-07,0.7999739742494395,0.6923160038099991,0.6923160038099991,0.6923160038099991,0.6923160038099991,0.6923160038099991
2019-08,0.8371046605826141,0.7141041935323876,0.7141041935323876,0.7141041935323876,0.7141041935323876,0.7141041935323876
2019-09,0.852694160903241,0.7766296278830002,0.7766296278830002,0.7766296278830002,0.7766296278830002,0.7766296278830002
2019-10,0.8283671014780281,0.8043479069536752,0.8043479069536752,0.8043479069536752,0.8043479069536752,0.8043479069536752
2019-11,0.8349822757503303,0.8311095072441954,0.8311095072441954,0.8311095072441954,0.8311095072441954,0.8311095072441954
2019-12,0.6490867113634463,0.6424318575097268,0.6424318575097268,0.6424318575097268,0.6424318575097268,0.6424318575097268
2020-01,0.7958840062163145,0.7903536024865256,0.7903536024865256,0.7903536024865256,0.7903536024865256,0.7903536024865256
2020-01,0.7958840062163145,0.7903536024865256,0.7903536024865256,0.7903536024865256,0.7903536024865256,0.7608855886368038
2020-01,0.7958840062163145,0.7903536024865256,0.7903536024865256,0.7903536024865256,0.7608855886368038,0.7903536024865256
2020-01,0.7958840062163145,0.7903536024865256,0.7903536024865256,0.7903536024865256,0.7608855886368038,0.7608855886368038
2020-01,0.7958840062163145,0.7903536024865256,0.7903536024865256,0.7608855886368038,0.7903536024865256,0.7903536024865256
2020-01,0.7958840062163145,0.7903536024865256,0.7903536024865256,0.7608855886368038,0.7903536024865256,0.7608855886368038
2020-01,0.7958840062163145,0.7903536024865256,0.7903536024865256,0.7608855886368038,0.7608855886368038,0.7903536024865256
2020-01,0.7958840062163145,0.7903536024865256,0.7903536024865256,0.7608855886368038,0.7608855886368038,0.7608855886368038
2020-01,0.7958840062163145,0.7903536024865256,0.7608855886368038,0.7903536024865256,0.7903536024865256,0.7903536024865256
2020-01,0.7958840062163145,0.7903536024865256,0.7608855886368038,0.7903536024865256,0.7903536024865256,0.7608855886368038
2020-01,0.7958840062163145,0.7903536024865256,0.7608855886368038,0.7903536024865256,0.7608855886368038,0.7903536024865256
2020-01,0.7958840062163145,0.7903536024865256,0.7608855886368038,0.7903536024865256,0.7608855886368038,0.7608855886368038
2020-01,0.7958840062163145,0.7903536024865256,0.7608855886368038,0.7608855886368038,0.7903536024865256,0.7903536024865256
2020-01,0.7958840062163145,0.7903536024865256,0.7608855886368038,0.7608855886368038,0.7903536024865256,0.7608855886368038
2020-01,0.7958840062163145,0.7903536024865256,0.7608855886368038,0.7608855886368038,0.7608855886368038,0.7903536024865256
2020-01,0.7958840062163145,0.7903536024865256,0.7608855886368038,0.7608855886368038,0.7608855886368038,0.7608855886368038
2020-01,0.7958840062163145,0.7608855886368038,0.7903536024865256,0.7903536024865256,0.7903536024865256,0.7903536024865256
2020-01,0.7958840062163145,0.7608855886368038,0.7903536024865256,0.7903536024865256,0.7903536024865256,0.7608855886368038
2020-01,0.7958840062163145,0.7608855886368038,0.7903536024865256,0.7903536024865256,0.7608855886368038,0.7903536024865256
2020-01,0.7958840062163145,0.7608855886368038,0.7903536024865256,0.7903536024865256,0.7608855886368038,0.7608855886368038
2020-01,0.7958840062163145,0.7608855886368038,0.7903536024865256,0.7608855886368038,0.7903536024865256,0.7903536024865256
2020-01,0.7958840062163145,0.7608855886368038,0.7903536024865256,0.7608855886368038,0.7903536024865256,0.7608855886368038
2020-01,0.7958840062163145,0.7608855886368038,0.7903536024865256,0.7608855886368038,0.7608855886368038,0.7903536024865256
2020-01,0.7958840062163145,0.7608855886368038,0.7903536024865256,0.7608855886368038,0.7608855886368038,0.7608855886368038
2020-01,0.7958840062163145,0.7608855886368038,0.7608855886368038,0.7903536024865256,0.7903536024865256,0.7903536024865256
2020-01,0.7958840062163145,0.7608855886368038,0.7608855886368038,0.7903536024865256,0.7903536024865256,0.7608855886368038
2020-01,0.7958840062163145,0.7608855886368038,0.7608855886368038,0.7903536024865256,0.7608855886368038,0.7903536024865256
2020-01,0.7958840062163145,0.7608855886368038,0.7608855886368038,0.7903536024865256,0.7608855886368038,0.7608855886368038
2020-01,0.7958840062163145,0.7608855886368038,0.7608855886368038,0.7608855886368038,0.7903536024865256,0.7903536024865256
2020-01,0.7958840062163145,0.7608855886368038,0.7608855886368038,0.7608855886368038,0.7903536024865256,0.7608855886368038
2020-01,0.7958840062163145,0.7608855886368038,0.7608855886368038,0.7608855886368038,0.7608855886368038,0.7903536024865256
2020-01,0.7958840062163145,0.7608855886368038,0.7608855886368038,0.7608855886368038,0.7608855886368038,0.7608855886368038
2020-01,0.8130720213886568,0.7903536024865256,0.7903536024865256,0.7903536024865256,0.7903536024865256,0.7903536024865256
2020-01,0.8130720213886568,0.7903536024865256,0.7903536024865256,0.7903536024865256,0.7903536024865256,0.7608855886368038
2020-01,0.8130720213886568,0.7903536024865256,0.7903536024865256,0.7903536024865256,0.7608855886368038,0.7903536024865256
2020-01,0.8130720213886568,0.7903536024865256,0.7903536024865256,0.7903536024865256,0.7608855886368038,0.7608855886368038
2020-01,0.8130720213886568,0.7903536024865256,0.7903536024865256,0.7608855886368038,0.7903536024865256,0.7903536024865256
2020-01,0.8130720213886568,0.7903536024865256,0.7903536024865256,0.7608855886368038,0.7903536024865256,0.7608855886368038
2020-01,0.8130720213886568,0.7903536024865256,0.7903536024865256,0.7608855886368038,0.7608855886368038,0.7903536024865256
2020-01,0.8130720213886568,0.7903536024865256,0.7903536024865256,0.7608855886368038,0.7608855886368038,0.7608855886368038
2020-01,0.8130720213886568,0.7903536024865256,0.7608855886368038,0.7903536024865256,0.7903536024865256,0.7903536024865256
2020-01,0.8130720213886568,0.7903536024865256,0.7608855886368038,0.7903536024865256,0.7903536024865256,0.7608855886368038
2020-01,0.8130720213886568,0.7903536024865256,0.7608855886368038,0.7903536024865256,0.7608855886368038,0.7903536024865256
2020-01,0.8130720213886568,0.7903536024865256,0.7608855886368038,0.7903536024865256,0.7608855886368038,0.7608855886368038
2020-01,0.8130720213886568,0.7903536024865256,0.7608855886368038,0.7608855886368038,0.7903536024865256,0.7903536024865256
2020-01,0.8130720213886568,0.7903536024865256,0.7608855886368038,0.7608855886368038,0.7903536024865256,0.7608855886368038
2020-01,0.8130720213886568,0.7903536024865256,0.7608855886368038,0.7608855886368038,0.7608855886368038,0.7903536024865256
2020-01,0.8130720213886568,0.7903536024865256,0.7608855886368038,0.7608855886368038,0.7608855886368038,0.7608855886368038
2020-01,0.8130720213886568,0.7608855886368038,0.7903536024865256,0.7903536024865256,0.7903536024865256,0.7903536024865256
2020-01,0.8130720213886568,0.7608855886368038,0.7903536024865256,0.7903536024865256,0.7903536024865256,0.7608855886368038
2020-01,0.8130720213886568,0.7608855886368038,0.7903536024865256,0.7903536024865256,0.7608855886368038,0.7903536024865256
2020-01,0.8130720213886568,0.7608855886368038,0.7903536024865256,0.7903536024865256,0.7608855886368038,0.7608855886368038
2020-01,0.8130720213886568,0.7608855886368038,0.7903536024865256,0.7608855886368038,0.7903536024865256,0.7903536024865256
2020-01,0.8130720213886568,0.7608855886368038,0.7903536024865256,0.7608855886368038,0.7903536024865256,0.7608855886368038
2020-01,0.8130720213886568,0.7608855886368038,0.7903536024865256,0.7608855886368038,0.7608855886368038,0.7903536024865256
2020-01,0.8130720213886568,0.7608855886368038,0.7903536024865256,0.7608855886368038,0.7608855886368038,0.7608855886368038
2020-01,0.8130720213886568,0.7608855886368038,0.7608855886368038,0.7903536024865256,0.7903536024865256,0.7903536024865256
2020-01,0.8130720213886568,0.7608855886368038,0.7608855886368038,0.7903536024865256,0.7903536024865256,0.7608855886368038
2020-01,0.8130720213886568,0.7608855886368038,0.7608855886368038,0.7903536024865256,0.7608855886368038,0.7903536024865256
2020-01,0.8130720213886568,0.7608855886368038,0.7608855886368038,0.7903536024865256,0.7608855886368038,0.7608855886368038
2020-01,0.8130720213886568,0.7608855886368038,0.7608855886368038,0.7608855886368038,0.7903536024865256,0.7903536024865256
2020-01,0.8130720213886568,0.7608855886368038,0.7608855886368038,0.7608855886368038,0.7903536024865256,0.7608855886368038
2020-01,0.8130720213886568,0.7608855886368038,0.7608855886368038,0.7608855886368038,0.7608855886368038,0.7903536024865256
2020-01,0.8130720213886568,0.7608855886368038,0.7608855886368038,0.7608855886368038,0.7608855886368038,0.7608855886368038
2020-02,0.8252122254185541,0.5552768133672805,0.5552768133672805,0.5552768133672805,0.5552768133672805,0.5552768133672805
2020-03,0.8428933968190986,0.7300659450120689,0.7300659450120689,0.7300659450120689,0.7300659450120689,0.7300659450120689
2020-04,0.8352190269569177,0.6922974444632882,0.6922974444632882,0.6922974444632882,0.6922974444632882,0.6922974444632882
2020-05,0.8115567032040472,0.6508848121879443,0.6508848121879443,0.6508848121879443,0.6508848121879443,0.6508848121879443
2020-06,0.818060057619305,0.6263374195894971,0.6263374195894971,0.6263374195894971,0.6263374195894971,0.6263374195894971
2020-07,0.7587418830549473,0.7064429403879855,0.7064429403879855,0.7064429403879855,0.7064429403879855,0.7064429403879855
2020-08,0.7275435637998875,0.6181592434612967,0.6181592434612967,0.6181592434612967,0.6181592434612967,0.6181592434612967
2020-09,0.6685143669609498,0.5546369958888558,0.5546369958888558,0.5546369958888558,0.5546369958888558,0.5546369958888558
2020-10,0.7363293827930273,0.7142646153458573,0.7142646153458573,0.7142646153458573,0.7142646153458573,0.7142646153458573
2020-10,0.7363293827930273,0.7142646153458573,0.7142646153458573,0.7142646153458573,0.7142646153458573,0.6991529219383599
2020-10,0.7363293827930273,0.7142646153458573,0.7142646153458573,0.7142646153458573,0.6991529219383599,0.7142646153458573
2020-10,0.7363293827930273,0.7142646153458573,0.7142646153458573,0.7142646153458573,0.6991529219383599,0.6991529219383599
2020-10,0.7363293827930273,0.7142646153458573,0.7142646153458573,0.6991529219383599,0.7142646153458573,0.7142646153458573
2020-10,0.7363293827930273,0.7142646153458573,0.7142646153458573,0.6991529219383599,0.7142646153458573,0.6991529219383599
2020-10,0.7363293827930273,0.7142646153458573,0.7142646153458573,0.6991529219383599,0.6991529219383599,0.7142646153458573
2020-10,0.7363293827930273,0.7142646153458573,0.7142646153458573,0.6991529219383599,0.6991529219383599,0.6991529219383599
2020-10,0.7363293827930273,0.7142646153458573,0.6991529219383599,0.7142646153458573,0.7142646153458573,0.7142646153458573
2020-10,0.7363293827930273,0.7142646153458573,0.6991529219383599,0.7142646153458573,0.7142646153458573,0.6991529219383599
2020-10,0.7363293827930273,0.7142646153458573,0.6991529219383599,0.7142646153458573,0.6991529219383599,0.7142646153458573
2020-10,0.7363293827930273,0.7142646153458573,0.6991529219383599,0.7142646153458573,0.6991529219383599,0.6991529219383599
2020-10,0.7363293827930273,0.7142646153458573,0.6991529219383599,0.6991529219383599,0.7142646153458573,0.7142646153458573
2020-10,0.7363293827930273,0.7142646153458573,0.6991529219383599,0.6991529219383599,0.7142646153458573,0.6991529219383599
2020-10,0.7363293827930273,0.7142646153458573,0.6991529219383599,0.6991529219383599,0.6991529219383599,0.7142646153458573
2020-10,0.7363293827930273,0.7142646153458573,0.6991529219383599,0.6991529219383599,0.6991529219383599,0.6991529219383599
2020-10,0.7363293827930273,0.6991529219383599,0.7142646153458573,0.7142646153458573,0.7142646153458573,0.7142646153458573
2020-10,0.7363293827930273,0.6991529219383599,0.7142646153458573,0.7142646153458573,0.7142646153458573,0.6991529219383599
2020-10,0.7363293827930273,0.6991529219383599,0.7142646153458573,0.7142646153458573,0.6991529219383599,0.7142646153458573
2020-10,0.7363293827930273,0.6991529219383599,0.7142646153458573,0.7142646153458573,0.6991529219383599,0.6991529219383599
2020-10,0.7363293827930273,0.6991529219383599,0.7142646153458573,0.6991529219383599,0.7142646153458573,0.7142646153458573
2020-10,0.7363293827930273,0.6991529219383599,0.7142646153458573,0.6991529219383599,0.7142646153458573,0.6991529219383599
2020-10,0.7363293827930273,0.6991529219383599,0.7142646153458573,0.6991529219383599,0.6991529219383599,0.7142646153458573
2020-10,0.7363293827930273,0.6991529219383599,0.7142646153458573,0.6991529219383599,0.6991529219383599,0.6991529219383599
2020-10,0.7363293827930273,0.6991529219383599,0.6991529219383599,0.7142646153458573,0.7142646153458573,0.7142646153458573
2020-10,0.7363293827930273,0.6991529219383599,0.6991529219383599,0.7142646153458573,0.7142646153458573,0.6991529219383599
2020-10,0.7363293827930273,0.6991529219383599,0.6991529219383599,0.7142646153458573,0.6991529219383599,0.7142646153458573
2020-10,0.7363293827930273,0.6991529219383599,0.6991529219383599,0.7142646153458573,0.6991529219383599,0.6991529219383599
2020-10,0.7363293827930273,0.6991529219383599,0.6991529219383599,0.6991529219383599,0.7142646153458573,0.7142646153458573
2020-10,0.7363293827930273,0.6991529219383599,0.6991529219383599,0.6991529219383599,0.7142646153458573,0.6991529219383599
2020-10,0.7363293827930273,0.6991529219383599,0.6991529219383599,0.6991529219383599,0.6991529219383599,0.7142646153458573
2020-10,0.7363293827930273,0.6991529219383599,0.6991529219383599,0.6991529219383599,0.6991529219383599,0.6991529219383599
2020-10,0.7098174483652114,0.7142646153458573,0.7142646153458573,0.7142646153458573,0.7142646153458573,0.7142646153458573
2020-10,0.7098174483652114,0.7142646153458573,0.7142646153458573,0.7142646153458573,0.7142646153458573,0.6991529219383599
2020-10,0.7098174483652114,0.7142646153458573,0.7142646153458573,0.7142646153458573,0.6991529219383599,0.7142646153458573
2020-10,0.7098174483652114,0.7142646153458573,0.7142646153458573,0.7142646153458573,0.6991529219383599,0.6991529219383599
2020-10,0.7098174483652114,0.7142646153458573,0.7142646153458573,0.6991529219383599,0.7142646153458573,0.7142646153458573
2020-10,0.7098174483652114,0.7142646153458573,0.7142646153458573,0.6991529219383599,0.7142646153458573,0.6991529219383599
2020-10,0.7098174483652114,0.7142646153458573,0.7142646153458573,0.6991529219383599,0.6991529219383599,0.7142646153458573
2020-10,0.7098174483652114,0.7142646153458573,0.7142646153458573,0.6991529219383599,0.6991529219383599,0.6991529219383599
2020-10,0.7098174483652114,0.7142646153458573,0.6991529219383599,0.7142646153458573,0.7142646153458573,0.7142646153458573
2020-10,0.7098174483652114,0.7142646153458573,0.6991529219383599,0.7142646153458573,0.7142646153458573,0.6991529219383599
2020-10,0.7098174483652114,0.7142646153458573,0.6991529219383599,0.7142646153458573,0.6991529219383599,0.7142646153458573
2020-10,0.7098174483652114,0.7142646153458573,0.6991529219383599,0.7142646153458573,0.6991529219383599,0.6991529219383599
2020-10,0.7098174483652114,0.7142646153458573,0.6991529219383599,0.6991529219383599,0.7142646153458573,0.7142646153458573
2020-10,0.7098174483652114,0.7142646153458573,0.6991529219383599,0.6991529219383599,0.7142646153458573,0.6991529219383599
2020-10,0.7098174483652114,0.7142646153458573,0.6991529219383599,0.6991529219383599,0.6991529219383599,0.7142646153458573
2020-10,0.7098174483652114,0.7142646153458573,0.6991529219383599,0.6991529219383599,0.6991529219383599,0.6991529219383599
2020-10,0.7098174483652114,0.6991529219383599,0.7142646153458573,0.7142646153458573,0.7142646153458573,0.7142646153458573
2020-10,0.7098174483652114,0.6991529219383599,0.7142646153458573,0.7142646153458573,0.7142646153458573,0.6991529219383599
2020-10,0.7098174483652114,0.6991529219383599,0.7142646153458573,0.7142646153458573,0.6991529219383599,0.7142646153458573
2020-10,0.7098174483652114,0.6991529219383599,0.7142646153458573,0.7142646153458573,0.6991529219383599,0.6991529219383599
2020-10,0.7098174483652114,0.6991529219383599,0.7142646153458573,0.6991529219383599,0.7142646153458573,0.7142646153458573
2020-10,0.7098174483652114,0.6991529219383599,0.7142646153458573,0.6991529219383599,0.7142646153458573,0.6991529219383599
2020-10,0.7098174483652114,0.6991529219383599,0.7142646153458573,0.6991529219383599,0.6991529219383599,0.7142646153458573
2020-10,0.7098174483652114,0.6991529219383599,0.7142646153458573,0.6991529219383599,0.6991529219383599,0.6991529219383599
2020-10,0.7098174483652114,0.6991529219383599,0.6991529219383599,0.7142646153458573,0.7142646153458573,0.7142646153458573
2020-10,0.7098174483652114,0.6991529219383599,0.6991529219383599,0.7142646153458573,0.7142646153458573,0.6991529219383599
2020-10,0.7098174483652114,0.6991529219383599,0.6991529219383599,0.7142646153458573,0.6991529219383599,0.7142646153458573
2020-10,0.7098174483652114,0.6991529219383599,0.6991529219383599,0.7142646153458573,0.6991529219383599,0.6991529219383599
2020-10,0.7098174483652114,0.6991529219383599,0.6991529219383599,0.6991529219383599,0.7142646153458573,0.7142646153458573
2020-10,0.7098174483652114,0.6991529219383599,0.6991529219383599,0.6991529219383599,0.7142646153458573,0.6991529219383599
2020-10,0.7098174483652114,0.6991529219383599,0.6991529219383599,0.6991529219383599,0.6991529219383599,0.7142646153458573
2020-10,0.7098174483652114,0.6991529219383599,0.6991529219383599,0.6991529219383599,0.6991529219383599,0.6991529219383599
2020-11,0.6330784089733372,0.5967650205379437,0.5967650205379437,0.5967650205379437,0.5967650205379437,0.5967650205379437
2020-12,0.4027436778487692,0.3438481632113216,0.3438481632113216,0.3438481632113216,0.3438481632113216,0.3438481632113216
2021-01,0.1470563436167047,0.13631241704101538,0.13631241704101538,0.13631241704101538,0.13631241704101538,0.13631241704101538
2021-02,0.10169353725023389,0.09922827709928664,0.09922827709928664,0.09922827709928664,0.09922827709928664,0.09922827709928664
2021-03,0.6679333854115002,0.6470602701451575,0.6470602701451575,0.6470602701451575,0.6470602701451575,0.6470602701451575
2021-04,0.8049178002267654,0.7775826557571841,0.7775826557571841,0.7775826557571841,0.7775826557571841,0.7775826557571841
2021-05,0.7569669014317363,0.6721948054095163,0.6721948054095163,0.6721948054095163,0.6721948054095163,0.6721948054095163
2021-06,0.6527442767347924,0.4695077399942189,0.4695077399942189,0.4695077399942189,0.4695077399942189,0.4695077399942189
2021-07,0.6808533025351793,0.5830880581574956,0.5830880581574956,0.5830880581574956,0.5830880581574956,0.5830880581574956
2021-07,0.6808533025351793,0.5830880581574956,0.5830880581574956,0.5830880581574956,0.5830880581574956,0.664666203749628
2021-07,0.6808533025351793,0.5830880581574956,0.5830880581574956,0.5830880581574956,0.664666203749628,0.5830880581574956
2021-07,0.6808533025351793,0.5830880581574956,0.5830880581574956,0.5830880581574956,0.664666203749628,0.664666203749628
2021-07,0.6808533025351793,0.5830880581574956,0.5830880581574956,0.664666203749628,0.5830880581574956,0.5830880581574956
2021-07,0.6808533025351793,0.5830880581574956,0.5830880581574956,0.664666203749628,0.5830880581574956,0.664666203749628
2021-07,0.6808533025351793,0.5830880581574956,0.5830880581574956,0.664666203749628,0.664666203749628,0.5830880581574956
2021-07,0.6808533025351793,0.5830880581574956,0.5830880581574956,0.664666203749628,0.664666203749628,0.664666203749628
2021-07,0.6808533025351793,0.5830880581574956,0.664666203749628,0.5830880581574956,0.5830880581574956,0.5830880581574956
2021-07,0.6808533025351793,0.5830880581574956,0.664666203749628,0.5830880581574956,0.5830880581574956,0.664666203749628
2021-07,0.6808533025351793,0.5830880581574956,0.664666203749628,0.5830880581574956,0.664666203749628,0.5830880581574956
2021-07,0.6808533025351793,0.5830880581574956,0.664666203749628,0.5830880581574956,0.664666203749628,0.664666203749628
2021-07,0.6808533025351793,0.5830880581574956,0.664666203749628,0.664666203749628,0.5830880581574956,0.5830880581574956
2021-07,0.6808533025351793,0.5830880581574956,0.664666203749628,0.664666203749628,0.5830880581574956,0.664666203749628
2021-07,0.6808533025351793,0.5830880581574956,0.664666203749628,0.664666203749628,0.664666203749628,0.5830880581574956
2021-07,0.6808533025351793,0.5830880581574956,0.664666203749628,0.664666203749628,0.664666203749628,0.664666203749628
2021-07,0.6808533025351793,0.664666203749628,0.5830880581574956,0.5830880581574956,0.5830880581574956,0.5830880581574956
2021-07,0.6808533025351793,0.664666203749628,0.5830880581574956,0.5830880581574956,0.5830880581574956,0.664666203749628
2021-07,0.6808533025351793,0.664666203749628,0.5830880581574956,0.5830880581574956,0.664666203749628,0.5830880581574956
2021-07,0.6808533025351793,0.664666203749628,0.5830880581574956,0.5830880581574956,0.664666203749628,0.664666203749628
2021-07,0.6808533025351793,0.664666203749628,0.5830880581574956,0.664666203749628,0.5830880581574956,0.5830880581574956
2021-07,0.6808533025351793,0.664666203749628,0.5830880581574956,0.664666203749628,0.5830880581574956,0.664666203749628
2021-07,0.6808533025351793,0.664666203749628,0.5830880581574956,0.664666203749628,0.664666203749628,0.5830880581574956
2021-07,0.6808533025351793,0.664666203749628,0.5830880581574956,0.664666203749628,0.664666203749628,0.664666203749628
2021-07,0.6808533025351793,0.664666203749628,0.664666203749628,0.5830880581574956,0.5830880581574956,0.5830880581574956
2021-07,0.6808533025351793,0.664666203749628,0.664666203749628,0.5830880581574956,0.5830880581574956,0.664666203749628
2021-07,0.6808533025351793,0.664666203749628,0.664666203749628,0.5830880581574956,0.664666203749628,0.5830880581574956
2021-07,0.6808533025351793,0.664666203749628,0.664666203749628,0.5830880581574956,0.664666203749628,0.664666203749628
2021-07,0.6808533025351793,0.664666203749628,0.664666203749628,0.664666203749628,0.5830880581574956,0.5830880581574956
2021-07,0.6808533025351793,0.664666203749628,0.664666203749628,0.664666203749628,0.5830880581574956,0.664666203749628
2021-07,0.6808533025351793,0.664666203749628,0.664666203749628,0.664666203749628,0.664666203749628,0.5830880581574956
2021-07,0.6808533025351793,0.664666203749628,0.664666203749628,0.664666203749628,0.664666203749628,0.664666203749628
2021-07,0.7267623912971597,0.5830880581574956,0.5830880581574956,0.5830880581574956,0.5830880581574956,0.5830880581574956
2021-07,0.7267623912971597,0.5830880581574956,0.5830880581574956,0.5830880581574956,0.5830880581574956,0.664666203749628
2021-07,0.7267623912971597,0.5830880581574956,0.5830880581574956,0.5830880581574956,0.664666203749628,0.5830880581574956
2021-07,0.7267623912971597,0.5830880581574956,0.5830880581574956,0.5830880581574956,0.664666203749628,0.664666203749628
2021-07,0.7267623912971597,0.5830880581574956,0.5830880581574956,0.664666203749628,0.5830880581574956,0.5830880581574956
2021-07,0.7267623912971597,0.5830880581574956,0.5830880581574956,0.664666203749628,0.5830880581574956,0.664666203749628
2021-07,0.7267623912971597,0.5830880581574956,0.5830880581574956,0.664666203749628,0.664666203749628,0.5830880581574956
2021-07,0.7267623912971597,0.5830880581574956,0.5830880581574956,0.664666203749628,0.664666203749628,0.664666203749628
2021-07,0.7267623912971597,0.5830880581574956,0.664666203749628,0.5830880581574956,0.5830880581574956,0.5830880581574956
2021-07,0.7267623912971597,0.5830880581574956,0.664666203749628,0.5830880581574956,0.5830880581574956,0.664666203749628
2021-07,0.7267623912971597,0.5830880581574956,0.664666203749628,0.5830880581574956,0.664666203749628,0.5830880581574956
2021-07,0.7267623912971597,0.5830880581574956,0.664666203749628,0.5830880581574956,0.664666203749628,0.664666203749628
2021-07,0.7267623912971597,0.5830880581574956,0.664666203749628,0.664666203749628,0.5830880581574956,0.5830880581574956
2021-07,0.7267623912971597,0.5830880581574956,0.664666203749628,0.664666203749628,0.5830880581574956,0.664666203749628
2021-07,0.7267623912971597,0.5830880581574956,0.664666203749628,0.664666203749628,0.664666203749628,0.5830880581574956
2021-07,0.7267623912971597,0.5830880581574956,0.664666203749628,0.664666203749628,0.664666203749628,0.664666203749628
2021-07,0.7267623912971597,0.664666203749628,0.5830880581574956,0.5830880581574956,0.5830880581574956,0.5830880581574956
2021-07,0.7267623912971597,0.664666203749628,0.5830880581574956,0.5830880581574956,0.5830880581574956,0.664666203749628
2021-07,0.7267623912971597,0.664666203749628,0.5830880581574956,0.5830880581574956,0.664666203749628,0.5830880581574956
2021-07,0.7267623912971597,0.664666203749628,0.5830880581574956,0.5830880581574956,0.664666203749628,0.664666203749628
2021-07,0.7267623912971597,0.664666203749628,0.5830880581574956,0.664666203749628,0.5830880581574956,0.5830880581574956
2021-07,0.7267623912971597,0.664666203749628,0.5830880581574956,0.664666203749628,0.5830880581574956,0.664666203749628
2021-07,0.7267623912971597,0.664666203749628,0.5830880581574956,0.664666203749628,0.664666203749628,0.5830880581574956
2021-07,0.7267623912971597,0.664666203749628,0.5830880581574956,0.664666203749628,0.664666203749628,0.664666203749628
2021-07,0.7267623912971597,0.664666203749628,0.664666203749628,0.5830880581574956,0.5830880581574956,0.5830880581574956
2021-07,0.7267623912971597,0.664666203749628,0.664666203749628,0.5830880581574956,0.5830880581574956,0.664666203749628
2021-07,0.7267623912971597,0.664666203749628,0.664666203749628,0.5830880581574956,0.664666203749628,0.5830880581574956
2021-07,0.7267623912971597,0.664666203749628,0.664666203749628,0.5830880581574956,0.664666203749628,0.664666203749628
2021-07,0.7267623912971597,0.664666203749628,0.664666203749628,0.664666203749628,0.5830880581574956,0.5830880581574956
2021-07,0.7267623912971597,0.664666203749628,0.664666203749628,0.664666203749628,0.5830880581574956,0.664666203749628
2021-07,0.7267623912971597,0.664666203749628,0.664666203749628,0.664666203749628,0.664666203749628,0.5830880581574956
2021-07,0.7267623912971597,0.664666203749628,0.664666203749628,0.664666203749628,0.664666203749628,0.664666203749628
2021-08,0.7857816271533908,0.7658160566081407,0.7658160566081407,0.7658160566081407,0.7658160566081407,0.7658160566081407
2021-09,0.7513498724844885,0.6526904119641656,0.6526904119641656,0.6526904119641656,0.6526904119641656,0.6526904119641656
2021-10,0.668434253971403,0.5805566446177497,0.5805566446177497,0.5805566446177497,0.5805566446177497,0.5805566446177497
2021-11,0.5813166043221945,0.5348333338666479,0.5348333338666479,0.5348333338666479,0.5348333338666479,0.5348333338666479
2021-12,0.29200520230576765,0.2877843908783299,0.2877843908783299,0.2877843908783299,0.2877843908783299,0.2877843908783299
2022-01,0.48447502314585195,0.4645565709420362,0.4645565709420362,0.4645565709420362,0.4645565709420362,0.4645565709420362
2022-02,0.503397449214819,0.4685868365609631,0.4685868365609631,0.4685868365609631,0.4685868365609631,0.4685868365609631
2022-03,0.5363068519988097,0.3672101808683001,0.3672101808683001,0.3672101808683001,0.3672101808683001,0.3672101808683001
2022-04,0.7900339490563593,0.7044943607056069,0.7044943607056069,0.7044943607056069,0.7044943607056069,0.7044943607056069
2022-05,0.6490474773383215,0.5870789462496634,0.5870789462496634,0.5870789462496634,0.5870789462496634,0.5870789462496634
2022-05,0.6490474773383215,0.5870789462496634,0.5870789462496634,0.5870789462496634,0.5870789462496634,0.6844973260450005
2022-05,0.6490474773383215,0.5870789462496634,0.5870789462496634,0.5870789462496634,0.6844973260450005,0.5870789462496634
2022-05,0.6490474773383215,0.5870789462496634,0.5870789462496634,0.5870789462496634,0.6844973260450005,0.6844973260450005
2022-05,0.6490474773383215,0.5870789462496634,0.5870789462496634,0.6844973260450005,0.5870789462496634,0.5870789462496634
2022-05,0.6490474773383215,0.5870789462496634,0.5870789462496634,0.6844973260450005,0.5870789462496634,0.6844973260450005
2022-05,0.6490474773383215,0.5870789462496634,0.5870789462496634,0.6844973260450005,0.6844973260450005,0.5870789462496634
2022-05,0.6490474773383215,0.5870789462496634,0.5870789462496634,0.6844973260450005,0.6844973260450005,0.6844973260450005
2022-05,0.6490474773383215,0.5870789462496634,0.6844973260450005,0.5870789462496634,0.5870789462496634,0.5870789462496634
2022-05,0.6490474773383215,0.5870789462496634,0.6844973260450005,0.5870789462496634,0.5870789462496634,0.6844973260450005
2022-05,0.6490474773383215,0.5870789462496634,0.6844973260450005,0.5870789462496634,0.6844973260450005,0.5870789462496634
2022-05,0.6490474773383215,0.5870789462496634,0.6844973260450005,0.5870789462496634,0.6844973260450005,0.6844973260450005
2022-05,0.6490474773383215,0.5870789462496634,0.6844973260450005,0.6844973260450005,0.5870789462496634,0.5870789462496634
2022-05,0.6490474773383215,0.5870789462496634,0.6844973260450005,0.6844973260450005,0.5870789462496634,0.6844973260450005
2022-05,0.6490474773383215,0.5870789462496634,0.6844973260450005,0.6844973260450005,0.6844973260450005,0.5870789462496634
2022-05,0.6490474773383215,0.5870789462496634,0.6844973260450005,0.6844973260450005,0.6844973260450005,0.6844973260450005
2022-05,0.6490474773383215,0.6844973260450005,0.5870789462496634,0.5870789462496634,0.5870789462496634,0.5870789462496634
2022-05,0.6490474773383215,0.6844973260450005,0.5870789462496634,0.5870789462496634,0.5870789462496634,0.6844973260450005
2022-05,0.6490474773383215,0.6844973260450005,0.5870789462496634,0.5870789462496634,0.6844973260450005,0.5870789462496634
2022-05,0.6490474773383215,0.6844973260450005,0.5870789462496634,0.5870789462496634,0.6844973260450005,0.6844973260450005
2022-05,0.6490474773383215,0.6844973260450005,0.5870789462496634,0.6844973260450005,0.5870789462496634,0.5870789462496634
2022-05,0.6490474773383215,0.6844973260450005,0.5870789462496634,0.6844973260450005,0.5870789462496634,0.6844973260450005
2022-05,0.6490474773383215,0.6844973260450005,0.5870789462496634,0.6844973260450005,0.6844973260450005,0.5870789462496634
2022-05,0.6490474773383215,0.6844973260450005,0.5870789462496634,0.6844973260450005,0.6844973260450005,0.6844973260450005
2022-05,0.6490474773383215,0.6844973260450005,0.6844973260450005,0.5870789462496634,0.5870789462496634,0.5870789462496634
2022-05,0.6490474773383215,0.6844973260450005,0.6844973260450005,0.5870789462496634,0.5870789462496634,0.6844973260450005
2022-05,0.6490474773383215,0.6844973260450005,0.6844973260450005,0.5870789462496634,0.6844973260450005,0.5870789462496634
2022-05,0.6490474773383215,0.6844973260450005,0.6844973260450005,0.5870789462496634,0.6844973260450005,0.6844973260450005
2022-05,0.6490474773383215,0.6844973260450005,0.6844973260450005,0.6844973260450005,0.5870789462496634,0.5870789462496634
2022-05,0.6490474773383215,0.6844973260450005,0.6844973260450005,0.6844973260450005,0.5870789462496634,0.6844973260450005
2022-05,0.6490474773383215,0.6844973260450005,0.6844973260450005,0.6844973260450005,0.6844973260450005,0.5870789462496634
2022-05,0.6490474773383215,0.6844973260450005,0.6844973260450005,0.6844973260450005,0.6844973260450005,0.6844973260450005
2022-05,0.7863794492679471,0.5870789462496634,0.5870789462496634,0.5870789462496634,0.5870789462496634,0.5870789462496634
2022-05,0.7863794492679471,0.5870789462496634,0.5870789462496634,0.5870789462496634,0.5870789462496634,0.6844973260450005
2022-05,0.7863794492679471,0.5870789462496634,0.5870789462496634,0.5870789462496634,0.6844973260450005,0.5870789462496634
2022-05,0.7863794492679471,0.5870789462496634,0.5870789462496634,0.5870789462496634,0.6844973260450005,0.6844973260450005
2022-05,0.7863794492679471,0.5870789462496634,0.5870789462496634,0.6844973260450005,0.5870789462496634,0.5870789462496634
2022-05,0.7863794492679471,0.5870789462496634,0.5870789462496634,0.6844973260450005,0.5870789462496634,0.6844973260450005
2022-05,0.7863794492679471,0.5870789462496634,0.5870789462496634,0.6844973260450005,0.6844973260450005,0.5870789462496634
2022-05,0.7863794492679471,0.5870789462496634,0.5870789462496634,0.6844973260450005,0.6844973260450005,0.6844973260450005
2022-05,0.7863794492679471,0.5870789462496634,0.6844973260450005,0.5870789462496634,0.5870789462496634,0.5870789462496634
2022-05,0.7863794492679471,0.5870789462496634,0.6844973260450005,0.5870789462496634,0.5870789462496634,0.6844973260450005
2022-05,0.7863794492679471,0.5870789462496634,0.6844973260450005,0.5870789462496634,0.6844973260450005,0.5870789462496634
2022-05,0.7863794492679471,0.5870789462496634,0.6844973260450005,0.5870789462496634,0.6844973260450005,0.6844973260450005
2022-05,0.7863794492679471,0.5870789462496634,0.6844973260450005,0.6844973260450005,0.5870789462496634,0.5870789462496634
2022-05,0.7863794492679471,0.5870789462496634,0.6844973260450005,0.6844973260450005,0.5870789462496634,0.6844973260450005
2022-05,0.7863794492679471,0.5870789462496634,0.6844973260450005,0.6844973260450005,0.6844973260450005,0.5870789462496634
2022-05,0.7863794492679471,0.5870789462496634,0.6844973260450005,0.6844973260450005,0.6844973260450005,0.6844973260450005
2022-05,0.7863794492679471,0.6844973260450005,0.5870789462496634,0.5870789462496634,0.5870789462496634,0.5870789462496634
2022-05,0.7863794492679471,0.6844973260450005,0.5870789462496634,0.5870789462496634,0.5870789462496634,0.6844973260450005
2022-05,0.7863794492679471,0.6844973260450005,0.5870789462496634,0.5870789462496634,0.6844973260450005,0.5870789462496634
2022-05,0.7863794492679471,0.6844973260450005,0.5870789462496634,0.5870789462496634,0.6844973260450005,0.6844973260450005
2022-05,0.7863794492679471,0.6844973260450005,0.5870789462496634,0.6844973260450005,0.5870789462496634,0.5870789462496634
2022-05,0.7863794492679471,0.6844973260450005,0.5870789462496634,0.6844973260450005,0.5870789462496634,0.6844973260450005
2022-05,0.7863794492679471,0.6844973260450005,0.5870789462496634,0.6844973260450005,0.6844973260450005,0.5870789462496634
2022-05,0.7863794492679471,0.6844973260450005,0.5870789462496634,0.6844973260450005,0.6844973260450005,0.6844973260450005
2022-05,0.7863794492679471,0.6844973260450005,0.6844973260450005,0.5870789462496634,0.5870789462496634,0.5870789462496634
2022-05,0.7863794492679471,0.6844973260450005,0.6844973260450005,0.5870789462496634,0.5870789462496634,0.6844973260450005
2022-05,0.7863794492679471,0.6844973260450005,0.6844973260450005,0.5870789462496634,0.6844973260450005,0.5870789462496634
2022-05,0.7863794492679471,0.6844973260450005,0.6844973260450005,0.5870789462496634,0.6844973260450005,0.6844973260450005
2022-05,0.7863794492679471,0.6844973260450005,0.6844973260450005,0.6844973260450005,0.5870789462496634,0.5870789462496634
2022-05,0.7863794492679471,0.6844973260450005,0.6844973260450005,0.6844973260450005,0.5870789462496634,0.6844973260450005
2022-05,0.7863794492679471,0.6844973260450005,0.6844973260450005,0.6844973260450005,0.6844973260450005,0.5870789462496634
2022-05,0.7863794492679471,0.6844973260450005,0.6844973260450005,0.6844973260450005,0.6844973260450005,0.6844973260450005
2022-06,0.6461540883919618,0.5544744710700469,0.5544744710700469,0.5544744710700469,0.5544744710700469,0.5544744710700469
2022-07,0.756132204146414,0.646455274774328,0.646455274774328,0.646455274774328,0.646455274774328,0.646455274774328
2022-08,0.7269919898819562,0.4764354561386106,0.4764354561386106,0.4764354561386106,0.4764354561386106,0.4764354561386106
2022-09,0.7699059126452081,0.7020324617906786,0.7020324617906786,0.7020324617906786,0.7020324617906786,0.7020324617906786
2022-10,0.7581185108950832,0.6829862488840392,0.6829862488840392,0.6829862488840392,0.6829862488840392,0.6829862488840392
2022-11,0.7628050167381584,0.7494500605699892,0.7494500605699892,0.7494500605699892,0.7494500605699892,0.7494500605699892
2022-12,0.2938305282765158,0.29345413263675346,0.29345413263675346,0.29345413263675346,0.29345413263675346,0.29345413263675346
2023-01,0.6502024228747147,0.6460677884138478,0.6460677884138478,0.6460677884138478,0.6460677884138478,0.6460677884138478
2023-02,0.47930949782948595,0.46734120292299053,0.46734120292299053,0.46734120292299053,0.46734120292299053,0.46734120292299053
2023-02,0.47930949782948595,0.46734120292299053,0.46734120292299053,0.46734120292299053,0.46734120292299053,0.5326711005198973
2023-02,0.47930949782948595,0.46734120292299053,0.46734120292299053,0.46734120292299053,0.5326711005198973,0.46734120292299053
2023-02,0.47930949782948595,0.46734120292299053,0.46734120292299053,0.46734120292299053,0.5326711005198973,0.5326711005198973
2023-02,0.47930949782948595,0.46734120292299053,0.46734120292299053,0.5326711005198973,0.46734120292299053,0.46734120292299053
2023-02,0.47930949782948595,0.46734120292299053,0.46734120292299053,0.5326711005198973,0.46734120292299053,0.5326711005198973
2023-02,0.47930949782948595,0.46734120292299053,0.46734120292299053,0.5326711005198973,0.5326711005198973,0.46734120292299053
2023-02,0.47930949782948595,0.46734120292299053,0.46734120292299053,0.5326711005198973,0.5326711005198973,0.5326711005198973
2023-02,0.47930949782948595,0.46734120292299053,0.5326711005198973,0.46734120292299053,0.46734120292299053,0.46734120292299053
2023-02,0.47930949782948595,0.46734120292299053,0.5326711005198973,0.46734120292299053,0.46734120292299053,0.5326711005198973
2023-02,0.47930949782948595,0.46734120292299053,0.5326711005198973,0.46734120292299053,0.5326711005198973,0.46734120292299053
2023-02,0.47930949782948595,0.46734120292299053,0.5326711005198973,0.46734120292299053,0.5326711005198973,0.5326711005198973
2023-02,0.47930949782948595,0.46734120292299053,0.5326711005198973,0.5326711005198973,0.46734120292299053,0.46734120292299053
2023-02,0.47930949782948595,0.46734120292299053,0.5326711005198973,0.5326711005198973,0.46734120292299053,0.5326711005198973
2023-02,0.47930949782948595,0.46734120292299053,0.5326711005198973,0.5326711005198973,0.5326711005198973,0.46734120292299053
2023-02,0.47930949782948595,0.46734120292299053,0.5326711005198973,0.5326711005198973,0.5326711005198973,0.5326711005198973
2023-02,0.47930949782948595,0.5326711005198973,0.46734120292299053,0.46734120292299053,0.46734120292299053,0.46734120292299053
2023-02,0.47930949782948595,0.5326711005198973,0.46734120292299053,0.46734120292299053,0.46734120292299053,0.5326711005198973
2023-02,0.47930949782948595,0.5326711005198973,0.46734120292299053,0.46734120292299053,0.5326711005198973,0.46734120292299053
2023-02,0.47930949782948595,0.5326711005198973,0.46734120292299053,0.46734120292299053,0.5326711005198973,0.5326711005198973
2023-02,0.47930949782948595,0.5326711005198973,0.46734120292299053,0.5326711005198973,0.46734120292299053,0.46734120292299053
2023-02,0.47930949782948595,0.5326711005198973,0.46734120292299053,0.5326711005198973,0.46734120292299053,0.5326711005198973
2023-02,0.47930949782948595,0.5326711005198973,0.46734120292299053,0.5326711005198973,0.5326711005198973,0.46734120292299053
2023-02,0.47930949782948595,0.5326711005198973,0.46734120292299053,0.5326711005198973,0.5326711005198973,0.5326711005198973
2023-02,0.47930949782948595,0.5326711005198973,0.5326711005198973,0.46734120292299053,0.46734120292299053,0.46734120292299053
2023-02,0.47930949782948595,0.5326711005198973,0.5326711005198973,0.46734120292299053,0.46734120292299053,0.5326711005198973
2023-02,0.47930949782948595,0.5326711005198973,0.5326711005198973,0.46734120292299053,0.5326711005198973,0.46734120292299053
2023-02,0.47930949782948595,0.5326711005198973,0.5326711005198973,0.46734120292299053,0.5326711005198973,0.5326711005198973
2023-02,0.47930949782948595,0.5326711005198973,0.5326711005198973,0.5326711005198973,0.46734120292299053,0.46734120292299053
2023-02,0.47930949782948595,0.5326711005198973,0.5326711005198973,0.5326711005198973,0.46734120292299053,0.5326711005198973
2023-02,0.47930949782948595,0.5326711005198973,0.5326711005198973,0.5326711005198973,0.5326711005198973,0.46734120292299053
2023-02,0.47930949782948595,0.5326711005198973,0.5326711005198973,0.5326711005198973,0.5326711005198973,0.5326711005198973
2023-02,0.5675641259288138,0.46734120292299053,0.46734120292299053,0.46734120292299053,0.46734120292299053,0.46734120292299053
2023-02,0.5675641259288138,0.46734120292299053,0.46734120292299053,0.46734120292299053,0.46734120292299053,0.5326711005198973
2023-02,0.5675641259288138,0.46734120292299053,0.46734120292299053,0.46734120292299053,0.5326711005198973,0.46734120292299053
2023-02,0.5675641259288138,0.46734120292299053,0.46734120292299053,0.46734120292299053,0.5326711005198973,0.5326711005198973
2023-02,0.5675641259288138,0.46734120292299053,0.46734120292299053,0.5326711005198973,0.46734120292299053,0.46734120292299053
2023-02,0.5675641259288138,0.46734120292299053,0.46734120292299053,0.5326711005198973,0.46734120292299053,0.5326711005198973
2023-02,0.5675641259288138,0.46734120292299053,0.46734120292299053,0.5326711005198973,0.5326711005198973,0.46734120292299053
2023-02,0.5675641259288138,0.46734120292299053,0.46734120292299053,0.5326711005198973,0.5326711005198973,0.5326711005198973
2023-02,0.5675641259288138,0.46734120292299053,0.5326711005198973,0.46734120292299053,0.46734120292299053,0.46734120292299053
2023-02,0.5675641259288138,0.46734120292299053,0.5326711005198973,0.46734120292299053,0.46734120292299053,0.5326711005198973
2023-02,0.5675641259288138,0.46734120292299053,0.5326711005198973,0.46734120292299053,0.5326711005198973,0.46734120292299053
2023-02,0.5675641259288138,0.46734120292299053,0.5326711005198973,0.46734120292299053,0.5326711005198973,0.5326711005198973
2023-02,0.5675641259288138,0.46734120292299053,0.5326711005198973,0.5326711005198973,0.46734120292299053,0.46734120292299053
2023-02,0.5675641259288138,0.46734120292299053,0.5326711005198973,0.5326711005198973,0.46734120292299053,0.5326711005198973
2023-02,0.5675641259288138,0.46734120292299053,0.5326711005198973,0.5326711005198973,0.5326711005198973,0.46734120292299053
2023-02,0.5675641259288138,0.46734120292299053,0.5326711005198973,0.5326711005198973,0.5326711005198973,0.5326711005198973
2023-02,0.5675641259288138,0.5326711005198973,0.46734120292299053,0.46734120292299053,0.46734120292299053,0.46734120292299053
2023-02,0.5675641259288138,0.5326711005198973,0.46734120292299053,0.46734120292299053,0.46734120292299053,0.5326711005198973
2023-02,0.5675641259288138,0.5326711005198973,0.46734120292299053,0.46734120292299053,0.5326711005198973,0.46734120292299053
2023-02,0.5675641259288138,0.5326711005198973,0.46734120292299053,0.46734120292299053,0.5326711005198973,0.5326711005198973
2023-02,0.5675641259288138,0.5326711005198973,0.46734120292299053,0.5326711005198973,0.46734120292299053,0.46734120292299053
2023-02,0.5675641259288138,0.5326711005198973,0.46734120292299053,0.5326711005198973,0.46734120292299053,0.5326711005198973
2023-02,0.5675641259288138,0.5326711005198973,0.46734120292299053,0.5326711005198973,0.5326711005198973,0.46734120292299053
2023-02,0.5675641259288138,0.5326711005198973,0.46734120292299053,0.5326711005198973,0.5326711005198973,0.5326711005198973
2023-02,0.5675641259288138,0.5326711005198973,0.5326711005198973,0.46734120292299053,0.46734120292299053,0.46734120292299053
2023-02,0.5675641259288138,0.5326711005198973,0.5326711005198973,0.46734120292299053,0.46734120292299053,0.5326711005198973
2023-02,0.5675641259288138,0.5326711005198973,0.5326711005198973,0.46734120292299053,0.5326711005198973,0.46734120292299053
2023-02,0.5675641259288138,0.5326711005198973,0.5326711005198973,0.46734120292299053,0.5326711005198973,0.5326711005198973
2023-02,0.5675641259288138,0.5326711005198973,0.5326711005198973,0.5326711005198973,0.46734120292299053,0.46734120292299053
2023-02,0.5675641259288138,0.5326711005198973,0.5326711005198973,0.5326711005198973,0.46734120292299053,0.5326711005198973
2023-02,0.5675641259288138,0.5326711005198973,0.5326711005198973,0.5326711005198973,0.5326711005198973,0.46734120292299053
2023-02,0.5675641259288138,0.5326711005198973,0.5326711005198973,0.5326711005198973,0.5326711005198973,0.5326711005198973
2023-03,0.6352483425916742,0.6046326835962041,0.6046326835962041,0.6046326835962041,0.6046326835962041,0.6046326835962041
2023-04,0.7552926670314538,0.6638409527984616,0.6638409527984616,0.6638409527984616,0.6638409527984616,0.6638409527984616
2023-05,0.7436151547465528,0.5028234839466984,0.5028234839466984,0.5028234839466984,0.5028234839466984,0.5028234839466984
2023-06,0.7162023507028964,0.5348074443164217,0.5348074443164217,0.5348074443164217,0.5348074443164217,0.5348074443164217
2023-07,0.8025064684389775,0.7145036661376186,0.7145036661376186,0.7145036661376186,0.7145036661376186,0.7145036661376186
2023-08,0.7662783536686175,0.6649352742783454,0.6649352742783454,0.6649352742783454,0.6649352742783454,0.6649352742783454
2023-09,0.7042660898336379,0.43064404132974515,0.43064404132974515,0.43064404132974515,0.43064404132974515,0.43064404132974515
2023-10,0.817577311278643,0.7889619085408194,0.7889619085408194,0.7889619085408194,0.7889619085408194,0.7889619085408194
2023-11,0.8151066020407117,0.7787742276069584,0.7787742276069584,0.7787742276069584,0.7787742276069584,0.7787742276069584
2023-11,0.8151066020407117,0.7787742276069584,0.7787742276069584,0.7787742276069584,0.7787742276069584,0.47319550351827616
2023-11,0.8151066020407117,0.7787742276069584,0.7787742276069584,0.7787742276069584,0.47319550351827616,0.7787742276069584
2023-11,0.8151066020407117,0.7787742276069584,0.7787742276069584,0.7787742276069584,0.47319550351827616,0.47319550351827616
2023-11,0.8151066020407117,0.7787742276069584,0.7787742276069584,0.47319550351827616,0.7787742276069584,0.7787742276069584
2023-11,0.8151066020407117,0.7787742276069584,0.7787742276069584,0.47319550351827616,0.7787742276069584,0.47319550351827616
2023-11,0.8151066020407117,0.7787742276069584,0.7787742276069584,0.47319550351827616,0.47319550351827616,0.7787742276069584
2023-11,0.8151066020407117,0.7787742276069584,0.7787742276069584,0.47319550351827616,0.47319550351827616,0.47319550351827616
2023-11,0.8151066020407117,0.7787742276069584,0.47319550351827616,0.7787742276069584,0.7787742276069584,0.7787742276069584
2023-11,0.8151066020407117,0.7787742276069584,0.47319550351827616,0.7787742276069584,0.7787742276069584,0.47319550351827616
2023-11,0.8151066020407117,0.7787742276069584,0.47319550351827616,0.7787742276069584,0.47319550351827616,0.7787742276069584
2023-11,0.8151066020407117,0.7787742276069584,0.47319550351827616,0.7787742276069584,0.47319550351827616,0.47319550351827616
2023-11,0.8151066020407117,0.7787742276069584,0.47319550351827616,0.47319550351827616,0.7787742276069584,0.7787742276069584
2023-11,0.8151066020407117,0.7787742276069584,0.47319550351827616,0.47319550351827616,0.7787742276069584,0.47319550351827616
2023-11,0.8151066020407117,0.7787742276069584,0.47319550351827616,0.47319550351827616,0.47319550351827616,0.7787742276069584
2023-11,0.8151066020407117,0.7787742276069584,0.47319550351827616,0.47319550351827616,0.47319550351827616,0.47319550351827616
2023-11,0.8151066020407117,0.47319550351827616,0.7787742276069584,0.7787742276069584,0.7787742276069584,0.7787742276069584
2023-11,0.8151066020407117,0.47319550351827616,0.7787742276069584,0.7787742276069584,0.7787742276069584,0.47319550351827616
2023-11,0.8151066020407117,0.47319550351827616,0.7787742276069584,0.7787742276069584,0.47319550351827616,0.7787742276069584
2023-11,0.8151066020407117,0.47319550351827616,0.7787742276069584,0.7787742276069584,0.47319550351827616,0.47319550351827616
2023-11,0.8151066020407117,0.47319550351827616,0.7787742276069584,0.47319550351827616,0.7787742276069584,0.7787742276069584
2023-11,0.8151066020407117,0.47319550351827616,0.7787742276069584,0.47319550351827616,0.7787742276069584,0.47319550351827616
2023-11,0.8151066020407117,0.47319550351827616,0.7787742276069584,0.47319550351827616,0.47319550351827616,0.7787742276069584
2023-11,0.8151066020407117,0.47319550351827616,0.7787742276069584,0.47319550351827616,0.47319550351827616,0.47319550351827616
2023-11,0.8151066020407117,0.47319550351827616,0.47319550351827616,0.7787742276069584,0.7787742276069584,0.7787742276069584
2023-11,0.8151066020407117,0.47319550351827616,0.47319550351827616,0.7787742276069584,0.7787742276069584,0.47319550351827616
2023-11,0.8151066020407117,0.47319550351827616,0.47319550351827616,0.7787742276069584,0.47319550351827616,0.7787742276069584
2023-11,0.8151066020407117,0.47319550351827616,0.47319550351827616,0.7787742276069584,0.47319550351827616,0.47319550351827616
2023-11,0.8151066020407117,0.47319550351827616,0.47319550351827616,0.47319550351827616,0.7787742276069584,0.7787742276069584
2023-11,0.8151066020407117,0.47319550351827616,0.47319550351827616,0.47319550351827616,0.7787742276069584,0.47319550351827616
2023-11,0.8151066020407117,0.47319550351827616,0.47319550351827616,0.47319550351827616,0.47319550351827616,0.7787742276069584
2023-11,0.8151066020407117,0.47319550351827616,0.47319550351827616,0.47319550351827616,0.47319550351827616,0.47319550351827616
2023-11,0.4984195756309378,0.7787742276069584,0.7787742276069584,0.7787742276069584,0.7787742276069584,0.7787742276069584
2023-11,0.4984195756309378,0.7787742276069584,0.7787742276069584,0.7787742276069584,0.7787742276069584,0.47319550351827616
2023-11,0.4984195756309378,0.7787742276069584,0.7787742276069584,0.7787742276069584,0.47319550351827616,0.7787742276069584
2023-11,0.4984195756309378,0.7787742276069584,0.7787742276069584,0.7787742276069584,0.47319550351827616,0.47319550351827616
2023-11,0.4984195756309378,0.7787742276069584,0.7787742276069584,0.47319550351827616,0.7787742276069584,0.7787742276069584
2023-11,0.4984195756309378,0.7787742276069584,0.7787742276069584,0.47319550351827616,0.7787742276069584,0.47319550351827616
2023-11,0.4984195756309378,0.7787742276069584,0.7787742276069584,0.47319550351827616,0.47319550351827616,0.7787742276069584
2023-11,0.4984195756309378,0.7787742276069584,0.7787742276069584,0.47319550351827616,0.47319550351827616,0.47319550351827616
2023-11,0.4984195756309378,0.7787742276069584,0.47319550351827616,0.7787742276069584,0.7787742276069584,0.7787742276069584
2023-11,0.4984195756309378,0.7787742276069584,0.47319550351827616,0.7787742276069584,0.7787742276069584,0.47319550351827616
2023-11,0.4984195756309378,0.7787742276069584,0.47319550351827616,0.7787742276069584,0.47319550351827616,0.7787742276069584
2023-11,0.4984195756309378,0.7787742276069584,0.47319550351827616,0.7787742276069584,0.47319550351827616,0.47319550351827616
2023-11,0.4984195756309378,0.7787742276069584,0.47319550351827616,0.47319550351827616,0.7787742276069584,0.7787742276069584
2023-11,0.4984195756309378,0.7787742276069584,0.47319550351827616,0.47319550351827616,0.7787742276069584,0.47319550351827616
2023-11,0.4984195756309378,0.7787742276069584,0.47319550351827616,0.47319550351827616,0.47319550351827616,0.7787742276069584
2023-11,0.4984195756309378,0.7787742276069584,0.47319550351827616,0.47319550351827616,0.47319550351827616,0.47319550351827616
2023-11,0.4984195756309378,0.47319550351827616,0.7787742276069584,0.7787742276069584,0.7787742276069584,0.7787742276069584
2023-11,0.4984195756309378,0.47319550351827616,0.7787742276069584,0.7787742276069584,0.7787742276069584,0.47319550351827616
2023-11,0.4984195756309378,0.47319550351827616,0.7787742276069584,0.7787742276069584,0.47319550351827616,0.7787742276069584
2023-11,0.4984195756309378,0.47319550351827616,0.7787742276069584,0.7787742276069584,0.47319550351827616,0.47319550351827616
2023-11,0.4984195756309378,0.47319550351827616,0.7787742276069584,0.47319550351827616,0.7787742276069584,0.7787742276069584
2023-11,0.4984195756309378,0.47319550351827616,0.7787742276069584,0.47319550351827616,0.7787742276069584,0.47319550351827616
2023-11,0.4984195756309378,0.47319550351827616,0.7787742276069584,0.47319550351827616,0.47319550351827616,0.7787742276069584
2023-11,0.4984195756309378,0.47319550351827616,0.7787742276069584,0.47319550351827616,0.47319550351827616,0.47319550351827616
2023-11,0.4984195756309378,0.47319550351827616,0.47319550351827616,0.7787742276069584,0.7787742276069584,0.7787742276069584
2023-11,0.4984195756309378,0.47319550351827616,0.47319550351827616,0.7787742276069584,0.7787742276069584,0.47319550351827616
2023-11,0.4984195756309378,0.47319550351827616,0.47319550351827616,0.7787742276069584,0.47319550351827616,0.7787742276069584
2023-11,0.4984195756309378,0.47319550351827616,0.47319550351827616,0.7787742276069584,0.47319550351827616,0.47319550351827616
2023-11,0.4984195756309378,0.47319550351827616,0.47319550351827616,0.47319550351827616,0.7787742276069584,0.7787742276069584
2023-11,0.4984195756309378,0.47319550351827616,0.47319550351827616,0.47319550351827616,0.7787742276069584,0.47319550351827616
2023-11,0.4984195756309378,0.47319550351827616,0.47319550351827616,0.47319550351827616,0.47319550351827616,0.7787742276069584
2023-11,0.4984195756309378,0.47319550351827616,0.47319550351827616,0.47319550351827616,0.47319550351827616,0.47319550351827616
2023-12,0.3071487616969216,0.29930904121063834,0.29930904121063834,0.29930904121063834,0.29930904121063834,0.29930904121063834
2024-01,0.18774906309738573,0.1798863107137273,0.1798863107137273,0.1798863107137273,0.1798863107137273,0.1798863107137273
2024-02,0.5170417396863186,0.5040898720365043,0.5040898720365043,0.5040898720365043,0.5040898720365043,0.5040898720365043
2024-03,0.6419418582497642,0.5456271922297118,0.5456271922297118,0.5456271922297118,0.5456271922297118,0.5456271922297118
2024-04,0.7163001195691245,0.6856585314863582,0.6856585314863582,0.6856585314863582,0.6856585314863582,0.6856585314863582
2024-05,0.6413031861278484,0.42575919994282857,0.42575919994282857,0.42575919994282857,0.42575919994282857,0.42575919994282857
2024-06,0.6465639776146546,0.5667688597361373,0.5667688597361373,0.5667688597361373,0.5667688597361373,0.5667688597361373
2024-07,0.7466112845737882,0.6610578126697559,0.6610578126697559,0.6610578126697559,0.6610578126697559,0.6610578126697559
2024-08,0.7239291817578427,0.6685957564862822,0.6685957564862822,0.6685957564862822,0.6685957564862822,0.6685957564862822
2024-08,0.7239291817578427,0.6685957564862822,0.6685957564862822,0.6685957564862822,0.6685957564862822,0.41161921767020465
2024-08,0.7239291817578427,0.6685957564862822,0.6685957564862822,0.6685957564862822,0.41161921767020465,0.6685957564862822
2024-08,0.7239291817578427,0.6685957564862822,0.6685957564862822,0.6685957564862822,0.41161921767020465,0.41161921767020465
2024-08,0.7239291817578427,0.6685957564862822,0.6685957564862822,0.41161921767020465,0.6685957564862822,0.6685957564862822
2024-08,0.7239291817578427,0.6685957564862822,0.6685957564862822,0.41161921767020465,0.6685957564862822,0.41161921767020465
2024-08,0.7239291817578427,0.6685957564862822,0.6685957564862822,0.41161921767020465,0.41161921767020465,0.6685957564862822
2024-08,0.7239291817578427,0.6685957564862822,0.6685957564862822,0.41161921767020465,0.41161921767020465,0.41161921767020465
2024-08,0.7239291817578427,0.6685957564862822,0.41161921767020465,0.6685957564862822,0.6685957564862822,0.6685957564862822
2024-08,0.7239291817578427,0.6685957564862822,0.41161921767020465,0.6685957564862822,0.6685957564862822,0.41161921767020465
2024-08,0.7239291817578427,0.6685957564862822,0.41161921767020465,0.6685957564862822,0.41161921767020465,0.6685957564862822
2024-08,0.7239291817578427,0.6685957564862822,0.41161921767020465,0.6685957564862822,0.41161921767020465,0.41161921767020465
2024-08,0.7239291817578427,0.6685957564862822,0.41161921767020465,0.41161921767020465,0.6685957564862822,0.6685957564862822
2024-08,0.7239291817578427,0.6685957564862822,0.41161921767020465,0.41161921767020465,0.6685957564862822,0.41161921767020465
2024-08,0.7239291817578427,0.6685957564862822,0.41161921767020465,0.41161921767020465,0.41161921767020465,0.6685957564862822
2024-08,0.7239291817578427,0.6685957564862822,0.41161921767020465,0.41161921767020465,0.41161921767020465,0.41161921767020465
2024-08,0.7239291817578427,0.41161921767020465,0.6685957564862822,0.6685957564862822,0.6685957564862822,0.6685957564862822
2024-08,0.7239291817578427,0.41161921767020465,0.6685957564862822,0.6685957564862822,0.6685957564862822,0.41161921767020465
2024-08,0.7239291817578427,0.41161921767020465,0.6685957564862822,0.6685957564862822,0.41161921767020465,0.6685957564862822
2024-08,0.7239291817578427,0.41161921767020465,0.6685957564862822,0.6685957564862822,0.41161921767020465,0.41161921767020465
2024-08,0.7239291817578427,0.41161921767020465,0.6685957564862822,0.41161921767020465,0.6685957564862822,0.6685957564862822
2024-08,0.7239291817578427,0.41161921767020465,0.6685957564862822,0.41161921767020465,0.6685957564862822,0.41161921767020465
2024-08,0.7239291817578427,0.41161921767020465,0.6685957564862822,0.41161921767020465,0.41161921767020465,0.6685957564862822
2024-08,0.7239291817578427,0.41161921767020465,0.6685957564862822,0.41161921767020465,0.41161921767020465,0.41161921767020465
2024-08,0.7239291817578427,0.41161921767020465,0.41161921767020465,0.6685957564862822,0.6685957564862822,0.6685957564862822
2024-08,0.7239291817578427,0.41161921767020465,0.41161921767020465,0.6685957564862822,0.6685957564862822,0.41161921767020465
2024-08,0.7239291817578427,0.41161921767020465,0.41161921767020465,0.6685957564862822,0.41161921767020465,0.6685957564862822
2024-08,0.7239291817578427,0.41161921767020465,0.41161921767020465,0.6685957564862822,0.41161921767020465,0.41161921767020465
2024-08,0.7239291817578427,0.41161921767020465,0.41161921767020465,0.41161921767020465,0.6685957564862822,0.6685957564862822
2024-08,0.7239291817578427,0.41161921767020465,0.41161921767020465,0.41161921767020465,0.6685957564862822,0.41161921767020465
2024-08,0.7239291817578427,0.41161921767020465,0.41161921767020465,0.41161921767020465,0.41161921767020465,0.6685957564862822
2024-08,0.7239291817578427,0.41161921767020465,0.41161921767020465,0.41161921767020465,0.41161921767020465,0.41161921767020465
2024-08,0.5485932066205762,0.6685957564862822,0.6685957564862822,0.6685957564862822,0.6685957564862822,0.6685957564862822
2024-08,0.5485932066205762,0.6685957564862822,0.6685957564862822,0.6685957564862822,0.6685957564862822,0.41161921767020465
2024-08,0.5485932066205762,0.6685957564862822,0.6685957564862822,0.6685957564862822,0.41161921767020465,0.6685957564862822
2024-08,0.5485932066205762,0.6685957564862822,0.6685957564862822,0.6685957564862822,0.41161921767020465,0.41161921767020465
2024-08,0.5485932066205762,0.6685957564862822,0.6685957564862822,0.41161921767020465,0.6685957564862822,0.6685957564862822
2024-08,0.5485932066205762,0.6685957564862822,0.6685957564862822,0.41161921767020465,0.6685957564862822,0.41161921767020465
2024-08,0.5485932066205762,0.6685957564862822,0.6685957564862822,0.41161921767020465,0.41161921767020465,0.6685957564862822
2024-08,0.5485932066205762,0.6685957564862822,0.6685957564862822,0.41161921767020465,0.41161921767020465,0.41161921767020465
2024-08,0.5485932066205762,0.6685957564862822,0.41161921767020465,0.6685957564862822,0.6685957564862822,0.6685957564862822
2024-08,0.5485932066205762,0.6685957564862822,0.41161921767020465,0.6685957564862822,0.6685957564862822,0.41161921767020465
2024-08,0.5485932066205762,0.6685957564862822,0.41161921767020465,0.6685957564862822,0.41161921767020465,0.6685957564862822
2024-08,0.5485932066205762,0.6685957564862822,0.41161921767020465,0.6685957564862822,0.41161921767020465,0.41161921767020465
2024-08,0.5485932066205762,0.6685957564862822,0.41161921767020465,0.41161921767020465,0.6685957564862822,0.6685957564862822
2024-08,0.5485932066205762,0.6685957564862822,0.41161921767020465,0.41161921767020465,0.6685957564862822,0.41161921767020465
2024-08,0.5485932066205762,0.6685957564862822,0.41161921767020465,0.41161921767020465,0.41161921767020465,0.6685957564862822
2024-08,0.5485932066205762,0.6685957564862822,0.41161921767020465,0.41161921767020465,0.41161921767020465,0.41161921767020465
2024-08,0.5485932066205762,0.41161921767020465,0.6685957564862822,0.6685957564862822,0.6685957564862822,0.6685957564862822
2024-08,0.5485932066205762,0.41161921767020465,0.6685957564862822,0.6685957564862822,0.6685957564862822,0.41161921767020465
2024-08,0.5485932066205762,0.41161921767020465,0.6685957564862822,0.6685957564862822,0.41161921767020465,0.6685957564862822
2024-08,0.5485932066205762,0.41161921767020465,0.6685957564862822,0.6685957564862822,0.41161921767020465,0.41161921767020465
2024-08,0.5485932066205762,0.41161921767020465,0.6685957564862822,0.41161921767020465,0.6685957564862822,0.6685957564862822
2024-08,0.5485932066205762,0.41161921767020465,0.6685957564862822,0.41161921767020465,0.6685957564862822,0.41161921767020465
2024-08,0.5485932066205762,0.41161921767020465,0.6685957564862822,0.41161921767020465,0.41161921767020465,0.6685957564862822
2024-08,0.5485932066205762,0.41161921767020465,0.6685957564862822,0.41161921767020465,0.41161921767020465,0.41161921767020465
2024-08,0.5485932066205762,0.41161921767020465,0.41161921767020465,0.6685957564862822,0.6685957564862822,0.6685957564862822
2024-08,0.5485932066205762,0.41161921767020465,0.41161921767020465,0.6685957564862822,0.6685957564862822,0.41161921767020465
2024-08,0.5485932066205762,0.41161921767020465,0.41161921767020465,0.6685957564862822,0.41161921767020465,0.6685957564862822
2024-08,0.5485932066205762,0.41161921767020465,0.41161921767020465,0.6685957564862822,0.41161921767020465,0.41161921767020465
2024-08,0.5485932066205762,0.41161921767020465,0.41161921767020465,0.41161921767020465,0.6685957564862822,0.6685957564862822
2024-08,0.5485932066205762,0.41161921767020465,0.41161921767020465,0.41161921767020465,0.6685957564862822,0.41161921767020465
2024-08,0.5485932066205762,0.41161921767020465,0.41161921767020465,0.41161921767020465,0.41161921767020465,0.6685957564862822
2024-08,0.5485932066205762,0.41161921767020465,0.41161921767020465,0.41161921767020465,0.41161921767020465,0.41161921767020465
2024-09,0.5827751497027086,0.44559429278581203,0.44559429278581203,0.44559429278581203,0.44559429278581203,0.44559429278581203
2024-10,0.696892000195244,0.6179328392402492,0.6179328392402492,0.6179328392402492,0.6179328392402492,0.6179328392402492
2024-11,0.7385631033437897,0.7141534987367352,0.7141534987367352,0.7141534987367352,0.7141534987367352,0.7141534987367352
2024-12,0.6908917766094632,0.6564952771440223,0.6564952771440223,0.6564952771440223,0.6564952771440223,0.6564952771440223
2025-01,0.7392769607843137,0.7053512383030784,0.7053512383030784,0.7053512383030784,0.7053512383030784,0.7053512383030784
2025-02,0.5509161248433145,0.5262306228638932,0.5262306228638932,0.5262306228638932,0.5262306228638932,0.5262306228638932
2025-03,0.5814450864662897,0.49284772509341,0.49284772509341,0.49284772509341,0.49284772509341,0.49284772509341
2025-04,0.6745387095707567,0.5628804532747113,0.5628804532747113,0.5628804532747113,0.5628804532747113,0.5628804532747113
2025-05,0.7630276899967406,0.6733305463838148,0.6733305463838148,0.6733305463838148,0.6733305463838148,0.6733305463838148
2025-05,0.7630276899967406,0.6733305463838148,0.6733305463838148,0.6733305463838148,0.6733305463838148,0.6771029659755976
2025-05,0.7630276899967406,0.6733305463838148,0.6733305463838148,0.6733305463838148,0.6771029659755976,0.6733305463838148
2025-05,0.7630276899967406,0.6733305463838148,0.6733305463838148,0.6733305463838148,0.6771029659755976,0.6771029659755976
2025-05,0.7630276899967406,0.6733305463838148,0.6733305463838148,0.6771029659755976,0.6733305463838148,0.6733305463838148
2025-05,0.7630276899967406,0.6733305463838148,0.6733305463838148,0.6771029659755976,0.6733305463838148,0.6771029659755976
2025-05,0.7630276899967406,0.6733305463838148,0.6733305463838148,0.6771029659755976,0.6771029659755976,0.6733305463838148
2025-05,0.7630276899967406,0.6733305463838148,0.6733305463838148,0.6771029659755976,0.6771029659755976,0.6771029659755976
2025-05,0.7630276899967406,0.6733305463838148,0.6771029659755976,0.6733305463838148,0.6733305463838148,0.6733305463838148
2025-05,0.7630276899967406,0.6733305463838148,0.6771029659755976,0.6733305463838148,0.6733305463838148,0.6771029659755976
2025-05,0.7630276899967406,0.6733305463838148,0.6771029659755976,0.6733305463838148,0.6771029659755976,0.6733305463838148
2025-05,0.7630276899967406,0.6733305463838148,0.6771029659755976,0.6733305463838148,0.6771029659755976,0.6771029659755976
2025-05,0.7630276899967406,0.6733305463838148,0.6771029659755976,0.6771029659755976,0.6733305463838148,0.6733305463838148
2025-05,0.7630276899967406,0.6733305463838148,0.6771029659755976,0.6771029659755976,0.6733305463838148,0.6771029659755976
2025-05,0.7630276899967406,0.6733305463838148,0.6771029659755976,0.6771029659755976,0.6771029659755976,0.6733305463838148
2025-05,0.7630276899967406,0.6733305463838148,0.6771029659755976,0.6771029659755976,0.6771029659755976,0.6771029659755976
2025-05,0.7630276899967406,0.6771029659755976,0.6733305463838148,0.6733305463838148,0.6733305463838148,0.6733305463838148
2025-05,0.7630276899967406,0.6771029659755976,0.6733305463838148,0.6733305463838148,0.6733305463838148,0.6771029659755976
2025-05,0.7630276899967406,0.6771029659755976,0.6733305463838148,0.6733305463838148,0.6771029659755976,0.6733305463838148
2025-05,0.7630276899967406,0.6771029659755976,0.6733305463838148,0.6733305463838148,0.6771029659755976,0.6771029659755976
2025-05,0.7630276899967406,0.6771029659755976,0.6733305463838148,0.6771029659755976,0.6733305463838148,0.6733305463838148
2025-05,0.7630276899967406,0.6771029659755976,0.6733305463838148,0.6771029659755976,0.6733305463838148,0.6771029659755976
2025-05,0.7630276899967406,0.6771029659755976,0.6733305463838148,0.6771029659755976,0.6771029659755976,0.6733305463838148
2025-05,0.7630276899967406,0.6771029659755976,0.6733305463838148,0.6771029659755976,0.6771029659755976,0.6771029659755976
2025-05,0.7630276899967406,0.6771029659755976,0.6771029659755976,0.6733305463838148,0.6733305463838148,0.6733305463838148
2025-05,0.7630276899967406,0.6771029659755976,0.6771029659755976,0.6733305463838148,0.6733305463838148,0.6771029659755976
2025-05,0.7630276899967406,0.6771029659755976,0.6771029659755976,0.6733305463838148,0.6771029659755976,0.6733305463838148
2025-05,0.7630276899967406,0.6771029659755976,0.6771029659755976,0.6733305463838148,0.6771029659755976,0.6771029659755976
2025-05,0.7630276899967406,0.6771029659755976,0.6771029659755976,0.6771029659755976,0.6733305463838148,0.6733305463838148
2025-05,0.7630276899967406,0.6771029659755976,0.6771029659755976,0.6771029659755976,0.6733305463838148,0.6771029659755976
2025-05,0.7630276899967406,0.6771029659755976,0.6771029659755976,0.6771029659755976,0.6771029659755976,0.6733305463838148
2025-05,0.7630276899967406,0.6771029659755976,0.6771029659755976,0.6771029659755976,0.6771029659755976,0.6771029659755976
2025-05,0.8049920642793373,0.6733305463838148,0.6733305463838148,0.6733305463838148,0.6733305463838148,0.6733305463838148
2025-05,0.8049920642793373,0.6733305463838148,0.6733305463838148,0.6733305463838148,0.6733305463838148,0.6771029659755976
2025-05,0.8049920642793373,0.6733305463838148,0.6733305463838148,0.6733305463838148,0.6771029659755976,0.6733305463838148
2025-05,0.8049920642793373,0.6733305463838148,0.6733305463838148,0.6733305463838148,0.6771029659755976,0.6771029659755976
2025-05,0.8049920642793373,0.6733305463838148,0.6733305463838148,0.6771029659755976,0.6733305463838148,0.6733305463838148
2025-05,0.8049920642793373,0.6733305463838148,0.6733305463838148,0.6771029659755976,0.6733305463838148,0.6771029659755976
2025-05,0.8049920642793373,0.6733305463838148,0.6733305463838148,0.6771029659755976,0.6771029659755976,0.6733305463838148
2025-05,0.8049920642793373,0.6733305463838148,0.6733305463838148,0.6771029659755976,0.6771029659755976,0.6771029659755976
2025-05,0.8049920642793373,0.6733305463838148,0.6771029659755976,0.6733305463838148,0.6733305463838148,0.6733305463838148
2025-05,0.8049920642793373,0.6733305463838148,0.6771029659755976,0.6733305463838148,0.6733305463838148,0.6771029659755976
2025-05,0.8049920642793373,0.6733305463838148,0.6771029659755976,0.6733305463838148,0.6771029659755976,0.6733305463838148
2025-05,0.8049920642793373,0.6733305463838148,0.6771029659755976,0.6733305463838148,0.6771029659755976,0.6771029659755976
2025-05,0.8049920642793373,0.6733305463838148,0.6771029659755976,0.6771029659755976,0.6733305463838148,0.6733305463838148
2025-05,0.8049920642793373,0.6733305463838148,0.6771029659755976,0.6771029659755976,0.6733305463838148,0.6771029659755976
2025-05,0.8049920642793373,0.6733305463838148,0.6771029659755976,0.6771029659755976,0.6771029659755976,0.6733305463838148
2025-05,0.8049920642793373,0.6733305463838148,0.6771029659755976,0.6771029659755976,0.6771029659755976,0.6771029659755976
2025-05,0.8049920642793373,0.6771029659755976,0.6733305463838148,0.6733305463838148,0.6733305463838148,0.6733305463838148
2025-05,0.8049920642793373,0.6771029659755976,0.6733305463838148,0.6733305463838148,0.6733305463838148,0.6771029659755976
2025-05,0.8049920642793373,0.6771029659755976,0.6733305463838148,0.6733305463838148,0.6771029659755976,0.6733305463838148
2025-05,0.8049920642793373,0.6771029659755976,0.6733305463838148,0.6733305463838148,0.6771029659755976,0.6771029659755976
2025-05,0.8049920642793373,0.6771029659755976,0.6733305463838148,0.6771029659755976,0.6733305463838148,0.6733305463838148
2025-05,0.8049920642793373,0.6771029659755976,0.6733305463838148,0.6771029659755976,0.6733305463838148,0.6771029659755976
2025-05,0.8049920642793373,0.6771029659755976,0.6733305463838148,0.6771029659755976,0.6771029659755976,0.6733305463838148
2025-05,0.8049920642793373,0.6771029659755976,0.6733305463838148,0.6771029659755976,0.6771029659755976,0.6771029659755976
2025-05,0.8049920642793373,0.6771029659755976,0.6771029659755976,0.6733305463838148,0.6733305463838148,0.6733305463838148
2025-05,0.8049920642793373,0.6771029659755976,0.6771029659755976,0.6733305463838148,0.6733305463838148,0.6771029659755976
2025-05,0.8049920642793373,0.6771029659755976,0.6771029659755976,0.6733305463838148,0.6771029659755976,0.6733305463838148
2025-05,0.8049920642793373,0.6771029659755976,0.6771029659755976,0.6733305463838148,0.6771029659755976,0.6771029659755976
2025-05,0.8049920642793373,0.6771029659755976,0.6771029659755976,0.6771029659755976,0.6733305463838148,0.6733305463838148
2025-05,0.8049920642793373,0.6771029659755976,0.6771029659755976,0.6771029659755976,0.6733305463838148,0.6771029659755976
2025-05,0.8049920642793373,0.6771029659755976,0.6771029659755976,0.6771029659755976,0.6771029659755976,0.6733305463838148
2025-05,0.8049920642793373,0.6771029659755976,0.6771029659755976,0.6771029659755976,0.6771029659755976,0.6771029659755976
2025-06,0.6345900691957334,0.5736397863869819,0.5736397863869819,0.5736397863869819,0.5736397863869819,0.5736397863869819
2025-07,0.7716339318189332,0.7068958106008002,0.7068958106008002,0.7068958106008002,0.7068958106008002,0.7068958106008002
2025-08,0.7600541860926495,0.7068514821611613,0.7068514821611613,0.7068514821611613,0.7068514821611613,0.7068514821611613
2025-09,0.6579693372571065,0.5945684400797979,0.5945684400797979,0.5945684400797979,0.5945684400797979,0.5945684400797979
2025-10,0.7079911474121761,0.6349874491197571,0.6349874491197571,0.6349874491197571,0.6349874491197571,0.6349874491197571
2025-11,0.6804020765135733,0.6536437859870992,0.6536437859870992,0.6536437859870992,0.6536437859870992,0.6536437859870992
2025-12,0.711423682858115,0.6793703207409811,0.6793703207409811,0.6793703207409811,0.6793703207409811,0.6793703207409811
2026-01,0.5489759403855229,0.5485450391511298,0.5485450391511298,0.5485450391511298,0.5485450391511298,0.5485450391511298
2026-02,0.3863170308802791,0.3862861697443688,0.3862861697443688,0.3862861697443688,0.3862861697443688,0.3862861697443688
2026-03,0.47552050612262886,0.47552050612262886,0.47552050612262886,0.47552050612262886,0.47552050612262886,0.47552050612262886
