observationTime,rf_prediction,actual,ECMWF,xgb_predicted,ensemble_rf_pred
2024-02-02,4.748999999999996,0.5,6.074154,5.1479783,
2024-02-03,1.195,3.4000000000000004,2.074088,1.3907126,
2024-02-04,3.380999999999999,6.5,3.84731,3.0992777,
2024-02-05,3.576,6.2,4.7991076,4.224149,
2024-02-06,8.456000000000001,2.8,8.335825,7.5955973,
2024-02-07,2.769,7.4,2.6900911,2.1142664,
2024-02-08,0.074,0.0,0.07622337,0.17522427,
2024-02-09,0.2080000000000001,0.0,0.13666962,0.26650414,
2024-02-10,0.408,0.2,0.6503565,0.8309268,
2024-02-11,2.4149161648777424,0.5,3.5317202,2.5456467,
2024-02-12,1.7119580824388705,0.5,1.8576199,1.5084001,
2024-02-13,0.6829999999999999,0.3999999999999999,0.8275362,0.956005,
2024-02-14,0.523,0.0,0.28944707,0.4158274,
2024-02-15,0.6330000000000002,0.3,1.0823988,0.7332081,
2024-02-16,0.7200000000000003,0.0,1.3902049,1.0074291,
2024-02-17,1.9530000000000003,2.7,2.3755968,1.9015828,
2024-02-18,0.0929999999999999,0.1,0.0017809868,0.14285202,
2024-02-19,0.256,0.0,0.24795395,0.14602166,
2024-02-20,3.346568695351208,1.9,3.4326496,2.3362145,
2024-02-21,3.164000000000001,2.4000000000000004,3.8835042,2.6537979,
2024-02-22,4.481999999999998,1.1,5.5699763,5.060084,
2024-02-23,3.7239999999999993,5.0,4.748333,3.7280416,
2024-02-24,0.811,1.9,0.7106545,0.7420442,
2024-02-25,0.944,0.0,0.89169955,0.9891641,
2024-02-26,1.0199999999999998,6.4,2.2250981,1.2997284,
2024-02-27,5.0360000000000005,8.1,9.998505,6.3156075,
2024-02-28,4.176000000000001,3.7,8.967644,5.3519907,
2024-02-29,0.3739999999999999,0.2,0.44077635,0.33549494,
2024-03-01,0.008,0.0,0.019443877,0.07604268,
2024-03-02,0.0069999999999999,0.0,0.0,0.07727839,
2024-03-03,0.03,0.0,0.018585712,0.02509256,
2024-03-04,0.041,0.0,0.20284891,0.004792995,
2024-03-05,0.0,0.0,0.0045877695,0.017945636,
2024-03-06,0.022,0.0,0.0,0.077486604,
2024-03-07,0.031,0.0,0.0,0.0252573,
2024-03-08,0.003,0.0,0.005848497,0.0,
2024-03-09,0.0069999999999999,0.0,0.0,0.0,
2024-03-10,0.009,0.0,0.0025215894,0.041191757,
2024-03-11,0.009,0.0,0.0,0.07643627,
2024-03-12,1.1299999999999997,0.6,3.2034478,1.2974039,
2024-03-13,0.144,0.0,0.5494238,0.32110137,
2024-03-14,0.017,0.0,0.014635533,0.032300055,
2024-03-15,0.055,0.0,0.0,0.038627274,
2024-03-16,0.244,2.7,0.41146255,0.2571052,
2024-03-17,1.1360000000000003,0.3,1.3447311,1.0437909,
2024-03-18,0.302,0.0,0.63125145,0.63093984,
2024-03-19,0.048,0.0,0.20966095,0.03424094,
2024-03-20,0.278,0.0,0.6167414,0.48253158,
2024-03-21,0.736,0.0,0.039393246,0.28831926,
2024-03-22,1.4789371236583058,0.5,2.7142186,1.4405954,
2024-03-23,1.0239580824388703,3.2,2.1622396,1.2819567,
2024-03-24,2.776522898450403,6.0,2.8685074,1.9735397,
2024-03-25,0.8520000000000003,0.8,0.8349905,0.92240864,
2024-03-26,0.423,0.0,0.5414829,0.51776975,
2024-03-27,0.002,0.0,0.0,0.1747837,
2024-03-28,3.606,0.1,4.540748,5.5187135,
2024-03-29,1.5109790412194355,0.7,2.1830401,1.340584,
2024-03-30,0.024,0.0,0.0,0.18154678,
2024-03-31,0.021,0.0,2.3841858e-07,0.7482024,
2024-04-01,0.2790000000000001,0.0,0.0648365,0.7797132,
2024-04-02,3.641000000000001,0.4,7.958274,4.5112453,
2024-04-03,4.305999999999998,3.4,4.9518223,5.336594,
2024-04-04,0.5860000000000001,0.5,0.5035057,0.6086155,
2024-04-05,5.981000000000002,2.5,6.0896792,4.855226,
2024-04-06,4.157999999999999,12.5,6.046164,5.4619584,
2024-04-07,0.017,0.0,0.004184723,2.4742196,
2024-04-08,0.149,0.0,0.1506654,0.0,
2024-04-09,0.1129999999999999,0.0,0.0,0.4206735,
2024-04-10,0.022,0.0,0.0,0.045018822,
2024-04-11,0.1079999999999999,0.0,0.09716642,0.115145884,
2024-04-12,0.5870000000000001,0.0,1.1331592,0.67644393,
2024-04-13,2.237,1.8,2.8025818,1.703157,
2024-04-14,2.866000000000001,2.7,4.579856,3.6050026,
2024-04-15,0.0899999999999999,0.0,0.011353016,0.23480222,
2024-04-16,8.031999999999998,6.2,7.727127,7.8010736,
2024-04-17,1.523,0.8,1.3253489,1.1317291,
2024-04-18,0.249,0.1,0.3760785,0.39687905,
2024-04-19,0.794,0.5,1.0173889,0.92102104,
2024-04-20,1.7180000000000004,4.9,3.4869409,2.116069,
2024-04-21,5.825000000000002,1.6,5.987462,4.6654325,
2024-04-22,16.163999999999994,25.6,17.158865,17.55985,
2024-04-23,0.8249999999999998,0.0,0.6330662,0.64033186,
2024-04-24,3.5720000000000005,9.4,4.3038125,3.893802,
2024-04-25,1.7645228984504022,5.8,3.5253363,2.8737154,
2024-04-26,0.8519999999999998,0.0,0.64019656,0.93243027,
2024-04-27,0.0919999999999999,0.0,0.10356939,0.21597922,
2024-04-28,0.953,0.0,0.37245226,0.74310416,
2024-04-29,0.0,0.0,0.002982974,0.050914437,
2024-04-30,0.0,0.0,0.0,0.10670447,
2024-05-01,0.0,0.0,0.0,0.023195442,
2024-05-02,0.0,0.0,0.0,0.0,
2024-05-03,0.0,0.0,0.0,0.11637194,
2024-05-04,0.0,0.0,0.22866476,0.03450504,
2024-05-05,0.0819999999999999,0.0,0.42938483,0.4152883,
2024-05-06,2.524000000000001,3.4000000000000004,8.760599,4.6489987,
2024-05-07,1.0659999999999998,0.0,1.2098017,1.4417311,
2024-05-08,0.0,0.0,0.0,0.22700955,
2024-05-09,0.9380000000000004,0.5,1.3910613,0.92316943,
2024-05-10,2.179501939669838,3.6,3.8723664,2.3141482,
2024-05-11,0.1009999999999999,0.0,0.0,0.11224537,
2024-05-12,0.0539999999999999,0.0,0.0,0.040005594,
2024-05-13,0.004,0.0,0.0,0.10567997,
2024-05-14,0.543,0.0,0.41912222,0.22596416,
2024-05-15,0.006,0.0,0.012348831,0.053773716,
2024-05-16,0.0,0.0,0.0,0.09029442,
2024-05-17,0.0,0.0,0.0,0.011912287,
2024-05-18,1.5049999999999994,1.3,2.389474,3.4024835,
2024-05-19,1.4329999999999996,0.3,0.8396025,1.2702892,
2024-05-20,0.2369999999999999,0.2,0.7492533,0.85686195,
2024-05-21,4.013999999999999,9.5,5.2129936,4.0239596,
2024-05-22,1.1099999999999997,0.0,1.6223106,1.476957,
2024-05-23,3.0060000000000007,0.5,7.8662834,4.3092465,
2024-05-24,0.05,0.0,0.19664574,0.27060813,
2024-05-25,1.103,9.9,1.9126282,1.1782229,
2024-05-26,0.0799999999999999,0.0,0.0067059994,0.7430326,
2024-05-27,0.0,0.0,0.0,0.03359039,
2024-05-28,0.06,0.0,0.19853592,0.0,
2024-05-29,0.18,7.300000000000001,0.011761665,0.6625603,
2024-05-30,1.606,0.0,1.2752547,1.7335883,
2024-05-31,0.7759999999999998,1.2999999999999998,2.7354546,2.5355325,
2024-06-01,1.398,0.2,0.9097543,2.233641,
2024-06-02,2.0560000000000005,2.6,4.131689,3.1825871,
2024-06-03,2.132000000000001,0.0,1.8832724,2.1913671,
2024-06-04,0.021,0.0,0.0,0.22715317,
2024-06-05,1.6479999999999997,0.0,1.0313889,0.8526571,
2024-06-06,0.1639999999999999,0.0,0.4563223,0.80383205,
2024-06-07,0.9529999999999998,5.800000000000001,1.3824685,1.1510655,
2024-06-08,1.014,1.1,1.5373087,0.9128074,
2024-06-09,6.1240000000000006,8.4,11.307598,6.065234,
2024-06-10,10.459,1.1,15.838942,9.614622,
2024-06-11,0.008,0.1,0.0020332336,0.1992242,
2024-06-12,0.0,0.0,0.0,0.39237735,
2024-06-13,1.588,0.3,1.7603358,0.9348052,
2024-06-14,10.965,12.2,10.061937,9.86046,
2024-06-15,0.013,0.0,0.09446335,0.21041098,
2024-06-16,0.2599999999999999,0.3,0.49978286,0.52414536,
2024-06-17,4.393,6.0,5.476635,3.9879286,
2024-06-18,0.5940000000000001,0.0,0.3503363,0.7790639,
2024-06-19,21.92199999999999,7.7,22.79161,15.233735,
2024-06-20,0.24,1.8,0.43452454,0.0628135,
2024-06-21,0.018,0.0,0.0,0.26007095,
2024-06-22,3.755,0.3,5.750095,2.9507926,
2024-06-23,1.2679999999999998,1.5,1.0765939,1.2398865,
2024-06-24,1.2909999999999997,0.1,0.93775326,1.042132,
2024-06-25,0.023,0.0,0.018956065,0.21715307,
2024-06-26,0.008,0.0,0.0,0.033606313,
2024-06-27,0.0,0.0,0.0,4.269717,
2024-06-28,0.0139999999999999,0.0,0.0,0.024684457,
2024-06-29,1.9709999999999996,0.1,1.4841006,0.9220811,
2024-06-30,0.0,0.0,0.0034441948,0.049699903,
2024-07-01,12.718000000000002,0.0,16.64853,11.420296,
2024-07-02,0.053,0.1,0.054147243,3.4301715,
2024-07-03,0.103,0.0,0.1810298,0.5453933,
2024-07-04,5.743,1.4,5.6966033,5.5064535,
2024-07-05,5.718000000000002,0.7000000000000001,6.8214526,6.2644277,
2024-07-06,0.008,0.0,0.0017812252,0.12855421,
2024-07-07,14.870000000000005,19.6,18.64148,8.865962,
2024-07-08,4.362,21.3,1.4080868,1.230059,
2024-07-09,0.009,0.0,0.0,1.0679686,
2024-07-10,0.0,0.0,0.0017225742,0.092055105,
2024-07-11,0.428,11.4,0.5337982,0.95235646,
2024-07-12,5.474000000000002,1.9,13.000397,4.204667,
2024-07-13,4.664999999999999,9.8,3.8070726,1.9856074,
2024-07-14,4.960000000000003,0.0,2.627388,4.9221635,
2024-07-15,0.8959999999999999,0.0,0.10592461,0.29451704,
2024-07-16,0.003,0.0,0.014560819,0.6423893,
2024-07-17,1.118,10.9,0.8218975,2.9708476,
2024-07-18,0.762,0.0,0.42988455,0.5756782,
2024-07-19,0.066,0.0,0.034403324,0.09569855,
2024-07-20,0.9269999999999996,0.0,0.88470197,0.39573547,
2024-07-21,0.129,0.0,0.04382515,0.15025301,
2024-07-22,0.384,0.0,0.31502724,1.7433988,
2024-07-23,1.116,0.0,0.1559143,0.33427584,
2024-07-24,10.575000000000005,4.6,10.157965,8.997302,
2024-07-25,9.247000000000003,19.1,11.819588,13.21257,
2024-07-26,8.105000000000004,0.9,7.793103,3.8369632,
2024-07-27,1.11,0.0,0.33041596,1.430812,
2024-07-28,4.834999999999999,13.4,11.469008,4.9549623,
2024-07-29,37.32699999999999,68.9,54.12685,38.12653,
2024-07-30,2.4749999999999988,0.1,1.4671936,5.912772,
2024-07-31,0.17,0.0,0.25919342,0.3529002,
2024-08-01,0.8230000000000001,0.0,0.9169748,0.7007404,
2024-08-02,0.031,0.0,0.14368343,0.21515955,
2024-08-03,0.032,0.0,0.034467697,0.23993751,
2024-08-04,0.0,0.0,0.0,0.20360644,
2024-08-05,1.735,0.9,3.5937755,1.6859413,
2024-08-06,0.8500000000000003,0.0,0.624176,1.2367928,
2024-08-07,0.4230000000000001,1.9,0.8048141,0.9432089,
2024-08-08,0.162,0.0,0.086444736,0.15397002,
2024-08-09,2.33,2.3000000000000003,4.123796,3.838672,
2024-08-10,1.4129999999999998,0.0,1.2338637,1.920151,
2024-08-11,1.297,2.1,1.924466,1.3291291,
2024-08-12,1.2319999999999995,0.0,0.9108319,0.9264645,
2024-08-13,1.286,0.0,1.111319,1.1697052,
2024-08-14,0.0,0.0,0.0,0.1469105,
2024-08-15,0.0,0.0,0.0,0.12855373,
2024-08-16,1.5849999999999995,0.2,1.152694,0.814417,
2024-08-17,2.7270000000000003,0.7,2.60509,1.1265445,
2024-08-18,1.2899999999999998,0.0,2.0404577,3.4049094,
2024-08-19,5.612999999999997,4.0,8.809057,7.1648707,
2024-08-20,0.7090000000000002,0.0,0.26919794,0.81704956,
2024-08-21,19.792999999999985,0.0,33.315384,25.061924,
2024-08-22,6.722000000000004,7.1,6.5293884,8.297976,
2024-08-23,0.295,0.0,0.0,0.3258698,
2024-08-24,0.137,0.0,0.0,0.5391733,
2024-08-25,0.026,0.0,0.0,0.42626148,
2024-08-26,0.298,0.0,0.62266815,1.014935,
2024-08-27,0.643,0.0,0.17947865,0.15096529,
2024-08-28,0.0,0.0,0.0,0.885497,
2024-08-29,0.044,0.0,0.026955783,0.55117095,
2024-08-30,0.476,0.0,0.0,0.664885,
2024-08-31,1.4759999999999998,0.0,2.5213242,2.126526,
2024-09-01,0.034,0.0,0.0,0.15482663,
2024-09-02,2.862000000000001,0.0,6.917137,3.643526,
2024-09-03,0.038,0.0,0.011074066,0.14554316,
2024-09-04,0.043,0.0,0.0,0.41389197,
2024-09-05,0.093,0.0,0.042449474,0.747269,
2024-09-06,0.043,0.0,0.0,0.11238289,
2024-09-07,0.058,0.0,0.0,0.49957168,
2024-09-08,0.017,0.0,0.0,0.08634603,
2024-09-09,0.002,0.0,0.0,0.49252406,
2024-09-10,2.842999999999999,0.0,1.3175812,3.023602,
2024-09-11,0.3289999999999999,0.2,0.70519733,1.0625119,
2024-09-12,5.344000000000002,6.2,5.6305804,4.2064695,
2024-09-13,3.936000000000001,11.0,4.6105804,5.844127,
2024-09-14,2.124,0.0,4.671623,6.426348,
2024-09-15,0.2840000000000001,0.1,0.12136459,0.4451449,
2024-09-16,0.28,0.0,0.0,0.07234885,
2024-09-17,0.048,0.0,0.0,0.33656514,
2024-09-18,0.019,0.0,0.0,0.1908699,
2024-09-19,0.002,0.0,0.0,0.037803307,
2024-09-20,0.0,0.0,0.0,3.146549,
2024-09-21,0.0,0.0,0.0,0.17278951,
2024-09-22,0.066,0.0,0.037171423,0.0,
2024-09-23,0.023,0.0,0.0,0.0,
2024-09-24,0.0,0.0,0.0,0.11046846,
2024-09-25,0.4319999999999999,0.3,0.57720554,0.6183351,
2024-09-26,0.745,0.5,1.5522275,1.3388027,
2024-09-27,0.8959999999999999,1.1,1.3707638,1.8615444,
2024-09-28,0.004,1.9,0.17582822,0.3004066,
2024-09-29,0.033,0.0,0.0,0.2532952,
2024-09-30,0.0139999999999999,0.0,0.0,0.08419861,
2024-10-01,2.811999999999999,0.0,3.0195475,1.9590727,
2024-10-02,0.209,0.0,0.23038459,0.09580808,
2024-10-03,9.126,16.8,12.450736,8.45423,
2024-10-04,1.3939999999999997,1.4,0.8086872,0.67590666,
2024-10-05,0.0,0.0,0.0035617352,0.13135876,
2024-10-06,0.383,0.1,0.35430884,0.20966215,
2024-10-07,0.187,0.9,0.38831902,0.38881156,
2024-10-08,0.015,0.0,0.0,0.29409468,
2024-10-09,1.6789999999999994,0.1,0.091612816,0.1891325,
2024-10-10,0.66,0.0,0.24059105,0.7821502,
2024-10-11,5.207999999999999,6.5,5.760958,6.913841,
2024-10-12,0.142,0.0,0.07707834,0.3035627,
2024-10-13,7.252000000000002,3.1,7.529348,6.861259,
2024-10-14,0.3,2.9,0.328784,0.29596686,
2024-10-15,0.8120000000000003,0.0,1.1071367,1.0396814,
2024-10-16,0.049,0.0,0.0,0.13211703,
2024-10-17,0.016,0.0,0.0008317381,0.09931442,
2024-10-18,0.017,0.0,0.0,0.08662684,
2024-10-19,0.002,0.0,0.0,0.11337056,
2024-10-20,0.0,0.0,0.0,0.054778524,
2024-10-21,1.0269999999999997,0.0,0.86268497,0.6469237,
2024-10-22,0.9790000000000004,0.0,1.7605906,1.1485696,
2024-10-23,0.1349999999999999,0.1,0.25154752,0.5123504,
2024-10-24,0.2670000000000001,0.0,0.13976932,0.11270393,
2024-10-25,0.0559999999999999,0.0,0.14112574,0.11449148,
2024-10-26,0.254,0.0,0.6987753,0.41214818,
2024-10-27,0.343,0.3,0.4144895,0.22265714,
2024-10-28,0.957,0.3,0.22544974,0.05718513,
2024-10-29,0.0859999999999999,0.3,0.243671,0.09847733,
2024-10-30,1.3299999999999996,2.2,1.7840973,1.2686559,
2024-10-31,2.27,4.0,2.3793783,2.2995238,
2024-11-01,3.066999999999999,4.9,4.699455,4.223224,
2024-11-02,0.088,0.2,0.023693085,0.2671417,
2024-11-03,1.378,1.4,1.6765832,1.5213943,
2024-11-04,0.048,0.8,0.0045876503,0.12299832,
2024-11-05,0.177,0.2,0.06189327,0.21202904,
2024-11-06,0.3170000000000001,0.0,0.3475604,0.20618592,
2024-11-07,0.0559999999999999,0.1,0.12895894,0.01427989,
2024-11-08,0.056,0.0,0.05213076,0.03141333,
2024-11-09,0.0819999999999999,0.0,0.18987675,0.03936994,
2024-11-10,0.006,0.0,0.015376193,0.18315287,
2024-11-11,0.001,0.0,5.9604645e-08,0.05051609,
2024-11-12,0.1799999999999999,0.0,0.40730974,0.260474,
2024-11-13,0.477,0.2,0.6245852,0.55081356,
2024-11-14,2.296,2.9,3.2433565,1.888269,
2024-11-15,0.046,0.0,0.013595343,0.15511872,
2024-11-16,0.684,0.5,0.797254,0.6572113,
2024-11-17,2.528979041219436,2.3,3.4095018,2.2643156,
2024-11-18,2.11,0.5,1.265656,1.2961777,
2024-11-19,3.385,3.0,4.4222264,3.6111224,
2024-11-20,2.600024838120241,5.0,3.645856,2.779922,
2024-11-21,3.918999999999999,3.2,4.452629,3.3327193,
2024-11-22,1.367,0.7,1.0886502,1.1401056,
2024-11-23,0.1129999999999999,0.1,0.06607747,0.20380485,
2024-11-24,0.008,0.0,0.0026127994,0.18695313,
2024-11-25,0.2700000000000001,0.0,0.058866024,0.58865005,
2024-11-26,1.3959999999999997,0.0,2.0167687,1.4627771,
2024-11-27,1.8449999999999995,4.3,1.9241881,1.1132584,
2024-11-28,4.579000000000001,4.5,8.396393,4.6119685,
2024-11-29,1.3560000000000003,0.7000000000000001,1.1503468,0.97530025,
2024-11-30,0.04,0.0,0.0035616755,0.22325248,
2024-12-01,0.012,0.0,0.008370101,0.10936423,
2024-12-02,0.066,0.0,0.07234377,0.019112665,
2024-12-03,1.952979041219435,3.1,2.67523,1.5187471,
2024-12-04,1.231,1.7000000000000002,0.81257725,0.6228396,
2024-12-05,0.2069999999999999,0.0,0.19715416,0.17848423,
2024-12-06,0.151,0.0,0.083571196,0.07510691,
2024-12-07,0.855,0.0,1.0017741,0.66731787,
2024-12-08,1.329979041219435,0.2,1.6429201,1.288514,
2024-12-09,0.024,0.0,0.0017808676,0.27940506,
2024-12-10,0.065,0.0,0.039328575,0.08616099,
2024-12-11,0.055,0.0,0.045476913,0.1186852,
2024-12-12,0.473,0.0,0.29306182,0.24707507,
2024-12-13,0.03,0.0,0.0,0.09816419,
2024-12-14,0.541,0.0,0.84595627,0.5879926,
2024-12-15,1.8239999999999996,1.6,1.9093292,1.2444693,
2024-12-16,5.609999999999998,10.4,7.381693,5.8905525,
2024-12-17,0.2789999999999998,0.5,0.22438622,0.25170434,
2024-12-18,3.470999999999999,2.9000000000000004,4.378453,3.4835603,
2024-12-19,1.4900000000000002,5.8,1.8559093,1.2598118,
2024-12-20,2.035,0.0,2.3674765,1.8980407,
2024-12-21,0.1519999999999999,0.0,0.03787613,0.26019758,
2024-12-22,1.871979041219436,0.4,1.6575832,1.5227596,
2024-12-23,3.923999999999998,0.8,4.30685,3.477616,
2024-12-24,0.2639999999999999,0.7000000000000001,0.14050984,0.63538986,
2024-12-25,0.5009999999999999,0.0,0.24512792,0.15133071,
2024-12-26,0.5279999999999998,0.1,0.29758716,0.21548508,
2024-12-27,0.8489999999999998,0.0,0.8175793,0.59035546,
2024-12-28,1.1079999999999992,3.0,0.9411472,0.73402554,
2024-12-29,2.331,0.0,0.30152035,0.287453,
2024-12-30,3.009999999999999,0.1,3.7274475,2.5003982,
2024-12-31,3.5200000000000014,3.6,1.5732329,2.1476314,
2025-01-01,3.285979041219436,0.7000000000000001,5.0136724,3.285871,
2025-01-02,6.409,3.4,5.584646,6.493416,
2025-01-03,2.451,0.8,1.8957067,6.0494204,
2025-01-04,1.7050000000000003,0.3,1.1593015,1.1010071,
2025-01-05,1.527,0.7,2.2101517,1.5057933,
2025-01-06,2.490000000000001,4.4,2.998252,2.3746831,
2025-01-07,3.862979041219435,3.7,4.5579815,4.946858,
2025-01-08,2.05,2.3,0.80000186,0.9210584,
2025-01-09,1.255,0.5,1.3397496,1.2510301,
2025-01-10,1.643000000000001,0.6,1.4914593,1.4560143,
2025-01-11,0.4820000000000001,0.0,0.2781803,0.3975011,
2025-01-12,0.9090000000000004,1.1,0.8748866,0.98621345,
2025-01-13,0.074,0.0,0.036483586,0.18236518,
2025-01-14,0.7180000000000001,0.9,1.533415,0.96481854,
2025-01-15,0.498,0.5,0.3472619,0.30826077,
2025-01-16,0.7389999999999999,0.2,0.6552352,0.5827595,
2025-01-17,0.0979999999999999,0.0,0.03292179,0.16393451,
2025-01-18,0.036,0.0,0.02362895,0.12317774,
2025-01-19,0.101,0.0,0.18081877,0.11738333,
2025-01-20,0.118,0.0,0.11115846,0.1445354,
2025-01-21,0.032,0.0,0.027579062,0.035909668,
2025-01-22,0.4150000000000001,0.1,0.820318,0.5634986,
2025-01-23,0.1479999999999999,0.0,0.17497039,0.07852554,
2025-01-24,1.2119790412194356,0.3,1.6433119,1.3619132,
2025-01-25,0.1689999999999999,0.0,0.2745614,0.4123158,
2025-01-26,0.4190000000000001,0.0,0.6162438,0.6280492,
2025-01-27,0.044,0.1,0.16971567,0.22890541,
2025-01-28,0.0579999999999999,0.0,0.23424584,0.46170983,
2025-01-29,0.905,3.9,1.0380542,1.0616559,
2025-01-30,0.215,0.0,0.16821074,0.41511613,
2025-01-31,5.088000000000001,1.0,7.871188,5.512503,
2025-02-01,4.751,5.2,5.00943,3.6590335,
2025-02-02,1.3709999999999996,0.9000000000000001,0.7909312,0.5982051,
2025-02-03,1.3239999999999994,0.5,0.7470814,0.6753763,
2025-02-04,0.328,0.1,0.47275412,0.32542968,
2025-02-05,0.1579999999999999,0.0,0.16351557,0.097150475,
2025-02-06,0.1649999999999999,0.1,0.29871166,0.22739013,
2025-02-07,0.134,0.0,0.06521994,0.084903404,
2025-02-08,0.019,0.0,0.009410318,0.033924438,
2025-02-09,0.019,0.0,0.01181443,0.044273086,
2025-02-10,0.289,0.0,0.07605907,0.051409967,
2025-02-11,0.42,0.0,0.11610438,0.052541725,
2025-02-12,0.0889999999999999,0.0,0.0,0.012363702,
2025-02-13,0.1629999999999999,0.0,0.0,0.04557018,
2025-02-14,0.379,0.0,0.24095957,0.060745433,
2025-02-15,0.1949999999999999,0.2,0.24265471,0.13748074,
2025-02-16,0.105,0.0,0.035507947,0.09488343,
2025-02-17,5.404999999999999,2.4,6.299965,5.7661657,
2025-02-18,1.915999999999999,0.8,1.8545132,1.209071,
2025-02-19,0.057,0.5,0.09609008,0.10204021,
2025-02-20,0.244,0.6,0.16779387,0.12313762,
2025-02-21,0.03,0.0,0.0,0.109283835,
2025-02-22,0.01,0.0,0.0,0.044151373,
2025-02-23,0.004,0.0,0.0,0.0790844,
2025-02-24,0.0,0.0,0.0,0.026404124,
2025-02-25,0.0,0.0,0.0,0.009509506,
2025-02-26,0.02,0.0,0.038710117,0.041668795,
2025-02-27,0.473,2.3,0.41250533,0.27135888,
2025-02-28,8.10795808243887,2.7,3.4046297,1.7069796,
2025-03-01,1.80795808243887,2.9,2.0741098,1.1215715,
2025-03-02,1.4000000000000004,0.2,0.67780113,0.5021403,
2025-03-03,0.239,0.0,0.27257788,0.25220495,
2025-03-04,0.4920000000000003,0.0,0.48705894,0.7928464,
2025-03-05,0.826,0.0,0.4176253,0.4288958,
2025-03-06,0.058,0.0,0.025239468,4.796275,
2025-03-07,0.014,0.0,0.0,4.185484,
2025-03-08,0.5399999999999998,0.0,0.0,0.0,
2025-03-09,0.5199999999999999,0.0,0.0,0.04754868,
2025-03-10,0.004,0.0,0.0,0.20849682,
2025-03-11,0.348,0.0,0.0,0.4659231,
2025-03-12,0.96,0.0,0.0,1.0928868,
2025-03-13,13.028999999999996,4.9,15.62002,8.124969,
2025-03-14,1.9689580824388708,9.1,3.3485384,2.9767253,
2025-03-15,0.008,0.0,0.00011730194,0.25351828,
2025-03-16,1.5380457969008052,1.2999999999999998,2.2181988,2.4491775,
2025-03-17,0.0579999999999999,0.0,0.005342722,2.564112,
2025-03-18,1.0279999999999996,0.8,1.8608747,1.0632292,
2025-03-19,0.006,0.0,0.0140891075,0.08913435,
2025-03-20,0.0,0.0,0.0,0.09825711,
2025-03-21,0.0,0.0,0.0,0.09726222,
2025-03-22,0.043,0.0,0.025862932,0.018276077,
2025-03-23,1.064501939669838,0.0,2.3366532,1.1701202,
2025-03-24,6.362999999999997,5.8,6.674383,5.754495,
2025-03-25,0.026,0.0,0.031075478,0.09688071,
2025-03-26,1.631979041219435,0.7000000000000001,2.5355864,1.6957766,
2025-03-27,0.7299999999999999,1.1,1.414547,1.0480675,
2025-03-28,0.003,0.0,0.0,0.043797687,
2025-03-29,0.0,0.0,0.0,0.055386335,
2025-03-30,0.0,0.0,0.0,0.083127774,
2025-03-31,0.0,0.0,0.0017814636,0.40173656,
2025-04-01,0.007,0.0,0.0,0.15105861,
2025-04-02,0.0,0.0,0.0,0.079203464,
2025-04-03,0.0129999999999999,0.0,0.0,0.03891638,
2025-04-04,0.009,0.0,0.0,0.023258902,
2025-04-05,4.550999999999999,1.2,5.1584334,3.6438005,
2025-04-06,0.01,0.0,4.7683716e-07,0.13822731,
2025-04-07,0.1159999999999999,0.0,0.099797845,0.13985088,
2025-04-08,0.726,0.0,1.2442745,0.9547381,
2025-04-09,3.4855228984504034,5.8,4.630209,3.562501,
2025-04-10,0.4060000000000001,0.0,0.28762245,0.36447477,
2025-04-11,1.0450000000000002,0.8,1.2304821,1.1449568,
2025-04-12,0.001,0.0,0.023575783,0.16206527,
2025-04-13,0.065,0.0,0.2725374,0.235867,
2025-04-14,0.3119999999999999,0.0,0.2616799,0.118863724,
2025-04-15,0.0309999999999999,4.0,0.072603226,0.31748956,
2025-04-16,4.089,2.3,6.8429523,2.4031231,
2025-04-17,0.0,0.0,0.0,0.6017237,
2025-04-18,0.6010000000000002,0.0,0.0,0.26657286,
2025-04-19,0.664,0.3,1.0032921,1.971703,
2025-04-20,0.3599999999999999,0.0,0.19074059,0.23452169,
2025-04-21,0.06,0.0,0.025438428,0.1981623,
2025-04-22,4.054,0.0,5.7292805,2.509606,
2025-04-23,0.025,0.0,0.0058487654,2.32628,
2025-04-24,0.936,0.0,1.7762918,0.9244776,
2025-04-25,0.032,0.0,0.17859173,0.07526045,
2025-04-26,0.027,0.0,0.011697054,0.07769075,
2025-04-27,0.01,0.0,0.0,0.024296861,
2025-04-28,0.0,0.0,0.0,0.10342408,
2025-04-29,0.855,0.0,1.1420493,0.5775305,
2025-04-30,0.068,0.0,0.042793274,0.0834506,
2025-05-01,0.115,0.0,0.18887281,0.075016625,
2025-05-02,1.168522898450402,0.0,2.9290936,1.0802648,
2025-05-03,0.015,0.0,0.0,0.03451983,
2025-05-04,8.772,9.0,8.9623785,6.9056587,
2025-05-05,0.498,0.9,0.6608763,0.6855426,
2025-05-06,0.006,0.0,0.003561914,0.12376896,
2025-05-07,0.114,0.1,0.37265173,0.3998513,
2025-05-08,0.2629999999999999,0.0,0.6326128,0.44260824,
2025-05-09,0.036,0.0,5.9604645e-08,0.042291313,
2025-05-10,1.4879999999999995,0.0,1.9972029,1.0084834,
2025-05-11,0.7400000000000003,0.0,1.5031238,0.76968133,
2025-05-12,0.0829999999999999,0.0,0.42102075,0.19843167,
2025-05-13,0.034,0.0,0.08198929,0.0274989,
2025-05-14,4.559,16.4,5.8710012,3.3526373,
2025-05-15,0.7610000000000001,0.0,0.5600791,0.6232382,
2025-05-16,5.173000000000001,2.8,5.553247,6.860257,
2025-05-17,10.541999999999998,1.8,9.096915,9.067169,
2025-05-18,3.504000000000001,1.9,2.5122528,2.2020333,
2025-05-19,3.1309999999999985,0.6,3.0424075,2.3631094,
2025-05-20,0.0,0.0,0.040992737,0.15880455,
2025-05-21,0.0,0.2,8.34465e-07,0.1492999,
2025-05-22,4.296000000000001,3.8,11.993494,3.632041,
2025-05-23,3.600000000000001,5.1,4.3421173,4.8744226,
2025-05-24,12.833000000000002,18.1,12.818189,13.410675,
2025-05-25,0.031,0.0,0.0,0.18033215,
2025-05-26,0.5820000000000001,0.0,0.95233727,3.021718,
2025-05-27,0.018,0.0,0.0116968155,0.3262072,
2025-05-28,2.939,3.8,3.9370928,2.5662763,
2025-05-29,11.029000000000002,7.9,11.957542,11.216902,
2025-05-30,3.307999999999999,1.9,4.7413597,3.998609,
2025-05-31,1.101,1.6,1.5091412,0.9683935,
2025-06-01,0.123,0.0,0.07261467,0.15611485,
2025-06-02,6.180999999999996,5.4,9.406244,4.9824634,
2025-06-03,1.2459999999999996,0.0,1.868597,1.5543364,
2025-06-04,0.0579999999999999,0.3,0.052871466,0.46542153,
2025-06-05,1.4220000000000002,13.9,7.2416053,3.275463,
2025-06-06,1.077,0.9,1.9251404,1.554603,
2025-06-07,1.4300000000000004,1.0,1.0317385,1.7076999,
2025-06-08,5.578999999999999,4.3,6.4887643,5.315179,
2025-06-09,7.371,5.8,7.1291895,6.6534996,
2025-06-10,0.38,0.0,0.2647581,0.6814781,
2025-06-11,3.6070000000000007,2.4,4.211,1.9550747,
2025-06-12,7.046000000000001,4.0,6.240403,6.780289,
2025-06-13,1.2619999999999996,0.1,1.7607689,1.3164501,
2025-06-14,0.037,0.0,0.120495796,0.040759318,
2025-06-15,0.003,0.0,0.0,0.0,
2025-06-16,1.673,0.0,1.2163877,1.2838436,
2025-06-17,2.107,0.1,1.6976914,1.1837034,
2025-06-18,0.258,1.8,0.4693849,0.62118506,
2025-06-19,7.162000000000001,8.899999999999999,6.7105517,5.4072433,
2025-06-20,14.457999999999997,9.4,12.739732,13.611285,
2025-06-21,0.2399999999999998,0.0,0.066013336,0.2542428,
2025-06-22,0.152,2.1,0.56890106,0.5912737,
2025-06-23,1.382,0.9,2.8850322,1.8786124,
2025-06-24,4.566,12.6,5.2156453,5.1825337,
2025-06-25,2.043,4.5,3.1522465,2.7102873,
2025-06-26,0.6459999999999999,0.0,0.5501747,0.7503949,
2025-06-27,3.468000000000001,3.8,4.3440385,2.6065044,
2025-06-28,0.974,0.0,0.33340263,0.49292433,
2025-06-29,0.971,1.4,1.1078237,1.5112954,
2025-06-30,0.7530000000000002,0.0,0.69794846,1.1411009,
2025-07-01,0.088,0.0,0.009175539,0.33327025,
2025-07-02,0.362,0.0,0.0,0.3153208,
2025-07-03,0.3149999999999999,0.0,0.4999981,1.1939875,
2025-07-04,0.067,0.0,0.0077468157,1.0045905,
2025-07-05,0.948,0.0,1.0117278,0.7952183,
2025-07-06,0.4579999999999999,0.0,0.53942823,1.1853994,
2025-07-07,3.5779999999999985,1.0,3.4986632,2.9207287,
2025-07-08,6.2860000000000005,22.1,4.0236573,4.164719,
2025-07-09,30.934,37.8,45.809933,30.95346,
2025-07-10,30.083000000000013,7.899999999999999,30.617977,28.971245,
2025-07-11,1.7869999999999993,0.3,2.0193481,2.6833389,
2025-07-12,0.036,0.0,0.00178051,0.41510046,
2025-07-13,4.088000000000001,1.0,0.6858004,2.7639523,
2025-07-14,6.899000000000004,20.6,7.287191,6.197362,
2025-07-15,8.982999999999999,0.1,8.53876,6.3173275,
2025-07-16,3.789999999999997,1.4,4.2366304,7.827349,
2025-07-17,1.2549999999999997,0.0,0.7773485,0.89109427,
2025-07-18,9.826,6.7,8.272553,7.1083803,
2025-07-19,9.853000000000003,6.4,5.3906727,5.348036,
2025-07-20,10.163000000000002,11.3,7.014712,13.937403,
2025-07-21,1.739999999999999,0.0,1.68051,5.1745405,
2025-07-22,1.4029999999999998,0.0,0.7684896,1.3912253,
2025-07-23,9.853,2.6,9.57111,6.7747993,
2025-07-24,5.521999999999999,1.5,6.351822,6.4753366,
2025-07-25,2.443,3.0,2.3794086,2.9796987,
2025-07-26,5.614000000000001,2.3,4.221877,4.107265,
2025-07-27,1.342,5.2,1.2497215,2.2802436,
2025-07-28,7.141000000000002,18.8,7.2745414,5.813902,
2025-07-29,6.302000000000001,0.7,1.9230747,7.4771304,
2025-07-30,31.464,26.9,41.220844,30.070583,
2025-07-31,3.894,12.3,4.175352,2.8074071,
2025-08-01,2.0540000000000007,0.5,3.2383347,1.9949635,
2025-08-02,2.0860000000000003,0.3,0.4379251,1.2912375,
2025-08-03,0.7150000000000002,0.0,0.5128883,0.7441559,
2025-08-04,5.461,4.3,14.323514,4.446267,
2025-08-05,1.3519999999999996,0.0,1.659473,4.890646,
2025-08-06,1.663,3.4,1.2617003,1.5939382,
2025-08-07,0.56,0.0,0.51538754,0.54017663,
2025-08-08,0.154,0.0,0.58545357,0.4345407,
2025-08-09,0.119,0.0,0.0051081777,0.3391092,
2025-08-10,2.1420000000000003,4.8,8.499811,3.492129,
2025-08-11,0.84,0.0,0.54522467,0.7100522,
2025-08-12,0.0579999999999999,0.0,0.18220645,0.18151654,
2025-08-13,0.137,0.0,0.086527586,0.06483123,
2025-08-14,0.0,0.0,0.0,0.0,
2025-08-15,0.0,0.0,0.0,0.23772627,
2025-08-16,3.9050000000000007,0.4,13.901539,1.5657451,
2025-08-17,0.2519999999999999,1.0,0.56079006,0.57290334,
2025-08-18,0.022,1.1,0.0,0.19262184,
2025-08-19,0.006,0.0,0.0,0.053568922,
2025-08-20,5.399000000000001,5.9,7.65371,4.6648664,
2025-08-21,0.0409999999999999,0.0,0.12643719,0.1740115,
2025-08-22,0.0,0.0,0.011933673,0.18986993,
2025-08-23,3.8819999999999992,0.0,4.715691,3.4930217,
2025-08-24,4.111999999999998,2.8000000000000003,4.88608,3.384201,
2025-08-25,2.849000000000002,5.199999999999999,2.8344831,1.7174419,
2025-08-26,2.6560000000000006,0.0,4.2189245,2.6161594,
2025-08-27,0.061,0.0,0.04806328,0.13973865,
2025-08-28,0.364,0.0,0.008317351,0.17984104,
2025-08-29,0.8720000000000002,0.0,0.0,0.16895717,
2025-08-30,5.150000000000001,0.0,1.7185478,2.4622688,
2025-08-31,1.6699999999999997,0.3,0.90635854,1.6521511,
2025-09-01,0.107,0.0,0.020989895,0.9338408,
2025-09-02,0.0,0.0,2.9802322e-07,0.15149379,
2025-09-03,1.9039999999999997,4.5,4.2798996,4.8522673,
2025-09-04,1.654999999999999,0.0,0.9237797,0.98312974,
2025-09-05,0.966,0.0,0.048480988,0.59392524,
2025-09-06,2.6699999999999995,0.0,1.2959824,1.6178874,
2025-09-07,0.6450000000000001,0.0,0.20536608,0.0,
2025-09-08,0.037,0.0,0.0076293945,0.31739852,0.88
2025-09-09,0.004,0.0,0.02443409,0.7370363,0.115
2025-09-10,2.0440000000000005,0.0,4.5359573,2.1708758,2.732000000000001
2025-09-11,1.7669999999999997,0.0,3.3452911,1.5991521,2.6050000000000004
2025-09-12,9.987000000000002,14.8,12.7692585,8.959787,9.762000000000002
2025-09-13,0.0949999999999999,0.0,0.15984726,0.25408784,0.07199999999999998
2025-09-14,0.2319999999999999,0.0,0.0016643107,0.16411664,0.09799999999999998
2025-09-15,0.7679999999999998,1.8,1.7515172,1.3694366,0.6009999999999999
2025-09-16,10.658,5.9,12.711959,6.9909787,8.085999999999999
2025-09-17,1.984,6.6,3.8163345,1.9572366,3.4260000000000024
2025-09-18,1.1279999999999994,0.2,1.4317896,1.2304255,0.7599999999999997
2025-09-19,0.449,0.0,1.0478396,0.7616879,0.6629999999999996
2025-09-20,0.008,0.1,0.15344584,0.041047484,0.36499999999999994
2025-09-21,1.264,0.0,0.0,0.0048021423,0.096
2025-09-22,0.436,0.0,0.57969147,0.0,0.7459999999999993
2025-09-23,0.978,0.5,0.96337944,0.90933,0.7629999999999997
2025-09-24,0.1199999999999999,0.0,0.12721825,0.08477717,0.009999999999999998
2025-09-25,0.0069999999999999,0.0,0.0,0.101566195,0.063
2025-09-26,0.0129999999999999,0.0,0.0017808974,0.03729544,0.0
2025-09-27,0.027,0.0,0.023393989,0.051368743,0.0
2025-09-28,0.945,1.4,0.33133385,0.25225642,0.775
2025-09-29,0.005,0.0,0.0035617352,0.056399316,0.0
2025-09-30,0.04,0.0,0.055862904,0.077781044,0.032999999999999995
2025-10-01,0.018,0.0,0.0,0.07464287,0.0
2025-10-02,0.0,0.0,0.0017808974,0.09416675,0.0
2025-10-03,0.051,0.0,0.040498376,0.14423889,0.05
2025-10-04,0.0,0.0,0.0027033687,0.08838231,0.0
2025-10-05,0.8809999999999996,4.800000000000001,1.8698837,1.0369356,2.0790000000000015
2025-10-06,0.0679999999999999,0.0,0.038680077,0.21115002,0.032
2025-10-07,0.028,0.0,0.0986485,0.14324127,0.20099999999999998
2025-10-08,0.0,0.0,5.2154064e-07,0.061029434,0.0
2025-10-09,0.008,0.0,0.1302462,0.07699258,0.39099999999999996
2025-10-10,9.133000000000004,8.7,8.312567,8.30833,6.396000000000002
2025-10-11,0.79,0.3,0.41296196,0.45630866,0.7199999999999995
2025-10-12,2.146,3.5,2.5983257,1.7467164,1.9129999999999987
2025-10-13,0.7440000000000001,1.0,0.5638943,0.52678245,0.12000000000000002
2025-10-14,0.9339999999999996,0.8,0.76000607,0.6706446,0.6179999999999997
2025-10-15,0.6439999999999998,0.6,0.5033809,0.384646,0.15599999999999997
2025-10-16,1.5470000000000002,1.5,2.3917987,1.4670944,0.9250000000000008
2025-10-17,2.690999999999999,8.5,2.9187875,2.0054133,4.325999999999999
2025-10-18,12.026999999999996,10.1,11.203026,11.060117,8.369999999999997
2025-10-19,0.0899999999999999,0.0,0.0,0.1871642,0.034
2025-10-20,0.003,0.0,0.0,0.07741123,0.0
2025-10-21,0.0,0.0,0.0,0.045095578,0.0
2025-10-22,0.006,1.3,0.028259277,0.322127,0.172
2025-10-23,2.531979041219436,2.8,3.9605827,2.9250453,4.091000000000002
2025-10-24,3.0920000000000014,0.5,5.278599,3.919806,3.0089999999999986
2025-10-25,15.476000000000008,35.4,18.590117,14.724002,15.625999999999998
2025-10-26,3.177522898450404,0.0,1.3864651,2.4738412,2.0189999999999997
2025-10-27,3.652522898450404,3.1,3.3451343,2.6077206,1.9200000000000008
2025-10-28,3.4160000000000004,2.7,3.8059583,2.487682,3.5490000000000026
2025-10-29,1.4039999999999997,1.9,0.9860544,0.9767977,0.4420000000000001
2025-10-30,1.7489999999999997,1.6,1.9738693,1.3223872,1.5529999999999993
2025-10-31,2.5330000000000004,8.8,2.3772147,2.1073155,3.5169999999999986
2025-11-01,0.107,0.0,0.088508606,0.20742247,0.03600000000000002
2025-11-02,0.9799790412194354,2.6,1.3305315,0.65106344,0.657
2025-11-03,4.796999999999999,7.3,9.921186,7.0230956,7.000000000000003
2025-11-04,0.9670000000000002,0.0,0.3521738,0.6653693,0.55
2025-11-05,0.012,0.0,0.010450363,0.090898976,0.0
2025-11-06,0.0,0.0,0.0,0.15748274,0.002
2025-11-07,0.018,0.0,0.0,0.062194593,0.0
2025-11-08,0.0,0.0,0.0,0.028533109,0.0
2025-11-09,0.0919999999999999,0.0,0.0980245,0.00903898,0.04499999999999999
2025-11-10,0.1239999999999999,1.9,0.2598693,0.08232472,0.08699999999999995
2025-11-11,1.2800000000000002,2.6,1.0813203,1.1275799,1.0420000000000005
2025-11-12,0.09,1.6,0.022653341,0.2858441,0.06800000000000003
2025-11-13,2.079999999999999,0.0,0.0076292753,0.07462694,0.09599999999999997
2025-11-14,6.382,4.6000000000000005,7.42105,10.353741,10.197000000000008
2025-11-15,1.898,4.8,1.1663733,1.1010221,0.6099999999999995
2025-11-16,3.653999999999998,6.5,4.995934,3.8226845,3.5489999999999986
2025-11-17,1.7270038793396767,4.2,2.889659,2.4527972,2.9290000000000034
2025-11-18,0.118,0.0,0.09642649,0.22430776,0.075
2025-11-19,1.071,0.4,0.88374966,1.0356588,0.5630000000000002
2025-11-20,0.606,0.8,0.43321186,0.3971863,0.12099999999999994
2025-11-21,0.0139999999999999,0.0,0.047439575,0.18561454,0.0
2025-11-22,0.041,0.1,0.026955605,0.26172903,0.016
2025-11-23,2.033,2.4,2.6412866,1.5339551,2.133999999999999
2025-11-24,1.5450000000000006,0.6000000000000001,1.5118585,1.4628,0.5940000000000004
2025-11-25,2.8850000000000007,0.2,4.466788,3.7644496,3.0889999999999986
2025-11-26,12.077,11.6,20.051338,14.214042,11.125000000000005
2025-11-27,2.2540000000000004,1.8,1.18853,1.1953679,0.7039999999999997
2025-11-28,0.1589999999999999,0.0,0.0,0.13882871,0.014000000000000002
2025-11-29,0.029,0.0,0.027071953,0.053202726,0.0
2025-11-30,0.52,0.0,0.27070767,0.27471793,0.16999999999999996
2025-12-01,0.5770000000000001,0.0,0.5763205,0.32041824,0.15399999999999997
2025-12-02,0.154,0.0,0.1725735,0.04639691,0.021
2025-12-03,0.1259999999999999,0.0,0.11236268,0.03303249,0.0010000000000000002
2025-12-04,0.1039999999999999,0.0,0.2575221,0.04783161,0.09199999999999997
2025-12-05,0.08,0.1,0.031525522,0.028851245,0.002
2025-12-06,0.016,0.0,0.008578055,0.011241864,0.0
2025-12-07,0.7210000000000001,0.0,0.5382086,0.3340216,0.32799999999999996
2025-12-08,0.162,0.1,0.1701045,0.041094728,0.005000000000000001
2025-12-09,1.8560000000000008,2.2,2.6493893,1.9727484,2.7439999999999993
2025-12-10,2.325,0.7483057363810376,2.524424,1.8643275,2.063
2025-12-11,3.306999999999998,1.390388262232035,4.101939,3.2024753,3.497
2025-12-12,1.4469999999999996,5.6000000000000005,1.1575973,0.97589856,0.46900000000000025
2025-12-13,2.1720000000000006,0.0,3.4615993,2.4670095,2.1140000000000008
2025-12-14,2.3120000000000007,3.1,3.6583111,3.4421134,3.205000000000001
2025-12-15,3.869,0.2,4.7739344,3.2133603,2.748999999999999
2025-12-16,0.01,0.0,0.010956287,0.49532312,0.003
2025-12-17,0.245,0.0,0.0,0.047185764,0.11699999999999999
2025-12-18,0.026,0.0,0.04337222,0.15230823,0.04
2025-12-19,0.1849999999999999,0.0,0.06572598,0.10696144,0.14399999999999993
2025-12-20,0.8090000000000005,0.5,1.0667645,0.74413186,0.6809999999999999
2025-12-21,0.3269999999999998,0.0,0.22927022,0.12420744,0.18299999999999997
2025-12-22,0.3139999999999999,0.0,0.19727615,0.2004985,0.026000000000000006
2025-12-23,0.9050000000000002,0.1,0.4096598,0.33383045,0.701
2025-12-24,0.2389999999999999,0.0,0.028736591,0.10078528,0.175
2025-12-25,0.1799999999999999,0.0,0.007629454,4.3927135,1.9430000000000007
2025-12-26,0.364,0.1,0.064062566,0.12154351,0.166
2025-12-27,1.0939999999999996,1.2,0.87497604,0.6708969,0.931
2025-12-28,2.7,1.8,3.3977323,2.6854408,2.6010000000000013
2025-12-29,1.1720000000000006,1.88699973499411,1.1092203,1.097526,0.757
2025-12-30,3.222000000000001,1.8,1.356245,1.3949715,1.9609999999999987
2025-12-31,0.5899999999999995,0.7903882622320348,0.08264911,0.292942,0.08799999999999997
2026-01-01,5.710999999999998,4.2,5.9489202,5.186808,3.615999999999999
2026-01-02,3.892,5.6,4.436115,3.3916864,3.9479999999999995
2026-01-03,5.063999999999998,0.9,6.077842,4.7307177,2.7260000000000004
2026-01-04,3.161000000000001,0.9,1.9123182,1.5472893,3.3309999999999995
2026-01-05,1.291,0.0,0.48576295,0.5510165,0.2039999999999999
2026-01-06,1.339,2.1,1.3377421,1.2642992,0.8210000000000001
2026-01-07,0.1979999999999999,0.0,0.12791848,0.06541636,0.03400000000000001
2026-01-08,0.2259999999999999,0.0,0.20159785,0.11242355,0.06299999999999999
2026-01-09,3.738999999999999,8.9,4.2176213,3.6996162,4.066000000000001
2026-01-10,2.630999999999999,0.5,2.2078428,1.9358573,1.9019999999999997
2026-01-11,1.318,0.1,0.7975371,0.8985975,0.7509999999999999
2026-01-12,1.6760000000000006,0.0,0.5202708,0.71648455,0.806
2026-01-13,0.3669999999999999,0.4,0.3914504,0.48698387,0.26299999999999996
2026-01-14,0.087,0.0,0.0523659,0.13732307,0.055999999999999994
2026-01-15,0.133,0.0,0.0822601,0.061476737,0.005
2026-01-16,0.448,0.0,0.017039657,0.045205668,0.001
2026-01-17,0.5240000000000001,0.0,0.0,0.0,0.0
2026-01-18,0.7649999999999996,0.0,0.10588874,0.0,0.04000000000000001
2026-01-19,0.8539999999999996,0.0,0.061775833,0.012641038,0.07399999999999998
2026-01-20,0.5299999999999999,0.0,0.0,0.012792754,0.001
2026-01-21,0.7809999999999997,0.0,0.030517578,0.01921066,0.009
2026-01-22,0.5559999999999998,0.0,0.18380526,0.0,0.006999999999999999
2026-01-23,0.665,0.0,0.19750613,0.11026431,0.021
2026-01-24,0.3600000000000001,0.0,0.0850282,0.046707265,0.006999999999999999
2026-01-25,0.263,0.0,0.2491838,0.16234215,0.08
2026-01-26,1.1369999999999991,1.9,2.2563994,1.2266692,1.79
2026-01-27,3.763000000000001,3.8,5.0371113,3.6147392,2.147
2026-01-28,4.277000000000001,6.0,5.7039537,3.8189492,4.123999999999999
2026-01-29,1.372,0.0,0.6691122,0.8650181,0.3299999999999998
2026-01-30,0.1689999999999999,0.0,0.035325944,0.11719431,0.0030000000000000005
2026-01-31,0.3750000000000001,0.0,0.0,0.0018067125,0.001
