observationTime,rf_prediction,actual,ECMWF,xgb_predicted,SSA-LSTM,ensemble_xgb_pred
2025-10-15,0.6439999999999998,0.6,0.5033809,0.384646,0.0,0.20688091
2025-10-16,1.5470000000000002,1.5,2.3917987,1.4670944,1.0355818692723164,1.0295689
2025-10-17,2.690999999999999,8.5,2.9187875,2.0054133,6.982749445937625,3.3359745
2025-10-18,12.026999999999996,10.1,11.203026,11.060117,9.47277130718612,8.474938
2025-10-19,0.0899999999999999,0.0,0.0,0.1871642,0.0212924830277312,0.20688091
2025-10-20,0.003,0.0,0.0,0.07741123,1.1398294365882813,0.44401142
2025-10-21,0.0,0.0,0.0,0.045095578,0.0,0.20688091
2025-10-22,0.006,1.3,0.028259277,0.322127,0.5379768047477609,0.20688091
2025-10-23,2.531979041219436,2.8,3.9605827,2.9250453,0.5472889868775597,1.8492405
2025-10-24,3.0920000000000014,0.5,5.278599,3.919806,6.884351120741081,7.1535044
2025-10-25,15.476000000000008,35.4,18.590117,14.724002,17.346036098618185,18.15685
2025-10-26,3.177522898450404,0.0,1.3864651,2.4738412,0.7530597922849886,0.42770275
2025-10-27,3.652522898450404,3.1,3.3451343,2.6077206,0.0444036935994202,1.3502357
2025-10-28,3.4160000000000004,2.7,3.8059583,2.487682,0.0557292691997136,1.6646848
2025-10-29,1.4039999999999997,1.9,0.9860544,0.9767977,2.1258410695783856,0.80671525
2025-10-30,1.7489999999999997,1.6,1.9738693,1.3223872,0.3137541073376061,0.77387977
2025-10-31,2.5330000000000004,8.8,2.3772147,2.1073155,5.10157689880326,3.614023
2025-11-01,0.107,0.0,0.088508606,0.20742247,2.1427059958977,0.61425275
2025-11-02,0.9799790412194354,2.6,1.3305315,0.65106344,2.02057378569535,0.67080224
2025-11-03,4.796999999999999,7.3,9.921186,7.0230956,1.651997873952844,3.555196
2025-11-04,0.9670000000000002,0.0,0.3521738,0.6653693,3.625992549445919,2.5051024
2025-11-05,0.012,0.0,0.010450363,0.090898976,0.0,0.20688091
2025-11-06,0.0,0.0,0.0,0.15748274,0.6408382323044814,0.20688091
2025-11-07,0.018,0.0,0.0,0.062194593,0.0,0.20688091
2025-11-08,0.0,0.0,0.0,0.028533109,0.0,0.20688091
2025-11-09,0.0919999999999999,0.0,0.0980245,0.00903898,0.1008521376151098,0.20688091
2025-11-10,0.1239999999999999,1.9,0.2598693,0.08232472,1.9578025835223476,0.61425275
2025-11-11,1.2800000000000002,2.6,1.0813203,1.1275799,0.5556212220198458,0.26343042
2025-11-12,0.09,1.6,0.022653341,0.2858441,1.0207807013469878,0.20688091
2025-11-13,2.079999999999999,0.0,0.0076292753,0.07462694,0.360665238901134,0.37115332
2025-11-14,6.382,4.6000000000000005,7.42105,10.353741,1.3368261321920687,6.1041574
2025-11-15,1.898,4.8,1.1663733,1.1010221,3.164845071095852,2.397056
2025-11-16,3.653999999999998,6.5,4.995934,3.8226845,3.3736764356283637,5.9924946
2025-11-17,1.7270038793396767,4.2,2.889659,2.4527972,6.71959748104571,3.8980484
2025-11-18,0.118,0.0,0.09642649,0.22430776,3.31414883121945,1.9211717
2025-11-19,1.071,0.4,0.88374966,1.0356588,0.3802647091047779,0.26343042
2025-11-20,0.606,0.8,0.43321186,0.3971863,0.4818398890546098,0.20688091
2025-11-21,0.0139999999999999,0.0,0.047439575,0.18561454,0.0,0.20688091
2025-11-22,0.041,0.1,0.026955605,0.26172903,1.3694646289543342,0.55407226
2025-11-23,2.033,2.4,2.6412866,1.5339551,1.1468158070019192,1.7555335
2025-11-24,1.5450000000000006,0.6000000000000001,1.5118585,1.4628,1.7043632317474868,0.74653476
2025-11-25,2.8850000000000007,0.2,4.466788,3.7644496,0.1838987340659914,1.906194
2025-11-26,12.077,11.6,20.051338,14.214042,1.684816787099777,5.764659
2025-11-27,2.2540000000000004,1.8,1.18853,1.1953679,3.1099196256252792,2.1669443
2025-11-28,0.1589999999999999,0.0,0.0,0.13882871,0.0,0.20688091
2025-11-29,0.029,0.0,0.027071953,0.053202726,0.0,0.20688091
2025-11-30,0.52,0.0,0.27070767,0.27471793,0.496089940796653,0.20688091
2025-12-01,0.5770000000000001,0.0,0.5763205,0.32041824,0.0,0.20688091
2025-12-02,0.154,0.0,0.1725735,0.04639691,0.0,0.20688091
2025-12-03,0.1259999999999999,0.0,0.11236268,0.03303249,1.2517904001231654,0.55407226
2025-12-04,0.1039999999999999,0.0,0.2575221,0.04783161,0.4713847837786348,0.20688091
2025-12-05,0.08,0.1,0.031525522,0.028851245,0.0,0.20688091
2025-12-06,0.016,0.0,0.008578055,0.011241864,0.4676987101991488,0.20688091
2025-12-07,0.7210000000000001,0.0,0.5382086,0.3340216,0.0,0.20688091
2025-12-08,0.162,0.1,0.1701045,0.041094728,0.3476023756966332,0.20688091
2025-12-09,1.8560000000000008,2.2,2.6493893,1.9727484,1.809541456412492,1.7555335
2025-12-10,2.325,0.7483057363810376,2.524424,1.8643275,0.8860523372385014,1.1938412
2025-12-11,3.306999999999998,1.390388262232035,4.101939,3.2024753,1.2336360163657654,2.0498013
2025-12-12,1.4469999999999996,5.6000000000000005,1.1575973,0.97589856,2.394715185760077,1.3726888
2025-12-13,2.1720000000000006,0.0,3.4615993,2.4670095,1.9562158351825536,2.1663203
2025-12-14,2.3120000000000007,3.1,3.6583111,3.4421134,1.356593868330294,2.0498013
2025-12-15,3.869,0.2,4.7739344,3.2133603,1.5367174434988553,2.0498013
2025-12-16,0.01,0.0,0.010956287,0.49532312,0.2991895972333017,0.20688091
2025-12-17,0.245,0.0,0.0,0.047185764,0.0,0.20688091
2025-12-18,0.026,0.0,0.04337222,0.15230823,0.3943891636549956,0.20688091
2025-12-19,0.1849999999999999,0.0,0.06572598,0.10696144,0.2201992533068656,0.20688091
2025-12-20,0.8090000000000005,0.5,1.0667645,0.74413186,0.0746758495089455,0.26343042
2025-12-21,0.3269999999999998,0.0,0.22927022,0.12420744,0.1652301440263703,0.20688091
2025-12-22,0.3139999999999999,0.0,0.19727615,0.2004985,0.0360394801249444,0.20688091
2025-12-23,0.9050000000000002,0.1,0.4096598,0.33383045,0.0,0.20688091
2025-12-24,0.2389999999999999,0.0,0.028736591,0.10078528,0.0765171201329651,0.20688091
2025-12-25,0.1799999999999999,0.0,0.007629454,4.3927135,0.0,0.37925324
2025-12-26,0.364,0.1,0.064062566,0.12154351,0.1672118202847943,0.20688091
2025-12-27,1.0939999999999996,1.2,0.87497604,0.6708969,0.7020265004345208,0.26343042
2025-12-28,2.7,1.8,3.3977323,2.6854408,1.395247222706233,1.735353
2025-12-29,1.1720000000000006,1.88699973499411,1.1092203,1.097526,1.0278373653525907,0.26343042
2025-12-30,3.222000000000001,1.8,1.356245,1.3949715,2.608298292052138,1.3068495
2025-12-31,0.5899999999999995,0.7903882622320348,0.08264911,0.292942,1.495354664049708,0.55407226
2026-01-01,5.710999999999998,4.2,5.9489202,5.186808,3.415564894694,9.527453
2026-01-02,3.892,5.6,4.436115,3.3916864,4.100127246499083,6.512499
2026-01-03,5.063999999999998,0.9,6.077842,4.7307177,2.328880256970285,4.0045385
2026-01-04,3.161000000000001,0.9,1.9123182,1.5472893,2.0659890872447657,1.7105882
2026-01-05,1.291,0.0,0.48576295,0.5510165,0.823312893751655,0.20688091
2026-01-06,1.339,2.1,1.3377421,1.2642992,0.8537985112562192,0.26343042
2026-01-07,0.1979999999999999,0.0,0.12791848,0.06541636,0.1847928757077411,0.20688091
2026-01-08,0.2259999999999999,0.0,0.20159785,0.11242355,0.5095762656065228,0.20688091
2026-01-09,3.738999999999999,8.9,4.2176213,3.6996162,3.8530600183138,5.923604
2026-01-10,2.630999999999999,0.5,2.2078428,1.9358573,1.1645937304524725,1.4381623
2026-01-11,1.318,0.1,0.7975371,0.8985975,0.0,0.20688091
2026-01-12,1.6760000000000006,0.0,0.5202708,0.71648455,0.0,0.20688091
2026-01-13,0.3669999999999999,0.4,0.3914504,0.48698387,0.0030780604612891,0.20688091
2026-01-14,0.087,0.0,0.0523659,0.13732307,0.0,0.20688091
2026-01-15,0.133,0.0,0.0822601,0.061476737,0.0,0.20688091
2026-01-16,0.448,0.0,0.017039657,0.045205668,0.9346630892031642,0.20688091
2026-01-17,0.5240000000000001,0.0,0.0,0.0,0.0953402190514319,0.20688091
2026-01-18,0.7649999999999996,0.0,0.10588874,0.0,0.0,0.20688091
2026-01-19,0.8539999999999996,0.0,0.061775833,0.012641038,0.4439130383217333,0.20688091
2026-01-20,0.5299999999999999,0.0,0.0,0.012792754,0.0,0.20688091
2026-01-21,0.7809999999999997,0.0,0.030517578,0.01921066,0.3736281468494811,0.20688091
2026-01-22,0.5559999999999998,0.0,0.18380526,0.0,0.0,0.20688091
2026-01-23,0.665,0.0,0.19750613,0.11026431,0.157588897906823,0.20688091
2026-01-24,0.3600000000000001,0.0,0.0850282,0.046707265,0.0255377024451369,0.20688091
2026-01-25,0.263,0.0,0.2491838,0.16234215,0.2542044797520335,0.20688091
2026-01-26,1.1369999999999991,1.9,2.2563994,1.2266692,0.9799863445998084,0.90084577
2026-01-27,3.763000000000001,3.8,5.0371113,3.6147392,3.0765991356928843,4.6163807
2026-01-28,4.277000000000001,6.0,5.7039537,3.8189492,3.662335894914935,6.637373
2026-01-29,1.372,0.0,0.6691122,0.8650181,0.5541635926940947,0.20688091
2026-01-30,0.1689999999999999,0.0,0.035325944,0.11719431,0.0418750585780049,0.20688091
