observationTime,rf_prediction,actual,ECMWF
2024-02-02,4.748999999999996,0.5,6.074154
2024-02-03,1.195,3.4000000000000004,2.074088
2024-02-04,3.380999999999999,6.5,3.84731
2024-02-05,3.5759999999999996,6.2,4.7991076
2024-02-06,8.456000000000001,2.8,8.335825
2024-02-07,2.7689999999999997,7.4,2.6900911
2024-02-08,0.07400000000000001,0.0,0.07622337
2024-02-09,0.2080000000000001,0.0,0.13666962
2024-02-10,0.408,0.2,0.6503565
2024-02-11,2.4149161648777424,0.5,3.5317202
2024-02-12,1.7119580824388705,0.5,1.8576199
2024-02-13,0.6829999999999999,0.3999999999999999,0.8275362
2024-02-14,0.523,0.0,0.28944707
2024-02-15,0.6330000000000002,0.3,1.0823988
2024-02-16,0.7200000000000003,0.0,1.3902049
2024-02-17,1.9530000000000003,2.7,2.3755968
2024-02-18,0.09299999999999999,0.1,0.0017809868
2024-02-19,0.25600000000000006,0.0,0.24795395
2024-02-20,3.3465686953512077,1.9,3.4326496
2024-02-21,3.164000000000001,2.4000000000000004,3.8835042
2024-02-22,4.481999999999998,1.1,5.5699763
2024-02-23,3.7239999999999993,5.0,4.748333
2024-02-24,0.811,1.9,0.7106545
2024-02-25,0.9440000000000001,0.0,0.89169955
2024-02-26,1.0199999999999998,6.4,2.2250981
2024-02-27,5.0360000000000005,8.1,9.998505
2024-02-28,4.176000000000001,3.7,8.967644
2024-02-29,0.3739999999999999,0.2,0.44077635
2024-03-01,0.008,0.0,0.019443877
2024-03-02,0.006999999999999999,0.0,0.0
2024-03-03,0.03,0.0,0.018585712
2024-03-04,0.041000000000000016,0.0,0.20284891
2024-03-05,0.0,0.0,0.0045877695
2024-03-06,0.022000000000000002,0.0,0.0
2024-03-07,0.031,0.0,0.0
2024-03-08,0.0030000000000000005,0.0,0.005848497
2024-03-09,0.006999999999999999,0.0,0.0
2024-03-10,0.009000000000000001,0.0,0.0025215894
2024-03-11,0.009000000000000001,0.0,0.0
2024-03-12,1.1299999999999997,0.6,3.2034478
2024-03-13,0.14400000000000002,0.0,0.5494238
2024-03-14,0.017000000000000005,0.0,0.014635533
2024-03-15,0.055,0.0,0.0
2024-03-16,0.24400000000000002,2.7,0.41146255
2024-03-17,1.1360000000000003,0.3,1.3447311
2024-03-18,0.302,0.0,0.63125145
2024-03-19,0.04800000000000001,0.0,0.20966095
2024-03-20,0.278,0.0,0.6167414
2024-03-21,0.736,0.0,0.039393246
2024-03-22,1.4789371236583058,0.5,2.7142186
2024-03-23,1.0239580824388705,3.2,2.1622396
2024-03-24,2.776522898450403,6.0,2.8685074
2024-03-25,0.8520000000000003,0.8,0.8349905
2024-03-26,0.423,0.0,0.5414829
2024-03-27,0.002,0.0,0.0
2024-03-28,3.606,0.1,4.540748
2024-03-29,1.5109790412194355,0.7,2.1830401
2024-03-30,0.024000000000000004,0.0,0.0
2024-03-31,0.021000000000000005,0.0,2.3841858e-07
2024-04-01,0.27900000000000014,0.0,0.0648365
2024-04-02,3.641000000000001,0.4,7.958274
2024-04-03,4.305999999999998,3.4,4.9518223
2024-04-04,0.5860000000000001,0.5,0.5035057
2024-04-05,5.981000000000002,2.5,6.0896792
2024-04-06,4.157999999999999,12.5,6.046164
2024-04-07,0.017,0.0,0.004184723
2024-04-08,0.149,0.0,0.1506654
2024-04-09,0.11299999999999998,0.0,0.0
2024-04-10,0.022000000000000002,0.0,0.0
2024-04-11,0.10799999999999997,0.0,0.09716642
2024-04-12,0.5870000000000001,0.0,1.1331592
2024-04-13,2.237,1.8,2.8025818
2024-04-14,2.866000000000001,2.7,4.579856
2024-04-15,0.08999999999999998,0.0,0.011353016
2024-04-16,8.031999999999998,6.2,7.727127
2024-04-17,1.523,0.8,1.3253489
2024-04-18,0.24900000000000005,0.1,0.3760785
2024-04-19,0.794,0.5,1.0173889
2024-04-20,1.7180000000000004,4.9,3.4869409
2024-04-21,5.825000000000002,1.6,5.987462
2024-04-22,16.163999999999994,25.6,17.158865
2024-04-23,0.8249999999999998,0.0,0.6330662
2024-04-24,3.5720000000000005,9.4,4.3038125
2024-04-25,1.7645228984504022,5.8,3.5253363
2024-04-26,0.8519999999999998,0.0,0.64019656
2024-04-27,0.09199999999999997,0.0,0.10356939
2024-04-28,0.953,0.0,0.37245226
2024-04-29,0.0,0.0,0.002982974
2024-04-30,0.0,0.0,0.0
2024-05-01,0.0,0.0,0.0
2024-05-02,0.0,0.0,0.0
2024-05-03,0.0,0.0,0.0
2024-05-04,0.0,0.0,0.22866476
2024-05-05,0.08199999999999999,0.0,0.42938483
2024-05-06,2.524000000000001,3.4000000000000004,8.760599
2024-05-07,1.0659999999999998,0.0,1.2098017
2024-05-08,0.0,0.0,0.0
2024-05-09,0.9380000000000003,0.5,1.3910613
2024-05-10,2.179501939669838,3.6,3.8723664
2024-05-11,0.10099999999999998,0.0,0.0
2024-05-12,0.053999999999999986,0.0,0.0
2024-05-13,0.004,0.0,0.0
2024-05-14,0.543,0.0,0.41912222
2024-05-15,0.006,0.0,0.012348831
2024-05-16,0.0,0.0,0.0
2024-05-17,0.0,0.0,0.0
2024-05-18,1.5049999999999994,1.3,2.389474
2024-05-19,1.4329999999999996,0.3,0.8396025
2024-05-20,0.23699999999999996,0.2,0.7492533
2024-05-21,4.0139999999999985,9.5,5.2129936
2024-05-22,1.1099999999999997,0.0,1.6223106
2024-05-23,3.0060000000000007,0.5,7.8662834
2024-05-24,0.05,0.0,0.19664574
2024-05-25,1.103,9.9,1.9126282
2024-05-26,0.07999999999999999,0.0,0.0067059994
2024-05-27,0.0,0.0,0.0
2024-05-28,0.06,0.0,0.19853592
2024-05-29,0.18,7.300000000000001,0.011761665
2024-05-30,1.6059999999999999,0.0,1.2752547
2024-05-31,0.7759999999999998,1.2999999999999998,2.7354546
2024-06-01,1.3980000000000001,0.2,0.9097543
2024-06-02,2.0560000000000005,2.6,4.131689
2024-06-03,2.1320000000000006,0.0,1.8832724
2024-06-04,0.021,0.0,0.0
2024-06-05,1.6479999999999995,0.0,1.0313889
2024-06-06,0.16399999999999998,0.0,0.4563223
2024-06-07,0.9529999999999998,5.800000000000001,1.3824685
2024-06-08,1.014,1.1,1.5373087
2024-06-09,6.1240000000000006,8.4,11.307598
2024-06-10,10.459000000000001,1.1,15.838942
2024-06-11,0.008,0.1,0.0020332336
2024-06-12,0.0,0.0,0.0
2024-06-13,1.5879999999999999,0.3,1.7603358
2024-06-14,10.965,12.2,10.061937
2024-06-15,0.013000000000000003,0.0,0.09446335
2024-06-16,0.25999999999999995,0.3,0.49978286
2024-06-17,4.393,6.0,5.476635
2024-06-18,0.5940000000000001,0.0,0.3503363
2024-06-19,21.92199999999999,7.7,22.79161
2024-06-20,0.24,1.8,0.43452454
2024-06-21,0.018,0.0,0.0
2024-06-22,3.755,0.3,5.750095
2024-06-23,1.2679999999999998,1.5,1.0765939
2024-06-24,1.2909999999999997,0.1,0.93775326
2024-06-25,0.023000000000000003,0.0,0.018956065
2024-06-26,0.008,0.0,0.0
2024-06-27,0.0,0.0,0.0
2024-06-28,0.013999999999999999,0.0,0.0
2024-06-29,1.9709999999999994,0.1,1.4841006
2024-06-30,0.0,0.0,0.0034441948
2024-07-01,12.718000000000002,0.0,16.64853
2024-07-02,0.053000000000000005,0.1,0.054147243
2024-07-03,0.103,0.0,0.1810298
2024-07-04,5.743,1.4,5.6966033
2024-07-05,5.718000000000002,0.7000000000000001,6.8214526
2024-07-06,0.008,0.0,0.0017812252
2024-07-07,14.870000000000003,19.6,18.64148
2024-07-08,4.362,21.3,1.4080868
2024-07-09,0.009,0.0,0.0
2024-07-10,0.0,0.0,0.0017225742
2024-07-11,0.42800000000000005,11.4,0.5337982
2024-07-12,5.474000000000002,1.9,13.000397
2024-07-13,4.664999999999999,9.8,3.8070726
2024-07-14,4.960000000000003,0.0,2.627388
2024-07-15,0.8959999999999999,0.0,0.10592461
2024-07-16,0.0030000000000000005,0.0,0.014560819
2024-07-17,1.1179999999999999,10.9,0.8218975
2024-07-18,0.762,0.0,0.42988455
2024-07-19,0.066,0.0,0.034403324
2024-07-20,0.9269999999999997,0.0,0.88470197
2024-07-21,0.12900000000000003,0.0,0.04382515
2024-07-22,0.38400000000000006,0.0,0.31502724
2024-07-23,1.1159999999999999,0.0,0.1559143
2024-07-24,10.575000000000003,4.6,10.157965
2024-07-25,9.247000000000003,19.1,11.819588
2024-07-26,8.105000000000004,0.9,7.793103
2024-07-27,1.11,0.0,0.33041596
2024-07-28,4.834999999999999,13.4,11.469008
2024-07-29,37.32699999999999,68.9,54.12685
2024-07-30,2.4749999999999988,0.1,1.4671936
2024-07-31,0.17000000000000004,0.0,0.25919342
2024-08-01,0.8230000000000001,0.0,0.9169748
2024-08-02,0.031000000000000007,0.0,0.14368343
2024-08-03,0.032,0.0,0.034467697
2024-08-04,0.0,0.0,0.0
2024-08-05,1.735,0.9,3.5937755
2024-08-06,0.8500000000000003,0.0,0.624176
2024-08-07,0.4230000000000001,1.9,0.8048141
2024-08-08,0.162,0.0,0.086444736
2024-08-09,2.33,2.3000000000000003,4.123796
2024-08-10,1.4129999999999998,0.0,1.2338637
2024-08-11,1.297,2.1,1.924466
2024-08-12,1.2319999999999995,0.0,0.9108319
2024-08-13,1.286,0.0,1.111319
2024-08-14,0.0,0.0,0.0
2024-08-15,0.0,0.0,0.0
2024-08-16,1.5849999999999997,0.2,1.152694
2024-08-17,2.7270000000000003,0.7,2.60509
2024-08-18,1.2899999999999998,0.0,2.0404577
2024-08-19,5.612999999999997,4.0,8.809057
2024-08-20,0.7090000000000002,0.0,0.26919794
2024-08-21,19.792999999999985,0.0,33.315384
2024-08-22,6.722000000000004,7.1,6.5293884
2024-08-23,0.295,0.0,0.0
2024-08-24,0.137,0.0,0.0
2024-08-25,0.026000000000000002,0.0,0.0
2024-08-26,0.298,0.0,0.62266815
2024-08-27,0.643,0.0,0.17947865
2024-08-28,0.0,0.0,0.0
2024-08-29,0.044000000000000004,0.0,0.026955783
2024-08-30,0.47600000000000003,0.0,0.0
2024-08-31,1.4759999999999998,0.0,2.5213242
2024-09-01,0.034,0.0,0.0
2024-09-02,2.862000000000001,0.0,6.917137
2024-09-03,0.038000000000000006,0.0,0.011074066
2024-09-04,0.043,0.0,0.0
2024-09-05,0.09300000000000001,0.0,0.042449474
2024-09-06,0.043,0.0,0.0
2024-09-07,0.05800000000000001,0.0,0.0
2024-09-08,0.017,0.0,0.0
2024-09-09,0.002,0.0,0.0
2024-09-10,2.842999999999999,0.0,1.3175812
2024-09-11,0.32899999999999996,0.2,0.70519733
2024-09-12,5.344000000000002,6.2,5.6305804
2024-09-13,3.936000000000001,11.0,4.6105804
2024-09-14,2.124,0.0,4.671623
2024-09-15,0.2840000000000001,0.1,0.12136459
2024-09-16,0.28,0.0,0.0
2024-09-17,0.04800000000000001,0.0,0.0
2024-09-18,0.019,0.0,0.0
2024-09-19,0.002,0.0,0.0
2024-09-20,0.0,0.0,0.0
2024-09-21,0.0,0.0,0.0
2024-09-22,0.066,0.0,0.037171423
2024-09-23,0.023,0.0,0.0
2024-09-24,0.0,0.0,0.0
2024-09-25,0.43199999999999994,0.3,0.57720554
2024-09-26,0.745,0.5,1.5522275
2024-09-27,0.8959999999999999,1.1,1.3707638
2024-09-28,0.004,1.9,0.17582822
2024-09-29,0.033,0.0,0.0
2024-09-30,0.013999999999999999,0.0,0.0
2024-10-01,2.811999999999999,0.0,3.0195475
2024-10-02,0.20900000000000005,0.0,0.23038459
2024-10-03,9.126000000000001,16.8,12.450736
2024-10-04,1.3939999999999995,1.4,0.8086872
2024-10-05,0.0,0.0,0.0035617352
2024-10-06,0.38300000000000006,0.1,0.35430884
2024-10-07,0.18700000000000003,0.9,0.38831902
2024-10-08,0.015000000000000003,0.0,0.0
2024-10-09,1.6789999999999994,0.1,0.091612816
2024-10-10,0.66,0.0,0.24059105
2024-10-11,5.207999999999999,6.5,5.760958
2024-10-12,0.142,0.0,0.07707834
2024-10-13,7.2520000000000024,3.1,7.529348
2024-10-14,0.30000000000000004,2.9,0.328784
2024-10-15,0.8120000000000003,0.0,1.1071367
2024-10-16,0.049000000000000016,0.0,0.0
2024-10-17,0.016,0.0,0.0008317381
2024-10-18,0.017,0.0,0.0
2024-10-19,0.002,0.0,0.0
2024-10-20,0.0,0.0,0.0
2024-10-21,1.0269999999999997,0.0,0.86268497
2024-10-22,0.9790000000000003,0.0,1.7605906
2024-10-23,0.13499999999999995,0.1,0.25154752
2024-10-24,0.2670000000000001,0.0,0.13976932
2024-10-25,0.05599999999999999,0.0,0.14112574
2024-10-26,0.25400000000000006,0.0,0.6987753
2024-10-27,0.343,0.3,0.4144895
2024-10-28,0.9570000000000001,0.3,0.22544974
2024-10-29,0.08599999999999998,0.3,0.243671
2024-10-30,1.3299999999999996,2.2,1.7840973
2024-10-31,2.2699999999999996,4.0,2.3793783
2024-11-01,3.066999999999999,4.9,4.699455
2024-11-02,0.08800000000000001,0.2,0.023693085
2024-11-03,1.378,1.4,1.6765832
2024-11-04,0.048,0.8,0.0045876503
2024-11-05,0.177,0.2,0.06189327
2024-11-06,0.3170000000000001,0.0,0.3475604
2024-11-07,0.055999999999999994,0.1,0.12895894
2024-11-08,0.05600000000000001,0.0,0.05213076
2024-11-09,0.08199999999999999,0.0,0.18987675
2024-11-10,0.006,0.0,0.015376193
2024-11-11,0.001,0.0,5.9604645e-08
2024-11-12,0.17999999999999997,0.0,0.40730974
2024-11-13,0.47700000000000004,0.2,0.6245852
2024-11-14,2.296,2.9,3.2433565
2024-11-15,0.046000000000000006,0.0,0.013595343
2024-11-16,0.684,0.5,0.797254
2024-11-17,2.528979041219436,2.3,3.4095018
2024-11-18,2.11,0.5,1.265656
2024-11-19,3.3849999999999993,3.0,4.4222264
2024-11-20,2.6000248381202415,5.0,3.645856
2024-11-21,3.9189999999999987,3.2,4.452629
2024-11-22,1.367,0.7,1.0886502
2024-11-23,0.11299999999999999,0.1,0.06607747
2024-11-24,0.008,0.0,0.0026127994
2024-11-25,0.2700000000000001,0.0,0.058866024
2024-11-26,1.3959999999999997,0.0,2.0167687
2024-11-27,1.8449999999999995,4.3,1.9241881
2024-11-28,4.579000000000001,4.5,8.396393
2024-11-29,1.3560000000000003,0.7000000000000001,1.1503468
2024-11-30,0.04,0.0,0.0035616755
2024-12-01,0.012,0.0,0.008370101
2024-12-02,0.066,0.0,0.07234377
2024-12-03,1.952979041219435,3.1,2.67523
2024-12-04,1.231,1.7000000000000002,0.81257725
2024-12-05,0.20699999999999996,0.0,0.19715416
2024-12-06,0.151,0.0,0.083571196
2024-12-07,0.855,0.0,1.0017741
2024-12-08,1.329979041219435,0.2,1.6429201
2024-12-09,0.024000000000000007,0.0,0.0017808676
2024-12-10,0.065,0.0,0.039328575
2024-12-11,0.05500000000000002,0.0,0.045476913
2024-12-12,0.47300000000000003,0.0,0.29306182
2024-12-13,0.03,0.0,0.0
2024-12-14,0.541,0.0,0.84595627
2024-12-15,1.8239999999999994,1.6,1.9093292
2024-12-16,5.609999999999998,10.4,7.381693
2024-12-17,0.27899999999999986,0.5,0.22438622
2024-12-18,3.470999999999999,2.9000000000000004,4.378453
2024-12-19,1.4900000000000002,5.8,1.8559093
2024-12-20,2.035,0.0,2.3674765
2024-12-21,0.15199999999999997,0.0,0.03787613
2024-12-22,1.8719790412194357,0.4,1.6575832
2024-12-23,3.923999999999998,0.8,4.30685
2024-12-24,0.26399999999999996,0.7000000000000001,0.14050984
2024-12-25,0.5009999999999999,0.0,0.24512792
2024-12-26,0.5279999999999998,0.1,0.29758716
2024-12-27,0.8489999999999998,0.0,0.8175793
2024-12-28,1.1079999999999992,3.0,0.9411472
2024-12-29,2.331,0.0,0.30152035
2024-12-30,3.009999999999999,0.1,3.7274475
2024-12-31,3.5200000000000014,3.6,1.5732329
2025-01-01,3.2859790412194356,0.7000000000000001,5.0136724
2025-01-02,6.409,3.4,5.584646
2025-01-03,2.451,0.8,1.8957067
2025-01-04,1.7050000000000003,0.3,1.1593015
2025-01-05,1.527,0.7,2.2101517
2025-01-06,2.4900000000000015,4.4,2.998252
2025-01-07,3.862979041219435,3.7,4.5579815
2025-01-08,2.05,2.3,0.80000186
2025-01-09,1.2550000000000001,0.5,1.3397496
2025-01-10,1.643000000000001,0.6,1.4914593
2025-01-11,0.4820000000000001,0.0,0.2781803
2025-01-12,0.9090000000000003,1.1,0.8748866
2025-01-13,0.07400000000000001,0.0,0.036483586
2025-01-14,0.7180000000000001,0.9,1.533415
2025-01-15,0.49800000000000005,0.5,0.3472619
2025-01-16,0.7389999999999999,0.2,0.6552352
2025-01-17,0.09799999999999999,0.0,0.03292179
2025-01-18,0.03600000000000001,0.0,0.02362895
2025-01-19,0.10100000000000002,0.0,0.18081877
2025-01-20,0.11800000000000001,0.0,0.11115846
2025-01-21,0.032,0.0,0.027579062
2025-01-22,0.4150000000000001,0.1,0.820318
2025-01-23,0.14799999999999996,0.0,0.17497039
2025-01-24,1.2119790412194356,0.3,1.6433119
2025-01-25,0.16899999999999993,0.0,0.2745614
2025-01-26,0.41900000000000015,0.0,0.6162438
2025-01-27,0.044000000000000004,0.1,0.16971567
2025-01-28,0.05799999999999999,0.0,0.23424584
2025-01-29,0.905,3.9,1.0380542
2025-01-30,0.21500000000000002,0.0,0.16821074
2025-01-31,5.088000000000001,1.0,7.871188
2025-02-01,4.7509999999999994,5.2,5.00943
2025-02-02,1.3709999999999996,0.9000000000000001,0.7909312
2025-02-03,1.3239999999999994,0.5,0.7470814
2025-02-04,0.32800000000000007,0.1,0.47275412
2025-02-05,0.15799999999999995,0.0,0.16351557
2025-02-06,0.16499999999999995,0.1,0.29871166
2025-02-07,0.134,0.0,0.06521994
2025-02-08,0.019,0.0,0.009410318
2025-02-09,0.019000000000000003,0.0,0.01181443
2025-02-10,0.28900000000000003,0.0,0.07605907
2025-02-11,0.42,0.0,0.11610438
2025-02-12,0.08899999999999997,0.0,0.0
2025-02-13,0.16299999999999998,0.0,0.0
2025-02-14,0.379,0.0,0.24095957
2025-02-15,0.19499999999999995,0.2,0.24265471
2025-02-16,0.105,0.0,0.035507947
2025-02-17,5.4049999999999985,2.4,6.299965
2025-02-18,1.915999999999999,0.8,1.8545132
2025-02-19,0.057,0.5,0.09609008
2025-02-20,0.24400000000000005,0.6,0.16779387
2025-02-21,0.030000000000000006,0.0,0.0
2025-02-22,0.01,0.0,0.0
2025-02-23,0.004,0.0,0.0
2025-02-24,0.0,0.0,0.0
2025-02-25,0.0,0.0,0.0
2025-02-26,0.02,0.0,0.038710117
2025-02-27,0.473,2.3,0.41250533
2025-02-28,8.10795808243887,2.7,3.4046297
2025-03-01,1.80795808243887,2.9,2.0741098
2025-03-02,1.4000000000000004,0.2,0.67780113
2025-03-03,0.239,0.0,0.27257788
2025-03-04,0.4920000000000003,0.0,0.48705894
2025-03-05,0.826,0.0,0.4176253
2025-03-06,0.058000000000000024,0.0,0.025239468
2025-03-07,0.014000000000000004,0.0,0.0
2025-03-08,0.5399999999999998,0.0,0.0
2025-03-09,0.5199999999999999,0.0,0.0
2025-03-10,0.004,0.0,0.0
2025-03-11,0.34800000000000003,0.0,0.0
2025-03-12,0.9599999999999999,0.0,0.0
2025-03-13,13.028999999999995,4.9,15.62002
2025-03-14,1.9689580824388708,9.1,3.3485384
2025-03-15,0.008,0.0,0.00011730194
2025-03-16,1.5380457969008052,1.2999999999999998,2.2181988
2025-03-17,0.05799999999999999,0.0,0.005342722
2025-03-18,1.0279999999999996,0.8,1.8608747
2025-03-19,0.006000000000000001,0.0,0.0140891075
2025-03-20,0.0,0.0,0.0
2025-03-21,0.0,0.0,0.0
2025-03-22,0.043,0.0,0.025862932
2025-03-23,1.0645019396698379,0.0,2.3366532
2025-03-24,6.362999999999997,5.8,6.674383
2025-03-25,0.026000000000000002,0.0,0.031075478
2025-03-26,1.631979041219435,0.7000000000000001,2.5355864
2025-03-27,0.7299999999999999,1.1,1.414547
2025-03-28,0.003,0.0,0.0
2025-03-29,0.0,0.0,0.0
2025-03-30,0.0,0.0,0.0
2025-03-31,0.0,0.0,0.0017814636
2025-04-01,0.007000000000000001,0.0,0.0
2025-04-02,0.0,0.0,0.0
2025-04-03,0.012999999999999998,0.0,0.0
2025-04-04,0.009000000000000001,0.0,0.0
2025-04-05,4.550999999999999,1.2,5.1584334
2025-04-06,0.01,0.0,4.7683716e-07
2025-04-07,0.11599999999999994,0.0,0.099797845
2025-04-08,0.726,0.0,1.2442745
2025-04-09,3.4855228984504034,5.8,4.630209
2025-04-10,0.4060000000000001,0.0,0.28762245
2025-04-11,1.0450000000000002,0.8,1.2304821
2025-04-12,0.001,0.0,0.023575783
2025-04-13,0.065,0.0,0.2725374
2025-04-14,0.31199999999999994,0.0,0.2616799
2025-04-15,0.030999999999999996,4.0,0.072603226
2025-04-16,4.0889999999999995,2.3,6.8429523
2025-04-17,0.0,0.0,0.0
2025-04-18,0.6010000000000002,0.0,0.0
2025-04-19,0.664,0.3,1.0032921
2025-04-20,0.35999999999999993,0.0,0.19074059
2025-04-21,0.06000000000000001,0.0,0.025438428
2025-04-22,4.054,0.0,5.7292805
2025-04-23,0.025,0.0,0.0058487654
2025-04-24,0.936,0.0,1.7762918
2025-04-25,0.032,0.0,0.17859173
2025-04-26,0.027000000000000003,0.0,0.011697054
2025-04-27,0.01,0.0,0.0
2025-04-28,0.0,0.0,0.0
2025-04-29,0.855,0.0,1.1420493
2025-04-30,0.068,0.0,0.042793274
2025-05-01,0.115,0.0,0.18887281
2025-05-02,1.1685228984504021,0.0,2.9290936
2025-05-03,0.015,0.0,0.0
2025-05-04,8.772,9.0,8.9623785
2025-05-05,0.498,0.9,0.6608763
2025-05-06,0.006,0.0,0.003561914
2025-05-07,0.114,0.1,0.37265173
2025-05-08,0.26299999999999996,0.0,0.6326128
2025-05-09,0.036000000000000004,0.0,5.9604645e-08
2025-05-10,1.4879999999999995,0.0,1.9972029
2025-05-11,0.7400000000000003,0.0,1.5031238
2025-05-12,0.08299999999999999,0.0,0.42102075
2025-05-13,0.03400000000000001,0.0,0.08198929
2025-05-14,4.559,16.4,5.8710012
2025-05-15,0.7610000000000001,0.0,0.5600791
2025-05-16,5.173000000000001,2.8,5.553247
2025-05-17,10.541999999999998,1.8,9.096915
2025-05-18,3.504000000000001,1.9,2.5122528
2025-05-19,3.1309999999999985,0.6,3.0424075
2025-05-20,0.0,0.0,0.040992737
2025-05-21,0.0,0.2,8.34465e-07
2025-05-22,4.296000000000001,3.8,11.993494
2025-05-23,3.600000000000001,5.1,4.3421173
2025-05-24,12.833000000000002,18.1,12.818189
2025-05-25,0.031000000000000007,0.0,0.0
2025-05-26,0.5820000000000001,0.0,0.95233727
2025-05-27,0.018000000000000002,0.0,0.0116968155
2025-05-28,2.9389999999999996,3.8,3.9370928
2025-05-29,11.029000000000002,7.9,11.957542
2025-05-30,3.307999999999999,1.9,4.7413597
2025-05-31,1.101,1.6,1.5091412
2025-06-01,0.12300000000000003,0.0,0.07261467
2025-06-02,6.180999999999996,5.4,9.406244
2025-06-03,1.2459999999999996,0.0,1.868597
2025-06-04,0.057999999999999996,0.3,0.052871466
2025-06-05,1.4220000000000002,13.9,7.2416053
2025-06-06,1.077,0.9,1.9251404
2025-06-07,1.4300000000000004,1.0,1.0317385
2025-06-08,5.578999999999999,4.3,6.4887643
2025-06-09,7.371,5.8,7.1291895
2025-06-10,0.38000000000000006,0.0,0.2647581
2025-06-11,3.6070000000000007,2.4,4.211
2025-06-12,7.046000000000001,4.0,6.240403
2025-06-13,1.2619999999999996,0.1,1.7607689
2025-06-14,0.037,0.0,0.120495796
2025-06-15,0.003,0.0,0.0
2025-06-16,1.673,0.0,1.2163877
2025-06-17,2.1069999999999998,0.1,1.6976914
2025-06-18,0.258,1.8,0.4693849
2025-06-19,7.162000000000001,8.899999999999999,6.7105517
2025-06-20,14.457999999999995,9.4,12.739732
2025-06-21,0.23999999999999985,0.0,0.066013336
2025-06-22,0.152,2.1,0.56890106
2025-06-23,1.382,0.9,2.8850322
2025-06-24,4.566,12.6,5.2156453
2025-06-25,2.0429999999999997,4.5,3.1522465
2025-06-26,0.6459999999999999,0.0,0.5501747
2025-06-27,3.468000000000001,3.8,4.3440385
2025-06-28,0.9739999999999999,0.0,0.33340263
2025-06-29,0.9710000000000001,1.4,1.1078237
2025-06-30,0.7530000000000002,0.0,0.69794846
2025-07-01,0.088,0.0,0.009175539
2025-07-02,0.36200000000000004,0.0,0.0
2025-07-03,0.31499999999999995,0.0,0.4999981
2025-07-04,0.067,0.0,0.0077468157
2025-07-05,0.9480000000000001,0.0,1.0117278
2025-07-06,0.45799999999999996,0.0,0.53942823
2025-07-07,3.5779999999999985,1.0,3.4986632
2025-07-08,6.2860000000000005,22.1,4.0236573
2025-07-09,30.933999999999997,37.8,45.809933
2025-07-10,30.083000000000013,7.899999999999999,30.617977
2025-07-11,1.7869999999999993,0.3,2.0193481
2025-07-12,0.036000000000000004,0.0,0.00178051
2025-07-13,4.088000000000001,1.0,0.6858004
2025-07-14,6.899000000000004,20.6,7.287191
2025-07-15,8.982999999999999,0.1,8.53876
2025-07-16,3.7899999999999974,1.4,4.2366304
2025-07-17,1.2549999999999997,0.0,0.7773485
2025-07-18,9.826,6.7,8.272553
2025-07-19,9.853000000000005,6.4,5.3906727
2025-07-20,10.163000000000002,11.3,7.014712
2025-07-21,1.739999999999999,0.0,1.68051
2025-07-22,1.4029999999999998,0.0,0.7684896
2025-07-23,9.853,2.6,9.57111
2025-07-24,5.521999999999999,1.5,6.351822
2025-07-25,2.4429999999999996,3.0,2.3794086
2025-07-26,5.614000000000001,2.3,4.221877
2025-07-27,1.342,5.2,1.2497215
2025-07-28,7.141000000000002,18.8,7.2745414
2025-07-29,6.302000000000001,0.7,1.9230747
2025-07-30,31.464000000000002,26.9,41.220844
2025-07-31,3.894,12.3,4.175352
2025-08-01,2.0540000000000007,0.5,3.2383347
2025-08-02,2.0860000000000003,0.3,0.4379251
2025-08-03,0.7150000000000002,0.0,0.5128883
2025-08-04,5.461,4.3,14.323514
2025-08-05,1.3519999999999996,0.0,1.659473
2025-08-06,1.663,3.4,1.2617003
2025-08-07,0.56,0.0,0.51538754
2025-08-08,0.154,0.0,0.58545357
2025-08-09,0.11900000000000002,0.0,0.0051081777
2025-08-10,2.1420000000000003,4.8,8.499811
2025-08-11,0.84,0.0,0.54522467
2025-08-12,0.05799999999999999,0.0,0.18220645
2025-08-13,0.13700000000000004,0.0,0.086527586
2025-08-14,0.0,0.0,0.0
2025-08-15,0.0,0.0,0.0
2025-08-16,3.9050000000000007,0.4,13.901539
2025-08-17,0.25199999999999995,1.0,0.56079006
2025-08-18,0.022000000000000002,1.1,0.0
2025-08-19,0.006000000000000001,0.0,0.0
2025-08-20,5.399000000000001,5.9,7.65371
2025-08-21,0.040999999999999995,0.0,0.12643719
2025-08-22,0.0,0.0,0.011933673
2025-08-23,3.8819999999999992,0.0,4.715691
2025-08-24,4.111999999999998,2.8000000000000003,4.88608
2025-08-25,2.849000000000002,5.199999999999999,2.8344831
2025-08-26,2.6560000000000006,0.0,4.2189245
2025-08-27,0.061000000000000006,0.0,0.04806328
2025-08-28,0.364,0.0,0.008317351
2025-08-29,0.8720000000000002,0.0,0.0
2025-08-30,5.150000000000001,0.0,1.7185478
2025-08-31,1.6699999999999997,0.3,0.90635854
2025-09-01,0.107,0.0,0.020989895
2025-09-02,0.0,0.0,2.9802322e-07
2025-09-03,1.9039999999999995,4.5,4.2798996
2025-09-04,1.654999999999999,0.0,0.9237797
2025-09-05,0.966,0.0,0.048480988
2025-09-06,2.6699999999999995,0.0,1.2959824
2025-09-07,0.6450000000000001,0.0,0.20536608
2025-09-08,0.037000000000000005,0.0,0.0076293945
2025-09-09,0.004,0.0,0.02443409
2025-09-10,2.0440000000000005,0.0,4.5359573
2025-09-11,1.7669999999999997,0.0,3.3452911
2025-09-12,9.987000000000002,14.8,12.7692585
2025-09-13,0.09499999999999999,0.0,0.15984726
2025-09-14,0.23199999999999998,0.0,0.0016643107
2025-09-15,0.7679999999999998,1.8,1.7515172
2025-09-16,10.658,5.9,12.711959
2025-09-17,1.9839999999999998,6.6,3.8163345
2025-09-18,1.1279999999999994,0.2,1.4317896
2025-09-19,0.44900000000000007,0.0,1.0478396
2025-09-20,0.008,0.1,0.15344584
2025-09-21,1.264,0.0,0.0
2025-09-22,0.436,0.0,0.57969147
2025-09-23,0.978,0.5,0.96337944
2025-09-24,0.11999999999999998,0.0,0.12721825
2025-09-25,0.006999999999999999,0.0,0.0
2025-09-26,0.012999999999999998,0.0,0.0017808974
2025-09-27,0.027000000000000003,0.0,0.023393989
2025-09-28,0.945,1.4,0.33133385
2025-09-29,0.005,0.0,0.0035617352
2025-09-30,0.04,0.0,0.055862904
2025-10-01,0.018000000000000002,0.0,0.0
2025-10-02,0.0,0.0,0.0017808974
2025-10-03,0.051000000000000004,0.0,0.040498376
2025-10-04,0.0,0.0,0.0027033687
2025-10-05,0.8809999999999996,4.800000000000001,1.8698837
2025-10-06,0.06799999999999999,0.0,0.038680077
2025-10-07,0.028000000000000004,0.0,0.0986485
2025-10-08,0.0,0.0,5.2154064e-07
2025-10-09,0.008,0.0,0.1302462
2025-10-10,9.133000000000004,8.7,8.312567
2025-10-11,0.79,0.3,0.41296196
2025-10-12,2.146,3.5,2.5983257
2025-10-13,0.7440000000000001,1.0,0.5638943
2025-10-14,0.9339999999999995,0.8,0.76000607
2025-10-15,0.6439999999999998,0.6,0.5033809
2025-10-16,1.5470000000000002,1.5,2.3917987
2025-10-17,2.690999999999999,8.5,2.9187875
2025-10-18,12.026999999999996,10.1,11.203026
2025-10-19,0.08999999999999998,0.0,0.0
2025-10-20,0.0030000000000000005,0.0,0.0
2025-10-21,0.0,0.0,0.0
2025-10-22,0.006000000000000001,1.3,0.028259277
2025-10-23,2.531979041219436,2.8,3.9605827
2025-10-24,3.0920000000000014,0.5,5.278599
2025-10-25,15.476000000000008,35.4,18.590117
2025-10-26,3.1775228984504036,0.0,1.3864651
2025-10-27,3.6525228984504037,3.1,3.3451343
2025-10-28,3.4160000000000004,2.7,3.8059583
2025-10-29,1.4039999999999995,1.9,0.9860544
2025-10-30,1.7489999999999997,1.6,1.9738693
2025-10-31,2.5330000000000004,8.8,2.3772147
2025-11-01,0.107,0.0,0.088508606
2025-11-02,0.9799790412194354,2.6,1.3305315
2025-11-03,4.796999999999999,7.3,9.921186
2025-11-04,0.9670000000000002,0.0,0.3521738
2025-11-05,0.012000000000000002,0.0,0.010450363
2025-11-06,0.0,0.0,0.0
2025-11-07,0.018000000000000002,0.0,0.0
2025-11-08,0.0,0.0,0.0
2025-11-09,0.09199999999999996,0.0,0.0980245
2025-11-10,0.12399999999999997,1.9,0.2598693
2025-11-11,1.2800000000000002,2.6,1.0813203
2025-11-12,0.09000000000000004,1.6,0.022653341
2025-11-13,2.079999999999999,0.0,0.0076292753
2025-11-14,6.382,4.6000000000000005,7.42105
2025-11-15,1.898,4.8,1.1663733
2025-11-16,3.653999999999998,6.5,4.995934
2025-11-17,1.7270038793396767,4.2,2.889659
2025-11-18,0.118,0.0,0.09642649
2025-11-19,1.071,0.4,0.88374966
2025-11-20,0.606,0.8,0.43321186
2025-11-21,0.013999999999999999,0.0,0.047439575
2025-11-22,0.04100000000000001,0.1,0.026955605
2025-11-23,2.033,2.4,2.6412866
2025-11-24,1.5450000000000006,0.6000000000000001,1.5118585
2025-11-25,2.8850000000000007,0.2,4.466788
2025-11-26,12.077,11.6,20.051338
2025-11-27,2.2540000000000004,1.8,1.18853
2025-11-28,0.1589999999999999,0.0,0.0
2025-11-29,0.029000000000000005,0.0,0.027071953
2025-11-30,0.52,0.0,0.27070767
2025-12-01,0.5770000000000001,0.0,0.5763205
2025-12-02,0.15400000000000003,0.0,0.1725735
2025-12-03,0.12599999999999997,0.0,0.11236268
2025-12-04,0.10399999999999997,0.0,0.2575221
2025-12-05,0.08000000000000002,0.1,0.031525522
2025-12-06,0.016000000000000004,0.0,0.008578055
2025-12-07,0.7210000000000001,0.0,0.5382086
2025-12-08,0.16200000000000003,0.1,0.1701045
2025-12-09,1.8560000000000008,2.2,2.6493893
2025-12-10,2.325,0.7483057363810376,2.524424
2025-12-11,3.306999999999998,1.390388262232035,4.101939
2025-12-12,1.4469999999999996,5.6000000000000005,1.1575973
2025-12-13,2.1720000000000006,0.0,3.4615993
2025-12-14,2.3120000000000007,3.1,3.6583111
2025-12-15,3.8689999999999998,0.2,4.7739344
2025-12-16,0.01,0.0,0.010956287
2025-12-17,0.245,0.0,0.0
2025-12-18,0.026000000000000006,0.0,0.04337222
2025-12-19,0.18499999999999994,0.0,0.06572598
2025-12-20,0.8090000000000005,0.5,1.0667645
2025-12-21,0.3269999999999998,0.0,0.22927022
2025-12-22,0.31399999999999995,0.0,0.19727615
2025-12-23,0.9050000000000002,0.1,0.4096598
2025-12-24,0.23899999999999996,0.0,0.028736591
2025-12-25,0.17999999999999994,0.0,0.007629454
2025-12-26,0.364,0.1,0.064062566
2025-12-27,1.0939999999999996,1.2,0.87497604
2025-12-28,2.7,1.8,3.3977323
2025-12-29,1.1720000000000006,1.88699973499411,1.1092203
2025-12-30,3.222000000000001,1.8,1.356245
2025-12-31,0.5899999999999995,0.7903882622320348,0.08264911
2026-01-01,5.710999999999998,4.2,5.9489202
2026-01-02,3.892,5.6,4.436115
2026-01-03,5.063999999999998,0.9,6.077842
2026-01-04,3.161000000000001,0.9,1.9123182
2026-01-05,1.291,0.0,0.48576295
2026-01-06,1.339,2.1,1.3377421
2026-01-07,0.19799999999999993,0.0,0.12791848
2026-01-08,0.22599999999999995,0.0,0.20159785
2026-01-09,3.738999999999999,8.9,4.2176213
2026-01-10,2.630999999999999,0.5,2.2078428
2026-01-11,1.318,0.1,0.7975371
2026-01-12,1.6760000000000006,0.0,0.5202708
2026-01-13,0.36699999999999994,0.4,0.3914504
2026-01-14,0.087,0.0,0.0523659
2026-01-15,0.133,0.0,0.0822601
2026-01-16,0.44800000000000006,0.0,0.017039657
2026-01-17,0.5240000000000001,0.0,0.0
2026-01-18,0.7649999999999996,0.0,0.10588874
2026-01-19,0.8539999999999996,0.0,0.061775833
2026-01-20,0.5299999999999999,0.0,0.0
2026-01-21,0.7809999999999997,0.0,0.030517578
2026-01-22,0.5559999999999998,0.0,0.18380526
2026-01-23,0.665,0.0,0.19750613
2026-01-24,0.36000000000000015,0.0,0.0850282
2026-01-25,0.263,0.0,0.2491838
2026-01-26,1.1369999999999993,1.9,2.2563994
2026-01-27,3.7630000000000012,3.8,5.0371113
2026-01-28,4.277000000000001,6.0,5.7039537
2026-01-29,1.3719999999999999,0.0,0.6691122
2026-01-30,0.16899999999999993,0.0,0.035325944
2026-01-31,0.37500000000000017,0.0,0.0
