observationTime,actual,xgb_predicted
2018-07-12,0.3,1.2384058
2018-07-13,24.0,22.25004
2018-07-14,13.3,15.661434
2018-07-15,11.1,10.932304
2018-07-16,4.8,2.6569147
2018-07-17,4.699999999999999,7.444784
2018-07-18,0.0,4.694545
2018-07-19,0.8,4.935524
2018-07-20,0.0,1.6232369
2018-07-21,0.0,0.51329035
2018-07-22,0.0,0.5590315
2018-07-23,1.6,1.5710429
2018-07-24,0.0,2.2473664
2018-07-25,0.0,1.9092737
2018-07-26,0.0,1.1169775
2018-07-27,0.0,0.57411367
2018-07-28,0.0,6.8875217
2018-07-29,0.0,0.89254665
2018-07-30,13.2,2.996106
2018-07-31,0.0,-0.22723913
2018-08-01,0.0,1.313749
2018-08-02,0.0,-0.09194018
2018-08-03,0.0,1.7533693
2018-08-04,0.0,-0.7458218
2018-08-05,0.4,1.0348419
2018-08-06,0.0,0.8684355
2018-08-07,1.1,1.6816356
2018-08-08,0.0,0.11726491
2018-08-09,0.0,0.087182514
2018-08-10,0.0,0.02410077
2018-08-11,15.3,17.260128
2018-08-12,0.0,0.13506062
2018-08-13,0.0,1.5453482
2018-08-14,9.0,3.719057
2018-08-15,7.6,3.3507085
2018-08-16,0.0,1.1695569
2018-08-17,0.0,0.6924927
2018-08-18,0.0,3.99822
2018-08-19,0.0,0.48221502
2018-08-20,3.4000000000000004,1.0914097
2018-08-21,0.0,1.5983815
2018-08-22,0.0,0.22893564
2018-08-23,0.0,0.26337594
2018-08-24,0.0,2.1218996
2018-08-25,6.1,14.529011
2018-08-26,1.0,9.277756
2018-08-27,2.7,1.1322641
2018-08-28,0.0,0.20686089
2018-08-29,3.4,0.569759
2018-08-30,0.0,0.46031564
2018-08-31,4.0,0.8982603
2018-09-01,0.0,0.17201713
2018-09-02,0.0,0.25236192
2018-09-03,0.0,1.4143704
2018-09-04,1.1,1.5891867
2018-09-05,8.4,2.5568964
2018-09-06,0.7999999999999999,0.3024211
2018-09-07,0.0,0.46329007
2018-09-08,0.0,0.3996521
2018-09-09,0.0,0.04475028
2018-09-10,0.0,0.11549939
2018-09-11,0.0,0.7015851
2018-09-12,0.5,1.923279
2018-09-13,0.5,0.25212395
2018-09-14,0.3,0.031052059
2018-09-15,0.1,0.3833698
2018-09-16,0.0,0.34057698
2018-09-17,0.0,0.105073765
2018-09-18,0.0,0.03680417
2018-09-19,0.0,0.054313116
2018-09-20,0.0,-0.08612638
2018-09-21,0.0,0.13540629
2018-09-22,5.6000000000000005,5.0972404
2018-09-23,0.7,0.21874887
2018-09-24,9.5,9.912383
2018-09-25,1.3,1.3008398
2018-09-26,4.3,2.5731976
2018-09-27,0.0,2.181348
2018-09-28,0.5,1.2945708
2018-09-29,0.0,0.17374702
2018-09-30,0.0,0.073503226
2018-10-01,0.0,0.28919962
2018-10-02,1.4,1.1289507
2018-10-03,5.7,7.159183
2018-10-04,0.2,0.20821512
2018-10-05,0.0,1.1235403
2018-10-06,0.0,0.067010365
2018-10-07,2.1,0.7099086
2018-10-08,0.0,0.34466416
2018-10-09,0.0,0.056619413
2018-10-10,0.0,0.047778122
2018-10-11,0.0,0.034694597
2018-10-12,0.0,0.16229472
2018-10-13,0.0,0.00905157
2018-10-14,0.0,0.033778816
2018-10-15,0.0,-0.0030378217
2018-10-16,0.0,0.041195795
2018-10-17,0.0,-0.021259565
2018-10-18,0.0,-0.10395562
2018-10-19,0.0,0.09263705
2018-10-20,0.0,0.08030014
2018-10-21,0.0,0.07053445
2018-10-22,2.1,1.3400499
2018-10-23,8.0,9.381915
2018-10-24,8.7,6.287944
2018-10-25,1.9,3.7065818
2018-10-26,0.0,0.41260502
2018-10-27,1.9,1.8402891
2018-10-28,0.0,1.2751536
2018-10-29,8.2,9.779489
2018-10-30,0.0,1.4284449
2018-10-31,1.0,0.552281
2018-11-01,0.0,-0.03589628
2018-11-02,0.0,0.2274735
2018-11-03,1.7,1.837684
2018-11-04,0.0,0.07560394
2018-11-05,0.0,0.059947535
2018-11-06,0.0,0.26118457
2018-11-07,0.0,0.516186
2018-11-08,0.0,0.0013305666
2018-11-09,0.0,0.20052093
2018-11-10,0.0,0.4496473
2018-11-11,0.0,0.54270214
2018-11-12,0.0,0.2860154
2018-11-13,3.3,5.0875883
2018-11-14,8.9,3.1841588
2018-11-15,0.0,0.08894498
2018-11-16,0.0,-0.0049750144
2018-11-17,0.0,0.3918957
2018-11-18,2.7,1.2464327
2018-11-19,0.6,0.2401873
2018-11-20,0.0,0.0963882
2018-11-21,0.0,0.08914525
2018-11-22,0.0,0.0967388
2018-11-23,0.0,0.08551012
2018-11-24,0.0,0.2735038
2018-11-25,0.0,0.51363915
2018-11-26,0.0,0.29243338
2018-11-27,0.0,0.3633051
2018-11-28,0.0,0.08516313
2018-11-29,0.0,0.08878405
2018-11-30,0.0,0.105016574
2018-12-01,2.8,0.17609833
2018-12-02,0.4,0.12347957
2018-12-03,2.6,2.110396
2018-12-04,7.2,3.563817
2018-12-05,0.2,0.33782545
2018-12-06,0.0,0.11174378
2018-12-07,6.6000000000000005,5.0974336
2018-12-08,7.8,7.498228
2018-12-09,0.8,1.2382859
2018-12-10,2.2,2.5164738
2018-12-11,0.5,0.7671837
2018-12-12,0.4,1.0866749
2018-12-13,0.0,0.35357267
2018-12-14,0.0,0.39750928
2018-12-15,0.0,0.27402332
2018-12-16,3.2,1.6177088
2018-12-17,9.3,5.955322
2018-12-18,1.7,0.7338696
2018-12-19,0.0,0.24205007
2018-12-20,0.0,0.6308711
2018-12-21,5.2,3.4744384
2018-12-22,2.1,1.7264327
2018-12-23,1.9,0.70128524
2018-12-24,1.5,1.0280156
2018-12-25,0.0,0.4337428
2018-12-26,2.4,0.26792675
2018-12-27,0.7,2.8219092
2018-12-28,3.2,2.7388148
2018-12-29,0.2,0.85868126
2018-12-30,2.3,5.013309
2018-12-31,8.4,2.9005983
2019-01-01,5.6000000000000005,5.665527
2019-01-02,5.7,2.1600058
2019-01-03,3.3000000000000003,1.4644198
2019-01-04,2.8,1.0321141
2019-01-05,1.5,1.6769859
2019-01-06,0.0,0.42674986
2019-01-07,0.2,0.10090322
2019-01-08,0.3,0.2611997
2019-01-09,0.2,0.19838822
2019-01-10,0.0,0.23038568
2019-01-11,4.4,3.3861265
2019-01-12,2.6,0.17714296
2019-01-13,3.0,2.4918094
2019-01-14,9.2,5.8691506
2019-01-15,0.8999999999999999,2.2435648
2019-01-16,0.0,0.5044092
2019-01-17,2.4,1.5693686
2019-01-18,6.2,4.0304418
2019-01-19,0.0,0.86385906
2019-01-20,2.5522898450402565,2.3557966
2019-01-21,0.3,0.76900357
2019-01-22,0.7,0.81082857
2019-01-23,0.0,0.13221201
2019-01-24,0.0,0.2346083
2019-01-25,5.8,5.2121816
2019-01-26,0.9,0.54922736
2019-01-27,0.1,0.26613632
2019-01-28,2.4000000000000004,1.1731272
2019-01-29,0.0,1.2133117
2019-01-30,0.0,0.85343325
2019-01-31,0.6000000000000001,1.8844156
2019-02-01,4.2,2.447449
2019-02-02,4.097904121943534,2.345937
2019-02-03,0.2,0.7240868
2019-02-04,5.3,1.2704378
2019-02-05,0.0,0.063957684
2019-02-06,0.4,0.6694053
2019-02-07,0.0,0.1383696
2019-02-08,0.0,0.13343851
2019-02-09,0.0,0.17021124
2019-02-10,0.0,1.5060726
2019-02-11,2.4,3.5907907
2019-02-12,1.7,3.305555
2019-02-13,12.9,7.248466
2019-02-14,0.0,0.14325008
2019-02-15,0.2,0.5227857
2019-02-16,0.0,0.022962894
2019-02-17,0.0,0.42066684
2019-02-18,0.0,0.08530725
2019-02-19,0.3,0.5539595
2019-02-20,1.5,1.1284506
2019-02-21,0.0,0.21063595
2019-02-22,0.0,0.093771204
2019-02-23,0.0,0.63612515
2019-02-24,0.0,0.9993296
2019-02-25,0.0,0.02896544
2019-02-26,0.0,0.54100686
2019-02-27,0.0,0.045821905
2019-02-28,0.3,0.88421464
2019-03-01,0.7,0.36043313
2019-03-02,0.0,0.18806717
2019-03-03,2.6,1.4870412
2019-03-04,8.5,2.922676
2019-03-05,2.6,1.9790059
2019-03-06,0.0,0.1864024
2019-03-07,0.0,0.15795976
2019-03-08,2.5,0.9813669
2019-03-09,2.7,2.9198697
2019-03-10,4.4,1.6255659
2019-03-11,1.7,0.7857697
2019-03-12,0.0,0.1715956
2019-03-13,0.7,1.4552906
2019-03-14,3.2,1.096045
2019-03-15,0.6,1.4297372
2019-03-16,11.5,5.718108
2019-03-17,0.0,0.1681413
2019-03-18,3.1,3.6095066
2019-03-19,0.0,0.44699186
2019-03-20,0.0,0.11952373
2019-03-21,0.4,0.5375385
2019-03-22,0.5,0.56842905
2019-03-23,0.0,0.059698515
2019-03-24,0.0,0.03355956
2019-03-25,0.0,0.45099404
2019-03-26,3.5,0.92912424
2019-03-27,0.2,0.17184433
2019-03-28,0.0,0.07504573
2019-03-29,0.0,0.0517181
2019-03-30,0.0,0.04119669
2019-03-31,0.0,0.25613785
2019-04-01,0.0,0.14268279
2019-04-02,0.0,0.065626495
2019-04-03,0.0,0.03548029
2019-04-04,0.0,0.087130584
2019-04-05,0.0,0.08083642
2019-04-06,0.0,0.0836089
2019-04-07,0.0,0.07016458
2019-04-08,0.0,1.4562147
2019-04-09,0.0,0.21940246
2019-04-10,0.0,0.15690643
2019-04-11,0.0,0.17191142
2019-04-12,0.0,0.06260151
2019-04-13,0.0,0.097015165
2019-04-14,0.0,0.051898226
2019-04-15,0.0,0.037003137
2019-04-16,0.0,0.24863996
2019-04-17,0.0,0.031323552
2019-04-18,0.0,0.2640319
2019-04-19,0.0,0.061560012
2019-04-20,0.0,0.09877994
2019-04-21,0.6,2.8108613
2019-04-22,0.0,0.062109426
2019-04-23,0.0,0.06344664
2019-04-24,0.0,0.080400385
2019-04-25,0.0,0.89294046
2019-04-26,0.0,0.67753273
2019-04-27,0.0,2.1498086
2019-04-28,0.0,0.44873723
2019-04-29,0.0,0.29611683
2019-04-30,0.0,0.06733296
2019-05-01,0.0,1.3741735
2019-05-02,3.8,1.9075084
2019-05-03,3.9,1.8297226
2019-05-04,0.0,0.20161302
2019-05-05,0.0,0.96530247
2019-05-06,0.0,1.3262187
2019-05-07,0.2,0.14670178
2019-05-08,0.0,0.12673594
2019-05-09,0.0,0.39623737
2019-05-10,0.0,0.9964024
2019-05-11,0.3,5.10466
2019-05-12,0.0,0.44227737
2019-05-13,0.0,1.9357296
2019-05-14,0.0,0.48083675
2019-05-15,0.0,0.18006548
2019-05-16,1.7,0.80783063
2019-05-17,1.7,4.792893
2019-05-18,0.0,1.7956597
2019-05-19,0.0,0.058989376
2019-05-20,2.2,0.022849038
2019-05-21,0.0,0.30281633
2019-05-22,0.0,0.21592076
2019-05-23,0.0,1.3017783
2019-05-24,0.0,0.60469395
2019-05-25,0.0,0.20042379
2019-05-26,0.0,0.18183538
2019-05-27,0.0,0.44941455
2019-05-28,11.8,5.7765636
2019-05-29,3.0,3.7182047
2019-05-30,0.0,0.3019672
2019-05-31,0.0,-0.04228849
2019-06-01,0.0,1.3448577
2019-06-02,0.1,0.05844816
2019-06-03,0.0,0.07153846
2019-06-04,0.0,0.0032289557
2019-06-05,0.0,0.00093324255
2019-06-06,1.2,1.8760622
2019-06-07,0.0,1.0863421
2019-06-08,0.0,0.39738694
2019-06-09,0.0,1.4421155
2019-06-10,0.0,0.713702
2019-06-11,0.0,0.4628596
2019-06-12,0.0,-0.021926276
2019-06-13,0.0,1.9680012
2019-06-14,0.0,-0.7764619
2019-06-15,0.0,-0.11512764
2019-06-16,16.1,11.820872
2019-06-17,0.3,1.4017054
2019-06-18,0.0,0.4075217
2019-06-19,0.0,0.63017833
2019-06-20,0.4,1.9587537
2019-06-21,0.0,3.093998
2019-06-22,0.6,0.44151604
2019-06-23,0.0,-0.04982897
2019-06-24,0.0,0.14493954
2019-06-25,0.0,0.08212487
2019-06-26,0.0,1.6532351
2019-06-27,8.8,3.5654955
2019-06-28,0.0,0.60526365
2019-06-29,0.0,0.25620505
2019-06-30,0.0,-0.141082
2019-07-01,0.0,0.7351634
2019-07-02,0.9,1.4236739
2019-07-03,2.1,1.9434172
2019-07-04,0.0,1.3210205
2019-07-05,5.8,4.9681997
2019-07-06,0.0,1.6500587
2019-07-07,4.4,2.3834558
2019-07-08,1.7,4.2235518
2019-07-09,0.0,4.349717
2019-07-10,7.7,7.8644586
2019-07-11,0.0,0.4572894
2019-07-12,0.4,1.3082126
2019-07-13,0.0,1.5443683
2019-07-14,0.0,1.5757535
2019-07-15,0.0,0.19803238
2019-07-16,8.4,9.065019
2019-07-17,0.4,1.6112733
2019-07-18,0.0,1.2154806
2019-07-19,0.0,0.21096514
2019-07-20,0.0,0.34660587
2019-07-21,0.0,2.1577857
2019-07-22,3.8,2.2182767
2019-07-23,0.0,3.2331543
2019-07-24,0.0,1.7878855
2019-07-25,6.4,2.097163
2019-07-26,0.0,1.7262231
2019-07-27,7.9,4.0226445
2019-07-28,0.0,0.5836642
2019-07-29,0.0,0.42521334
2019-07-30,0.0,2.20813
2019-07-31,0.0,0.2663434
2019-08-01,1.9,1.5946637
2019-08-02,2.4,2.8897696
2019-08-03,3.0,0.64355147
2019-08-04,0.0,0.8407044
2019-08-05,0.0,0.1631803
2019-08-06,0.0,1.2889261
2019-08-07,0.5,4.555288
2019-08-08,34.6,32.909645
2019-08-09,0.0,5.733338
2019-08-10,0.0,0.31271178
2019-08-11,5.4,2.5630765
2019-08-12,0.0,0.5977052
2019-08-13,8.399999999999999,3.419929
2019-08-14,9.7,4.8818026
2019-08-15,0.1,0.85307926
2019-08-16,0.0,0.07078829
2019-08-17,0.0,0.14746363
2019-08-18,0.0,0.2552245
2019-08-19,5.9,3.6363316
2019-08-20,0.9,4.7705984
2019-08-21,23.8,24.442148
2019-08-22,0.0,-1.0202566e-05
2019-08-23,0.0,0.2106778
2019-08-24,0.0,-0.014507716
2019-08-25,0.0,0.18504874
2019-08-26,0.0,0.07644599
2019-08-27,0.0,0.23810634
2019-08-28,0.0,0.45805123
2019-08-29,3.7,0.88117814
2019-08-30,0.0,0.0040526614
2019-08-31,0.0,-0.12400035
2019-09-01,0.0,-0.01613988
2019-09-02,0.4,2.098568
2019-09-03,3.4,4.975406
2019-09-04,0.0,0.21813157
2019-09-05,0.0,0.18359894
2019-09-06,0.0,0.12373894
2019-09-07,0.0,-0.026785605
2019-09-08,0.0,0.50685835
2019-09-09,0.0,-0.0029158748
2019-09-10,0.0,-0.03600478
2019-09-11,0.0,0.177209
2019-09-12,0.0,0.044972964
2019-09-13,1.7999999999999998,1.1397864
2019-09-14,0.0,0.3240634
2019-09-15,0.0,0.9576949
2019-09-16,1.1,1.2466761
2019-09-17,2.6,1.8115839
2019-09-18,2.4,2.025739
2019-09-19,0.3,0.7432615
2019-09-20,0.5,0.37536055
2019-09-21,1.6,1.0702915
2019-09-22,2.5,1.4848812
2019-09-23,0.0,0.1407871
2019-09-24,0.0,0.07577874
2019-09-25,0.0,0.07647366
2019-09-26,0.0,0.035028987
2019-09-27,0.0,0.117581576
2019-09-28,12.2,6.8318696
2019-09-29,4.7,5.3233485
2019-09-30,15.2,12.716348
2019-10-01,2.8,1.9495378
2019-10-02,9.9,13.474759
2019-10-03,0.9,1.053048
2019-10-04,1.8,1.2647667
2019-10-05,0.0,0.19495164
2019-10-06,0.3,0.15882777
2019-10-07,2.1,1.7508076
2019-10-08,0.9,0.89472926
2019-10-09,3.5,1.022582
2019-10-10,11.8,8.2709465
2019-10-11,0.0,1.6057148
2019-10-12,7.7,8.441821
2019-10-13,2.4,1.0977926
2019-10-14,0.0,0.16003376
2019-10-15,0.0,0.24572697
2019-10-16,0.0,0.025306577
2019-10-17,0.4,1.1021304
2019-10-18,0.0,0.155366
2019-10-19,0.0,0.13223806
2019-10-20,0.0,0.18025419
2019-10-21,0.0,0.446749
2019-10-22,0.0,0.06961464
2019-10-23,0.0,0.08335918
2019-10-24,0.0,-0.036377914
2019-10-25,0.0,-0.1601657
2019-10-26,0.0,-0.06940732
2019-10-27,0.7,4.328138
2019-10-28,1.8,1.6663482
2019-10-29,0.6,0.16141967
2019-10-30,0.3,1.0828093
2019-10-31,2.9,0.5712069
2019-11-01,0.0,0.7871017
2019-11-02,0.7,1.3758986
2019-11-03,1.4,1.2205054
2019-11-04,1.0,2.8624294
2019-11-05,8.3,1.7484925
2019-11-06,1.1,2.091724
2019-11-07,0.0,0.29857212
2019-11-08,0.0,0.18137889
2019-11-09,4.7,4.320404
2019-11-10,7.7,7.5604196
2019-11-11,3.8,1.8152726
2019-11-12,0.0,0.13706823
2019-11-13,0.0,1.0420694
2019-11-14,2.3,4.8001847
2019-11-15,8.8,5.5686674
2019-11-16,0.0,0.029487643
2019-11-17,0.0,0.09114858
2019-11-18,0.0,0.9825019
2019-11-19,0.0,0.03652133
2019-11-20,0.0,0.14078696
2019-11-21,0.0,0.047663808
2019-11-22,0.0,0.03712193
2019-11-23,0.0,0.30399907
2019-11-24,0.0,0.028822772
2019-11-25,0.0,0.018519122
2019-11-26,0.0,0.010860072
2019-11-27,0.0,0.03378386
2019-11-28,0.0,1.5825834
2019-11-29,1.6,1.3115839
2019-11-30,1.3,0.5763207
2019-12-01,0.0,0.21406381
2019-12-02,1.1,1.6668837
2019-12-03,0.0,0.19125716
2019-12-04,1.8,1.4924793
2019-12-05,0.2,0.33095372
2019-12-06,0.0,3.870429
2019-12-07,4.2,3.8108828
2019-12-08,0.9,1.9320031
2019-12-09,1.8,1.1339605
2019-12-10,0.2,0.8955241
2019-12-11,0.0,0.24073268
2019-12-12,0.4,0.8477747
2019-12-13,0.0,0.25392523
2019-12-14,3.8,1.3053094
2019-12-15,3.2,2.8368738
2019-12-16,0.0,0.22217916
2019-12-17,0.7,0.883792
2019-12-18,0.0,0.17343114
2019-12-19,0.0,0.1581099
2019-12-20,0.0,0.053913288
2019-12-21,0.0,0.46484894
2019-12-22,1.8,3.8218722
2019-12-23,0.0,0.8372104
2019-12-24,9.2,8.850744
2019-12-25,6.8,2.5979877
2019-12-26,6.2,3.8831992
2019-12-27,0.8,2.0135036
2019-12-28,0.0,0.103004076
2019-12-29,0.0,0.11726064
2019-12-30,0.0,0.8404377
2019-12-31,1.7,5.571964
2020-01-01,0.9,0.25826454
2020-01-02,0.0,0.0630587
2020-01-03,0.0,0.005616709
2020-01-04,3.3000000000000003,1.8643993
2020-01-05,0.0,0.20391425
2020-01-06,0.9,1.6634797
2020-01-07,0.0,0.14267449
2020-01-08,3.6,1.6569736
2020-01-09,0.4,0.25176874
2020-01-10,13.8,8.490886
2020-01-11,1.6,1.3277665
2020-01-12,1.3,0.4019199
2020-01-13,4.2,3.6926374
2020-01-14,0.3,0.1506943
2020-01-15,0.0,0.09942456
2020-01-16,0.0,0.2860892
2020-01-17,0.0,0.089858696
2020-01-18,0.0,0.11101524
2020-01-19,0.5,0.08462246
2020-01-20,0.0,0.10780206
2020-01-21,0.6000000000000001,0.95374113
2020-01-22,4.6,3.3676414
2020-01-23,0.0,0.16808134
2020-01-24,0.4,0.9834145
2020-01-25,0.0,0.48943198
2020-01-26,0.0,0.34138948
2020-01-27,0.6000000000000001,1.7896901
2020-01-28,0.0,1.1861379
2020-01-29,4.3,1.7145052
2020-01-30,1.2000000000000002,1.4132898
2020-01-31,4.1,2.5577166
2020-02-01,4.4,5.008289
2020-02-02,7.0,4.2487435
2020-02-03,0.0,0.20302044
2020-02-04,0.0,0.24423009
2020-02-05,0.0,0.25091302
2020-02-06,3.9,0.9622715
2020-02-07,0.0,0.15962318
2020-02-08,0.0,0.71245515
2020-02-09,0.0,0.03445644
2020-02-10,8.4,3.5236835
2020-02-11,2.5,0.9217178
2020-02-12,8.1,1.4580563
2020-02-13,3.0,1.175738
2020-02-14,0.0,0.25088596
2020-02-15,0.0,0.14478499
2020-02-16,1.5,0.3103334
2020-02-17,0.3,1.0485082
2020-02-18,3.0,1.3258995
2020-02-19,0.0,0.34172615
2020-02-20,0.0,0.77912945
2020-02-21,0.2,0.90665877
2020-02-22,4.3,3.7946677
2020-02-23,0.2,0.6799403
2020-02-24,0.5,1.3878477
2020-02-25,2.8000000000000003,2.4673445
2020-02-26,4.1,0.63118714
2020-02-27,0.0,1.8262123
2020-02-28,0.3,0.6159377
2020-02-29,0.2,0.38509184
2020-03-01,1.8,1.1828432
2020-03-02,0.0,2.847081
2020-03-03,0.6,1.3609688
2020-03-04,3.5,2.5242481
2020-03-05,7.6,1.7068715
2020-03-06,0.0,0.2020492
2020-03-07,1.7,1.4260839
2020-03-08,1.8,0.9867514
2020-03-09,0.0,0.95812464
2020-03-10,0.0,0.560864
2020-03-11,6.2,3.0851636
2020-03-12,12.0,5.7090015
2020-03-13,0.0,0.7735366
2020-03-14,1.7,4.0125775
2020-03-15,0.0,0.25906047
2020-03-16,0.8,0.92313874
2020-03-17,0.0,0.07000914
2020-03-18,0.0,0.04874395
2020-03-19,0.0,0.08805905
2020-03-20,0.0,0.20391597
2020-03-21,0.2,0.07222823
2020-03-22,0.0,0.07132173
2020-03-23,0.0,0.062182322
2020-03-24,0.0,0.04422327
2020-03-25,0.0,0.12907182
2020-03-26,0.0,0.07727288
2020-03-27,0.0,0.04011506
2020-03-28,0.0,0.02370596
2020-03-29,0.5,0.64182955
2020-03-30,0.0,0.3886651
2020-03-31,0.0,0.14881222
2020-04-01,0.2,0.5492253
2020-04-02,0.4,1.1890906
2020-04-03,0.0,0.3695904
2020-04-04,0.0,0.18161988
2020-04-05,0.0,0.16758697
2020-04-06,0.0,0.04082869
2020-04-07,0.0,0.08788833
2020-04-08,0.0,0.028191652
2020-04-09,0.0,0.13101894
2020-04-10,0.0,0.08883961
2020-04-11,0.0,0.04506409
2020-04-12,0.0,0.11045267
2020-04-13,1.5,1.3762096
2020-04-14,0.8,1.1451527
2020-04-15,3.0,3.0437047
2020-04-16,0.0,1.0773858
2020-04-17,0.0,2.2844393
2020-04-18,0.0,0.31390378
2020-04-19,0.0,0.63700306
2020-04-20,0.0,0.06557126
2020-04-21,0.0,0.28554508
2020-04-22,0.0,0.0575839
2020-04-23,0.0,0.015374281
2020-04-24,0.0,0.16765279
2020-04-25,0.0,0.58182573
2020-04-26,0.0,0.3037355
2020-04-27,0.0,0.17227641
2020-04-28,0.3,1.2412752
2020-04-29,0.0,0.94362247
2020-04-30,0.0,0.21908218
2020-05-01,0.0,0.18945378
2020-05-02,11.1,6.587561
2020-05-03,2.9000000000000004,1.9183598
2020-05-04,0.0,0.29703376
2020-05-05,0.0,0.15948194
2020-05-06,8.5,4.8305874
2020-05-07,0.0,0.23938198
2020-05-08,0.0,0.18087712
2020-05-09,0.0,0.10251387
2020-05-10,0.0,0.15019158
2020-05-11,8.1,7.5343213
2020-05-12,13.2,9.951761
2020-05-13,3.3,1.8392913
2020-05-14,0.0,0.14203128
2020-05-15,0.0,0.12759289
2020-05-16,2.4,0.9916334
2020-05-17,4.0,1.5256301
2020-05-18,13.5,10.238307
2020-05-19,3.1,0.61796707
2020-05-20,0.0,0.6157677
2020-05-21,0.0,0.6412553
2020-05-22,0.6,0.55461365
2020-05-23,0.0,0.08446481
2020-05-24,2.4,6.545578
2020-05-25,0.0,0.8067869
2020-05-26,0.3,1.3908205
2020-05-27,0.0,0.2820983
2020-05-28,0.0,0.7659182
2020-05-29,0.0,0.07628406
2020-05-30,4.4,3.61269
2020-05-31,0.0,0.26321748
2020-06-01,0.0,0.18226007
2020-06-02,0.0,0.6714684
2020-06-03,6.3,1.354561
2020-06-04,0.0,1.8818401
2020-06-05,1.6,1.0590322
2020-06-06,5.6,2.8512266
2020-06-07,0.0,3.861859
2020-06-08,14.7,6.097458
2020-06-09,8.0,7.196224
2020-06-10,0.6,2.3120253
2020-06-11,3.0,2.172746
2020-06-12,3.0,4.4245944
2020-06-13,0.0,-0.26436833
2020-06-14,0.0,1.8052661
2020-06-15,0.2,0.91872644
2020-06-16,0.0,1.1955332
2020-06-17,0.0,0.9983672
2020-06-18,0.0,2.7062807
2020-06-19,0.0,3.54694
2020-06-20,1.1,1.9821426
2020-06-21,0.0,4.538298
2020-06-22,0.0,1.8972762
2020-06-23,0.0,0.33246768
2020-06-24,0.0,2.3762712
2020-06-25,0.0,0.21717049
2020-06-26,0.0,0.05596423
2020-06-27,14.2,5.1390653
2020-06-28,0.0,2.9795558
2020-06-29,0.6,1.8218638
2020-06-30,9.5,12.934039
2020-07-01,0.0,0.6439198
2020-07-02,1.9,4.8985567
2020-07-03,3.2,0.29617745
2020-07-04,0.0,0.13198681
2020-07-05,0.2,0.93846685
2020-07-06,3.5,6.7701764
2020-07-07,3.7,1.0790155
2020-07-08,4.800000000000001,2.3177314
2020-07-09,1.1,0.40997735
2020-07-10,0.5,7.648461
2020-07-11,2.5,1.4163145
2020-07-12,0.6,0.40684223
2020-07-13,0.0,0.042086422
2020-07-14,0.0,0.017294895
2020-07-15,0.0,0.11079244
2020-07-16,0.0,0.12888217
2020-07-17,0.0,0.17379045
2020-07-18,0.0,0.20368452
2020-07-19,0.0,0.41752964
2020-07-20,6.4,2.6733186
2020-07-21,3.5,2.0632553
2020-07-22,2.8,1.6764915
2020-07-23,5.9,1.725631
2020-07-24,0.0,0.13975891
2020-07-25,0.4,1.7952999
2020-07-26,0.0,0.25330004
2020-07-27,21.4,7.6296115
2020-07-28,0.0,0.96828353
2020-07-29,1.8,2.54772
2020-07-30,0.0,0.2782898
2020-07-31,2.8000000000000003,1.517049
2020-08-01,0.2,2.15773
2020-08-02,0.0,0.5476698
2020-08-03,0.0,0.32902277
2020-08-04,3.9,6.925854
2020-08-05,7.5,2.380777
2020-08-06,0.0,0.24168143
2020-08-07,0.0,-0.061268315
2020-08-08,0.0,0.48179024
2020-08-09,0.3,2.0825472
2020-08-10,0.0,0.8033352
2020-08-11,0.0,1.1935693
2020-08-12,0.0,0.006739367
2020-08-13,0.0,0.14964205
2020-08-14,0.0,0.45165375
2020-08-15,0.0,0.45056486
2020-08-16,0.0,-0.015111472
2020-08-17,0.0,0.035447203
2020-08-18,0.0,2.3959146
2020-08-19,0.7,1.5470264
2020-08-20,0.0,0.17767043
2020-08-21,0.0,2.1580272
2020-08-22,0.0,0.53419805
2020-08-23,1.7000000000000002,5.042944
2020-08-24,0.0,0.39235705
2020-08-25,5.9,3.0726633
2020-08-26,4.699999999999999,5.625882
2020-08-27,5.6,5.559404
2020-08-28,0.0,0.5509036
2020-08-29,0.4,1.3414576
2020-08-30,8.899999999999999,10.922094
2020-08-31,37.5,22.25459
2020-09-01,0.0,1.3892584
2020-09-02,0.0,3.5234506
2020-09-03,0.0,0.28614154
2020-09-04,0.0,0.1096828
2020-09-05,0.0,3.5154088
2020-09-06,9.4,7.2050347
2020-09-07,0.0,1.5995474
2020-09-08,0.4,1.2764407
2020-09-09,0.0,0.7450599
2020-09-10,1.3,1.5948122
2020-09-11,0.0,0.28880793
2020-09-12,0.0,0.032478318
2020-09-13,0.0,0.06583034
2020-09-14,0.0,0.38786465
2020-09-15,0.0,-0.0066741575
2020-09-16,0.0,-0.08626825
2020-09-17,2.9,2.3200452
2020-09-18,0.0,0.15162013
2020-09-19,0.0,0.10446423
2020-09-20,0.0,0.048279524
2020-09-21,0.0,0.06873142
2020-09-22,0.0,0.015559863
2020-09-23,0.0,0.017392777
2020-09-24,0.0,0.26666695
2020-09-25,0.0,0.16646184
2020-09-26,0.0,0.1554754
2020-09-27,0.4,2.958401
2020-09-28,0.0,0.27425867
2020-09-29,0.0,0.12767237
2020-09-30,0.0,0.1966948
2020-10-01,0.0,0.32019964
2020-10-02,0.2,0.82961637
2020-10-03,1.4,1.3057604
2020-10-04,0.0,0.68667394
2020-10-05,0.8,2.4635904
2020-10-06,0.3,1.0355281
2020-10-07,0.0,0.34815946
2020-10-08,1.3,0.36867258
2020-10-09,0.0,1.579836
2020-10-10,0.0,0.23138526
2020-10-11,4.7,2.144663
2020-10-12,2.1,4.7542887
2020-10-13,14.8,17.271858
2020-10-14,7.8,7.394252
2020-10-15,0.0,0.7155864
2020-10-16,0.0,0.27507395
2020-10-17,0.0,0.11681033
2020-10-18,2.6,1.2607915
2020-10-19,0.0,0.5693219
2020-10-20,0.0,0.14414428
2020-10-21,0.8999999999999999,2.487677
2020-10-22,2.5,0.67861414
2020-10-23,0.0,2.761422
2020-10-24,4.2,1.6948184
2020-10-25,0.0,0.17892121
2020-10-26,0.0,0.04475203
2020-10-27,0.0,0.10435655
2020-10-28,0.0,0.8160894
2020-10-29,1.4,1.4372321
2020-10-30,0.3,2.3048892
2020-10-31,1.6,0.37759003
2020-11-01,0.0,0.13863888
2020-11-02,0.0,0.95322317
2020-11-03,2.8,1.8999252
2020-11-04,2.5,6.2025304
2020-11-05,0.3,0.6166255
2020-11-06,1.1,0.6664054
2020-11-07,0.0,0.34426934
2020-11-08,0.3,0.47289482
2020-11-09,0.0,0.10494807
2020-11-10,0.0,0.38098368
2020-11-11,0.0,0.088215016
2020-11-12,0.0,0.0870621
2020-11-13,1.0,1.7386338
2020-11-14,0.7,0.5894649
2020-11-15,0.0,0.24664965
2020-11-16,0.0,0.41334802
2020-11-17,2.4,1.542167
2020-11-18,7.7,2.563081
2020-11-19,1.2,1.3988622
2020-11-20,0.3,0.50116754
2020-11-21,0.0,1.183107
2020-11-22,6.3,3.0971437
2020-11-23,1.0,0.45306188
2020-11-24,4.0,1.8278464
2020-11-25,0.8,1.5815692
2020-11-26,0.0,0.2968349
2020-11-27,4.3,3.2149105
2020-11-28,2.0,2.683675
2020-11-29,2.7,0.8464315
2020-11-30,0.9,0.66129327
2020-12-01,0.0,0.09386918
2020-12-02,0.0,0.098660044
2020-12-03,0.0,-0.015500367
2020-12-04,0.0,0.050795585
2020-12-05,0.0,0.12739491
2020-12-06,0.0,0.0011233574
2020-12-07,0.0,0.07488966
2020-12-08,0.0,0.008542377
2020-12-09,0.0,0.038128704
2020-12-10,1.6,1.3958832
2020-12-11,0.2,0.6299024
2020-12-12,0.0,0.69616
2020-12-13,1.3,0.14267634
2020-12-14,0.1,1.1622341
2020-12-15,0.0,0.056210004
2020-12-16,0.4,0.70863044
2020-12-17,0.0,0.648815
2020-12-18,2.2,1.9361207
2020-12-19,0.0,0.058299534
2020-12-20,0.0,0.073223844
2020-12-21,0.3,0.090258874
2020-12-22,2.2,1.8294845
2020-12-23,3.1,1.3165343
2020-12-24,3.4,4.7049828
2020-12-25,0.7,1.723688
2020-12-26,0.8,0.7624001
2020-12-27,0.2,0.19144309
2020-12-28,0.8,0.5984967
2020-12-29,3.9,2.138152
2020-12-30,1.4,2.215242
2020-12-31,0.8,0.25606242
2021-01-01,1.8,1.2386409
2021-01-02,0.3,0.22374249
2021-01-03,0.0,0.6445647
2021-01-04,0.0,0.9692603
2021-01-05,0.5,1.0169888
2021-01-06,1.3,1.5168062
2021-01-07,6.5,2.3449125
2021-01-08,7.3,6.521775
2021-01-09,2.0,2.0744722
2021-01-10,0.0,0.31814775
2021-01-11,0.5,0.3262943
2021-01-12,0.0,0.3222512
2021-01-13,4.1,3.5240726
2021-01-14,0.2,0.70932704
2021-01-15,0.1,0.49126095
2021-01-16,0.2,0.1810764
2021-01-17,0.1,0.1085274
2021-01-18,0.0,0.27075168
2021-01-19,0.0,0.14193545
2021-01-20,0.8,0.9664116
2021-01-21,0.5,0.5652447
2021-01-22,0.0,0.21488687
2021-01-23,0.0,0.25745714
2021-01-24,2.3,1.6653793
2021-01-25,5.7,6.908085
2021-01-26,17.6,20.499804
2021-01-27,4.7,4.7361126
2021-01-28,0.0,0.21348283
2021-01-29,1.2000000000000002,1.5215355
2021-01-30,0.2,0.24539362
2021-01-31,0.0,0.41281754
2021-02-01,0.0,0.23179622
2021-02-02,1.1,1.2941244
2021-02-03,0.3,1.722191
2021-02-04,0.9,0.91079015
2021-02-05,0.0,0.42051697
2021-02-06,0.0,0.08321646
2021-02-07,0.0,0.09219848
2021-02-08,0.5,0.6381091
2021-02-09,3.6,6.315696
2021-02-10,0.5,0.98290265
2021-02-11,0.0,0.3391711
2021-02-12,0.0,0.25443432
2021-02-13,0.1,0.38270628
2021-02-14,0.6000000000000001,1.217534
2021-02-15,0.0,0.10604979
2021-02-16,0.0,0.09033574
2021-02-17,0.0,0.16540743
2021-02-18,0.0,0.07867786
2021-02-19,0.0,0.10169906
2021-02-20,1.0,0.11256702
2021-02-21,0.0,0.08793042
2021-02-22,0.0,0.113201484
2021-02-23,0.0,0.58973885
2021-02-24,0.0,0.1709909
2021-02-25,0.4,-0.026160985
2021-02-26,0.0,-0.0010929767
2021-02-27,0.6000000000000001,0.12867449
2021-02-28,0.0,0.8664817
2021-03-01,0.0,0.110392295
2021-03-02,0.0,0.31434545
2021-03-03,0.0,0.099242344
2021-03-04,0.0,0.24476278
2021-03-05,0.0,0.7275172
2021-03-06,0.0,0.13991302
2021-03-07,2.4,5.2302976
2021-03-08,0.3,0.4537475
2021-03-09,0.0,0.20022552
2021-03-10,0.0,0.031522654
2021-03-11,0.0,0.6789052
2021-03-12,3.2,2.6269073
2021-03-13,2.7,2.199426
2021-03-14,1.8,1.3576475
2021-03-15,0.1,0.18157855
2021-03-16,0.0,0.19513896
2021-03-17,0.0,0.20820564
2021-03-18,0.0,0.44370446
2021-03-19,1.2,0.6557308
2021-03-20,0.0,0.123950996
2021-03-21,3.0,3.8205595
2021-03-22,0.1,0.21289665
2021-03-23,0.2,0.19258624
2021-03-24,0.0,0.10658597
2021-03-25,0.0,0.041954786
2021-03-26,0.0,0.11267017
2021-03-27,0.0,0.6392239
2021-03-28,0.1,1.4355745
2021-03-29,0.8,0.3804942
2021-03-30,1.1,0.58866054
2021-03-31,0.0,0.9054469
2021-04-01,3.7,1.6410996
2021-04-02,0.0,0.3179807
2021-04-03,0.1,1.1977679
2021-04-04,0.0,0.17303525
2021-04-05,1.5,1.4698033
2021-04-06,1.5,2.2586365
2021-04-07,0.2,1.0190542
2021-04-08,1.2,2.0778213
2021-04-09,0.0,0.2158276
2021-04-10,0.0,1.209462
2021-04-11,0.0,1.1930957
2021-04-12,0.0,0.03656386
2021-04-13,0.0,1.9690106
2021-04-14,3.3,4.014018
2021-04-15,3.8,3.7450726
2021-04-16,0.5,3.5479956
2021-04-17,2.0,0.29138398
2021-04-18,0.0,-0.0006859216
2021-04-19,0.0,0.086009644
2021-04-20,0.0,0.6230685
2021-04-21,0.0,0.30284464
2021-04-22,0.4,1.0629816
2021-04-23,2.3,2.2104077
2021-04-24,0.4,1.8444027
2021-04-25,0.1,1.0161135
2021-04-26,0.2,1.2022009
2021-04-27,1.6,1.1727427
2021-04-28,0.0,0.531681
2021-04-29,0.0,2.4677708
2021-04-30,1.9,2.1002839
2021-05-01,0.0,0.20779942
2021-05-02,8.1,6.9244585
2021-05-03,21.5,15.779773
2021-05-04,0.0,0.85066557
2021-05-05,7.4,6.811665
2021-05-06,6.3,4.18834
2021-05-07,7.3,6.44334
2021-05-08,0.0,1.2231277
2021-05-09,0.0,0.12050056
2021-05-10,0.0,0.13578461
2021-05-11,0.0,0.19986543
2021-05-12,0.0,0.07125557
2021-05-13,13.0,12.927225
2021-05-14,13.2,9.884142
2021-05-15,0.8,0.7487483
2021-05-16,6.7,3.2536254
2021-05-17,5.7,8.039601
2021-05-18,8.6,6.4424043
2021-05-19,1.6,7.505671
2021-05-20,6.699999999999999,1.4535068
2021-05-21,0.0,2.9453104
2021-05-22,8.9,7.010498
2021-05-23,7.3,8.618471
2021-05-24,0.5,1.2888165
2021-05-25,1.9,5.447016
2021-05-26,13.2,6.5727153
2021-05-27,0.5,1.6143792
2021-05-28,5.0,1.4867128
2021-05-29,2.8000000000000003,1.6174955
2021-05-30,0.0,0.32148504
2021-05-31,0.0,0.118010096
2021-06-01,0.0,0.06448973
2021-06-02,0.0,0.2100754
2021-06-03,0.0,0.22418341
2021-06-04,0.0,0.19344567
2021-06-05,5.4,1.1502856
2021-06-06,0.0,0.39032537
2021-06-07,0.0,0.9114251
2021-06-08,0.0,0.44411618
2021-06-09,12.9,4.6781306
2021-06-10,2.8,2.3566492
2021-06-11,2.5,1.9501086
2021-06-12,8.9,6.9146786
2021-06-13,1.7,2.0039852
2021-06-14,0.0,0.71722054
2021-06-15,0.0,1.2704358
2021-06-16,0.0,0.9735106
2021-06-17,0.0,0.1936835
2021-06-18,0.0,0.19544369
2021-06-19,0.0,-0.016231725
2021-06-20,0.0,0.8003867
2021-06-21,0.0,1.4415797
2021-06-22,0.0,0.965983
2021-06-23,5.0,2.4877224
2021-06-24,11.1,6.21711
2021-06-25,1.4,4.840698
2021-06-26,2.3,6.392826
2021-06-27,1.0,0.5451259
2021-06-28,0.0,1.7931732
2021-06-29,0.0,3.3109677
2021-06-30,0.0,0.5951606
2021-07-01,4.3,5.059718
2021-07-02,0.3,0.53969955
2021-07-03,0.0,0.9353684
2021-07-04,0.0,0.41139328
2021-07-05,0.4,1.7803686
2021-07-06,79.8,42.273525
2021-07-07,0.0,-0.09977206
2021-07-08,0.0,-0.16675787
2021-07-09,0.0,0.4764599
2021-07-10,0.0,0.089782566
2021-07-11,0.0,1.9199868
2021-07-12,0.0,0.039505005
2021-07-13,0.0,1.1207111
2021-07-14,0.7,1.9005815
2021-07-15,0.0,0.13941516
2021-07-16,0.0,0.6786966
2021-07-17,2.2,1.4855565
2021-07-18,0.0,7.940686
2021-07-19,0.0,0.4756936
2021-07-20,0.0,0.68460053
2021-07-21,0.0,0.7823796
2021-07-22,0.0,0.00863005
2021-07-23,0.0,0.34127262
2021-07-24,0.0,0.6718018
2021-07-25,0.0,-0.05505766
2021-07-26,0.0,0.32544744
2021-07-27,1.4,2.5517945
2021-07-28,0.0,2.0767186
2021-07-29,4.4,8.527194
2021-07-30,0.0,0.57882667
2021-07-31,0.0,1.1660287
2021-08-01,1.1,1.8917778
2021-08-02,33.5,19.85455
2021-08-03,0.6,1.2281759
2021-08-04,12.8,4.00125
2021-08-05,0.1,1.2740772
2021-08-06,25.4,18.54924
2021-08-07,1.9,2.5933166
2021-08-08,2.3,0.6189621
2021-08-09,0.0,1.7207347
2021-08-10,0.0,0.8114455
2021-08-11,1.3,3.1762369
2021-08-12,3.9,1.9809009
2021-08-13,0.0,0.17087333
2021-08-14,0.0,0.70503086
2021-08-15,0.0,0.36858872
2021-08-16,0.0,0.48638773
2021-08-17,9.7,19.944462
2021-08-18,0.0,0.19905187
2021-08-19,0.1,1.1541152
2021-08-20,0.2,2.7174158
2021-08-21,6.7,5.10299
2021-08-22,0.0,0.45901647
2021-08-23,0.0,0.060641207
2021-08-24,0.0,0.025448155
2021-08-25,0.0,0.38506538
2021-08-26,2.4,0.7258249
2021-08-27,0.0,0.35622093
2021-08-28,1.7,1.6432738
2021-08-29,7.2,2.0998209
2021-08-30,16.2,10.876317
2021-08-31,19.2,10.534977
2021-09-01,1.2000000000000002,1.8873774
2021-09-02,0.0,0.2016826
2021-09-03,3.5,2.4409041
2021-09-04,0.0,0.41533434
2021-09-05,0.1,0.29020736
2021-09-06,0.0,0.06731982
2021-09-07,0.0,0.044432
2021-09-08,0.0,0.056857377
2021-09-09,0.0,0.049968414
2021-09-10,0.0,0.038271286
2021-09-11,0.0,0.040210694
2021-09-12,0.0,1.9429721
2021-09-13,1.0,1.2513415
2021-09-14,0.0,0.560765
2021-09-15,0.0,0.102815986
2021-09-16,6.0,7.82564
2021-09-17,4.9,3.2195373
2021-09-18,8.1,0.82775396
2021-09-19,9.1,11.728711
2021-09-20,1.7000000000000002,2.078065
2021-09-21,0.3,0.7765926
2021-09-22,0.1,0.26262757
2021-09-23,4.1,6.3272934
2021-09-24,12.0,8.005095
2021-09-25,1.5,1.4598205
2021-09-26,0.0,0.16719788
2021-09-27,0.0,0.097848706
2021-09-28,0.0,0.019624453
2021-09-29,0.0,0.07594068
2021-09-30,0.0,0.24615958
2021-10-01,0.3,0.6043482
2021-10-02,1.3,0.55518985
2021-10-03,0.0,-0.009765598
2021-10-04,0.0,0.4083225
2021-10-05,0.0,-0.015987493
2021-10-06,0.0,-0.08022237
2021-10-07,0.0,0.039567165
2021-10-08,0.0,-0.00836461
2021-10-09,0.0,0.020870179
2021-10-10,0.0,0.026377287
2021-10-11,0.0,-0.029876076
2021-10-12,0.0,-0.01415025
2021-10-13,0.1,0.17371403
2021-10-14,0.0,0.15845263
2021-10-15,3.7,2.750532
2021-10-16,1.4,1.7871852
2021-10-17,0.0,1.3060801
2021-10-18,2.0,0.47800112
2021-10-19,0.0,0.10665249
2021-10-20,2.0,2.4933665
2021-10-21,2.3,2.2340791
2021-10-22,2.7,2.0660918
2021-10-23,3.5,0.96130526
2021-10-24,0.0,0.21699789
2021-10-25,0.0,0.124175675
2021-10-26,0.0,0.06827379
2021-10-27,3.0,2.294582
2021-10-28,2.1,0.81315345
2021-10-29,0.0,0.2595328
2021-10-30,0.0,-0.019212289
2021-10-31,0.0,-0.05836436
2021-11-01,0.0,0.09860959
2021-11-02,0.0,0.6906871
2021-11-03,10.4,6.153492
2021-11-04,0.2,3.170801
2021-11-05,0.7,0.9065679
2021-11-06,1.9,5.500573
2021-11-07,3.4,4.071918
2021-11-08,6.4,2.1156068
2021-11-09,0.0,0.20883267
2021-11-10,0.3,0.10691622
2021-11-11,0.4,0.76219237
2021-11-12,0.2,0.10497712
2021-11-13,0.0,0.7304752
2021-11-14,0.0,0.16888826
2021-11-15,0.0,0.14437972
2021-11-16,0.0,0.47283992
2021-11-17,0.0,0.57041043
2021-11-18,0.9,1.8415786
2021-11-19,8.6,6.9455943
2021-11-20,3.6,7.7165103
2021-11-21,11.2,9.195414
2021-11-22,0.1,0.2752662
2021-11-23,2.8000000000000003,2.0168428
2021-11-24,0.0,0.29882184
2021-11-25,0.7,0.30609787
2021-11-26,0.0,2.4965804
2021-11-27,11.2,6.5422845
2021-11-28,0.1,1.4377264
2021-11-29,10.5,12.55306
2021-11-30,1.3,2.1210241
2021-12-01,0.0,1.9707991
2021-12-02,6.4,2.1891901
2021-12-03,0.4,0.5588118
2021-12-04,2.2,3.2274313
2021-12-05,0.0,0.53060293
2021-12-06,0.6000000000000001,1.4162611
2021-12-07,0.1,0.28347027
2021-12-08,0.0,0.15863991
2021-12-09,0.0,0.075703815
2021-12-10,0.6,1.2989585
2021-12-11,4.4,3.989691
2021-12-12,0.0,1.1589688
2021-12-13,0.0,0.11414684
2021-12-14,0.1,0.29712275
2021-12-15,0.2,0.6134005
2021-12-16,1.1,0.6127619
2021-12-17,0.5,0.15739971
2021-12-18,3.3,1.966995
2021-12-19,0.7,1.5498859
2021-12-20,1.0,0.74951214
2021-12-21,0.9,0.2216162
2021-12-22,0.0,0.268995
2021-12-23,0.3,0.26473948
2021-12-24,2.1,1.3772628
2021-12-25,0.0,0.25461438
2021-12-26,1.0,1.1684529
2021-12-27,0.0,0.26040316
2021-12-28,0.0,0.065210745
2021-12-29,0.0,0.08109848
2021-12-30,0.3,1.1945194
2021-12-31,4.7,4.9397163
2022-01-01,0.3,1.0136491
2022-01-02,9.8,11.376935
2022-01-03,6.6000000000000005,6.3592076
2022-01-04,1.7999999999999998,4.665969
2022-01-05,4.5,0.6774465
2022-01-06,1.0,1.1778344
2022-01-07,0.0,0.24283929
2022-01-08,0.0,0.42338717
2022-01-09,0.0,0.12822123
2022-01-10,0.0,0.6996876
2022-01-11,0.0,0.058673583
2022-01-12,0.0,0.07302981
2022-01-13,0.7,0.22881328
2022-01-14,0.7,0.67308545
2022-01-15,0.0,0.3681949
2022-01-16,0.0,2.053631
2022-01-17,4.2,4.392449
2022-01-18,0.0,0.4194225
2022-01-19,0.1,0.44693014
2022-01-20,3.9,2.64348
2022-01-21,4.0,3.5018098
2022-01-22,0.7000000000000001,1.3556652
2022-01-23,0.0,0.3604895
2022-01-24,0.2,0.31595263
2022-01-25,0.7,0.86103857
2022-01-26,0.7999999999999999,1.1727746
2022-01-27,2.5,3.6142948
2022-01-28,5.4,4.077429
2022-01-29,2.9,4.727466
2022-01-30,8.1,5.2188134
2022-01-31,1.1,2.5561655
2022-02-01,0.8,1.2223389
2022-02-02,1.3,2.5589144
2022-02-03,0.3999999999999999,0.2320504
2022-02-04,0.4,0.74303985
2022-02-05,2.5,2.9776204
2022-02-06,1.7,4.786969
2022-02-07,2.9000000000000004,7.2705097
2022-02-08,0.8999999999999999,1.5240598
2022-02-09,1.6,0.84470195
2022-02-10,0.1,0.45797315
2022-02-11,0.1,1.0128356
2022-02-12,0.4,0.17608763
2022-02-13,0.0,0.118058994
2022-02-14,0.0,0.09267861
2022-02-15,0.0,0.11421858
2022-02-16,1.8,3.425956
2022-02-17,12.0,9.268571
2022-02-18,2.4000000000000004,2.0522962
2022-02-19,5.8,5.2362266
2022-02-20,0.1,2.4865263
2022-02-21,7.2,6.847816
2022-02-22,2.4,2.0525217
2022-02-23,1.3,1.1969523
2022-02-24,0.0,0.17922053
2022-02-25,1.3,0.7534165
2022-02-26,0.0,0.3438405
2022-02-27,0.0,0.091296114
2022-02-28,0.0,0.08882521
2022-03-01,0.0,0.04621262
2022-03-02,0.0,0.046956472
2022-03-03,0.0,0.08642312
2022-03-04,0.0,0.51722693
2022-03-05,0.0,0.08803262
2022-03-06,0.0,0.08691544
2022-03-07,0.6,0.585476
2022-03-08,0.0,0.1337584
2022-03-09,0.6000000000000001,0.087654024
2022-03-10,0.0,0.0771266
2022-03-11,0.0,0.06545466
2022-03-12,0.0,0.078351155
2022-03-13,0.0,0.071490355
2022-03-14,0.0,0.041624337
2022-03-15,0.0,0.10304203
2022-03-16,0.0,0.046018153
2022-03-17,0.0,0.04086735
2022-03-18,0.0,0.04073455
2022-03-19,0.0,0.04775951
2022-03-20,0.0,0.076161474
2022-03-21,0.0,0.05256381
2022-03-22,0.0,0.097521804
2022-03-23,0.0,0.018747482
2022-03-24,0.0,0.124161206
2022-03-25,0.0,0.004168624
2022-03-26,0.0,0.21424499
2022-03-27,0.0,0.21264645
2022-03-28,0.0,2.3223822
2022-03-29,0.0,0.16157329
2022-03-30,0.0,0.19696885
2022-03-31,0.0,0.18348774
2022-04-01,0.0,0.17444506
2022-04-02,0.0,0.23567453
2022-04-03,0.0,4.394852
2022-04-04,0.0,1.6680024
2022-04-05,2.5,4.860321
2022-04-06,0.8999999999999999,2.713875
2022-04-07,0.4,0.6846518
2022-04-08,3.5,4.921331
2022-04-09,0.0,0.8930538
2022-04-10,0.0,0.9033946
2022-04-11,0.0,0.44361225
2022-04-12,0.0,0.7189035
2022-04-13,0.0,0.077902846
2022-04-14,0.0,0.30954173
2022-04-15,4.0,1.4967501
2022-04-16,0.0,0.27347448
2022-04-17,0.0,0.07760184
2022-04-18,0.0,1.1099595
2022-04-19,7.5,3.7033794
2022-04-20,3.1,4.590754
2022-04-21,0.0,0.11521638
2022-04-22,0.0,1.2746091
2022-04-23,15.4,12.168884
2022-04-24,13.6,7.0870185
2022-04-25,0.0,0.790221
2022-04-26,0.0,0.29148713
2022-04-27,0.0,0.13939397
2022-04-28,0.0,0.07725696
2022-04-29,0.0,0.035745226
2022-04-30,0.0,0.07398214
2022-05-01,0.1,0.90963954
2022-05-02,0.0,0.586073
2022-05-03,0.4,0.23944888
2022-05-04,0.0,0.13767517
2022-05-05,0.0,0.07101251
2022-05-06,3.7,4.4432554
2022-05-07,0.0,0.8454279
2022-05-08,0.3,0.05705872
2022-05-09,0.0,0.06700113
2022-05-10,0.0,0.008793939
2022-05-11,0.0,0.03807894
2022-05-12,8.5,6.768647
2022-05-13,0.0,0.16107593
2022-05-14,2.2,1.4917719
2022-05-15,0.6,0.35884836
2022-05-16,0.0,0.37261292
2022-05-17,1.0,0.9868139
2022-05-18,0.0,0.03626743
2022-05-19,0.0,1.4068928
2022-05-20,3.3000000000000003,3.858923
2022-05-21,24.1,21.731462
2022-05-22,1.1,2.4871733
2022-05-23,0.0,0.18858372
2022-05-24,0.0,0.10272268
2022-05-25,0.0,6.021344
2022-05-26,19.0,11.607156
2022-05-27,3.6,4.440077
2022-05-28,5.0,2.0754766
2022-05-29,4.1,2.1815858
2022-05-30,14.5,11.632016
2022-05-31,0.5,0.89472646
2022-06-01,7.2,5.662903
2022-06-02,5.9,1.6965364
2022-06-03,0.0,0.7872043
2022-06-04,0.0,1.427779
2022-06-05,0.0,0.00054333225
2022-06-06,0.0,0.042239353
2022-06-07,0.0,0.30826193
2022-06-08,5.5,4.477634
2022-06-09,11.2,2.5278459
2022-06-10,0.0,0.14219496
2022-06-11,0.0,0.960679
2022-06-12,0.0,0.12946531
2022-06-13,8.4,3.5669086
2022-06-14,18.8,23.353983
2022-06-15,0.1,0.36885467
2022-06-16,1.1,1.0986995
2022-06-17,3.6,0.29916376
2022-06-18,0.2,0.22316967
2022-06-19,0.0,1.1223701
2022-06-20,1.0,9.628052
2022-06-21,53.7,37.139706
2022-06-22,1.5,0.33503652
2022-06-23,0.0,0.14006937
2022-06-24,0.0,0.10320226
2022-06-25,0.0,0.26616865
2022-06-26,0.0,0.48026562
2022-06-27,0.0,-0.00056055485
2022-06-28,4.1,0.55907196
2022-06-29,7.1000000000000005,6.274853
2022-06-30,0.0,-0.13160625
2022-07-01,0.0,-0.6159144
2022-07-02,0.2,-1.1411332
2022-07-03,0.3,3.4431913
2022-07-04,0.1,1.2634217
2022-07-05,0.0,0.1903811
2022-07-06,35.5,31.206493
2022-07-07,0.0,0.9180437
2022-07-08,8.9,1.8344562
2022-07-09,0.6,1.6732112
2022-07-10,0.0,0.89273584
2022-07-11,0.9,0.80486673
2022-07-12,30.8,30.019556
2022-07-13,0.0,1.0225788
2022-07-14,0.0,0.35892752
2022-07-15,7.4,1.3236992
2022-07-16,1.9,2.867554
2022-07-17,1.1,2.3067782
2022-07-18,0.2,1.7427831
2022-07-19,0.0,0.71764636
2022-07-20,0.0,0.100616045
2022-07-21,0.0,-0.078282624
2022-07-22,0.0,0.5975227
2022-07-23,0.0,3.2929769
2022-07-24,9.9,5.781718
2022-07-25,0.0,0.0862439
2022-07-26,0.0,1.6395657
2022-07-27,4.1000000000000005,6.078163
2022-07-28,1.7,0.7008129
2022-07-29,0.0,0.12572138
2022-07-30,0.0,0.09243993
2022-07-31,10.6,9.880973
2022-08-01,2.1,7.3270445
2022-08-02,0.0,0.6315016
2022-08-03,0.0,0.57491016
2022-08-04,0.0,-0.007850786
2022-08-05,0.0,0.49465966
2022-08-06,29.3,14.366347
2022-08-07,0.0,-0.4218202
2022-08-08,0.0,-8.333863e-05
2022-08-09,0.0,0.5002433
2022-08-10,0.0,0.46803477
2022-08-11,0.0,0.092662714
2022-08-12,0.0,0.14825062
2022-08-13,0.0,0.009071059
2022-08-14,0.0,3.2074687
2022-08-15,0.0,0.8244662
2022-08-16,0.0,0.6683248
2022-08-17,0.0,-0.012163761
2022-08-18,0.0,0.87657833
2022-08-19,0.0,0.6965606
2022-08-20,0.0,0.5459413
2022-08-21,0.0,0.519078
2022-08-22,0.0,0.10347358
2022-08-23,0.0,0.068479724
2022-08-24,0.0,0.45494446
2022-08-25,0.0,1.1242814
2022-08-26,21.9,10.206893
2022-08-27,0.0,4.818592
2022-08-28,0.0,3.1470335
2022-08-29,0.0,4.2849655
2022-08-30,1.1,3.7680583
2022-08-31,0.7,0.9677489
2022-09-01,0.0,0.27924547
2022-09-02,0.0,0.9747855
2022-09-03,0.0,0.52283776
2022-09-04,0.0,1.0242693
2022-09-05,0.0,1.1517671
2022-09-06,0.0,0.030670488
2022-09-07,0.0,0.34127057
2022-09-08,0.0,0.012400197
2022-09-09,0.0,-0.0061613307
2022-09-10,0.0,0.09773088
2022-09-11,12.7,8.239919
2022-09-12,5.6,1.3268635
2022-09-13,0.2,0.7829771
2022-09-14,1.8,3.9412532
2022-09-15,2.0,0.3823728
2022-09-16,0.0,0.5354282
2022-09-17,1.0,1.0930928
2022-09-18,0.0,0.7602908
2022-09-19,1.8,2.062383
2022-09-20,1.0,0.88392305
2022-09-21,2.4,1.6884689
2022-09-22,1.0,0.9198091
2022-09-23,0.0,0.2845901
2022-09-24,0.0,0.17305022
2022-09-25,0.0,0.3726093
2022-09-26,0.0,0.26079997
2022-09-27,0.0,0.8433307
2022-09-28,7.5,9.804976
2022-09-29,3.5,1.1246173
2022-09-30,0.0,0.23869199
2022-10-01,8.1,6.600685
2022-10-02,0.0,0.53375345
2022-10-03,12.0,16.111248
2022-10-04,19.3,11.1080675
2022-10-05,0.0,0.4285795
2022-10-06,0.0,0.52432245
2022-10-07,0.0,-0.016027384
2022-10-08,0.0,0.43656185
2022-10-09,0.7999999999999999,0.43626797
2022-10-10,0.0,0.09280306
2022-10-11,0.0,0.49904302
2022-10-12,0.5,0.5774291
2022-10-13,0.8,0.08695181
2022-10-14,0.0,0.07052563
2022-10-15,0.0,2.1101525
2022-10-16,0.9,1.6429329
2022-10-17,0.0,0.13364531
2022-10-18,0.0,0.723299
2022-10-19,0.6000000000000001,2.557352
2022-10-20,0.0,0.13409548
2022-10-21,0.0,0.09111362
2022-10-22,0.0,1.01354
2022-10-23,0.6000000000000001,0.7837446
2022-10-24,0.0,1.9961525
2022-10-25,3.2,1.1640126
2022-10-26,0.8,1.4491372
2022-10-27,0.0,0.4162757
2022-10-28,0.0,0.20642775
2022-10-29,0.3,0.67081743
2022-10-30,0.0,0.8962788
2022-10-31,0.0,0.16152938
2022-11-01,0.0,0.4909862
2022-11-02,1.5,2.3457558
2022-11-03,0.3,3.19586
2022-11-04,0.0,0.09197528
2022-11-05,0.8,0.3611942
2022-11-06,4.5,5.5778723
2022-11-07,0.0,0.21915267
2022-11-08,0.1,0.11939853
2022-11-09,0.1,0.14762259
2022-11-10,5.0,2.6045134
2022-11-11,0.3,1.4532018
2022-11-12,0.2,0.46173754
2022-11-13,0.0,0.03962353
2022-11-14,0.0,0.27535382
2022-11-15,0.5,0.31961358
2022-11-16,0.5,0.10963536
2022-11-17,0.8,0.77681565
2022-11-18,2.4,0.6885595
2022-11-19,0.5,0.37820634
2022-11-20,0.0,0.8702854
2022-11-21,0.0,0.13916227
2022-11-22,0.0,0.2342147
2022-11-23,0.0,0.3995844
2022-11-24,1.4,1.139026
2022-11-25,1.0,1.1338576
2022-11-26,3.0,2.3789692
2022-11-27,0.3,0.28253886
2022-11-28,1.6,0.9021318
2022-11-29,0.0,0.2016605
2022-11-30,0.0,0.067050576
2022-12-01,0.0,0.041500375
2022-12-02,0.0,0.06463225
2022-12-03,0.3,1.185024
2022-12-04,0.0,0.6227944
2022-12-05,0.0,0.11346061
2022-12-06,0.7,1.3108366
2022-12-07,5.9,3.740197
2022-12-08,2.6,0.8940362
2022-12-09,5.4,1.8599712
2022-12-10,0.0,0.18919763
2022-12-11,12.7,12.215043
2022-12-12,0.8,1.605594
2022-12-13,1.2000000000000002,2.064012
2022-12-14,0.2,0.21018015
2022-12-15,0.7000000000000001,1.284677
2022-12-16,0.0,2.1528847
2022-12-17,0.0,0.08674661
2022-12-18,0.0,0.08085753
2022-12-19,0.0,0.102643654
2022-12-20,3.7,4.129252
2022-12-21,1.6,3.1820416
2022-12-22,0.6,2.4122365
2022-12-23,5.4,2.3958437
2022-12-24,0.9,0.20485558
2022-12-25,0.0,0.23468955
2022-12-26,6.3,5.590045
2022-12-27,0.5,0.6473862
2022-12-28,1.1,2.7607214
2022-12-29,2.9,2.4706564
2022-12-30,6.1000000000000005,1.1701019
2022-12-31,2.3,3.413357
2023-01-01,1.7000000000000002,1.1250944
2023-01-02,5.1,5.176047
2023-01-03,1.5,0.98628604
2023-01-04,1.2,4.153105
2023-01-05,18.4,11.171416
2023-01-06,0.0,0.32579613
2023-01-07,0.5,0.70442146
2023-01-08,0.3,0.14186855
2023-01-09,1.0,2.3906283
2023-01-10,6.2,6.497179
2023-01-11,0.2,0.17731345
2023-01-12,0.9,0.9036709
2023-01-13,1.7,3.065728
2023-01-14,0.2,1.1937648
2023-01-15,8.5,5.7511134
2023-01-16,1.3,0.7085204
2023-01-17,1.9,4.546579
2023-01-18,7.9,7.1714396
2023-01-19,3.0,2.4064772
2023-01-20,5.4,5.454459
2023-01-21,0.0,1.9152211
2023-01-22,0.2,0.12000059
2023-01-23,0.0,-0.021750152
2023-01-24,0.0,0.14522211
2023-01-25,0.0,0.053446785
2023-01-26,0.8,2.375058
2023-01-27,1.5,1.2578282
2023-01-28,0.0,0.20463833
2023-01-29,1.1,1.3303084
2023-01-30,2.8,2.7878008
2023-01-31,1.2000000000000002,1.1646143
2023-02-01,5.2,5.476275
2023-02-02,0.9,1.2416284
2023-02-03,0.0,0.42884794
2023-02-04,0.1,0.49548241
2023-02-05,0.0,0.09909192
2023-02-06,0.1,0.110676914
2023-02-07,0.0,0.115687974
2023-02-08,0.0,0.09261434
2023-02-09,0.0,0.060889743
2023-02-10,0.0,0.018280568
2023-02-11,5.0,3.9142494
2023-02-12,0.0,0.14083864
2023-02-13,0.0,0.027806293
2023-02-14,0.0,0.085554786
2023-02-15,0.0,0.06481065
2023-02-16,0.2,0.080556124
2023-02-17,3.7,4.1564403
2023-02-18,3.0,3.599109
2023-02-19,0.0,0.20886394
2023-02-20,7.5,7.0877786
2023-02-21,0.0,1.2298877
2023-02-22,0.2,1.3562322
2023-02-23,0.0,0.21471861
2023-02-24,6.1000000000000005,3.5175517
2023-02-25,0.6,2.1064956
2023-02-26,0.3,0.6622852
2023-02-27,0.0,0.19752651
2023-02-28,0.0,0.08027564
2023-03-01,0.0,0.09622069
2023-03-02,0.0,0.112792164
2023-03-03,0.0,0.65668
2023-03-04,1.2,1.2173523
2023-03-05,0.5,1.0160055
2023-03-06,0.1,0.80797035
2023-03-07,0.7,2.0720408
2023-03-08,2.1,0.9487795
2023-03-09,0.0,0.23938723
2023-03-10,6.5,6.1770124
2023-03-11,7.8,5.04746
2023-03-12,0.9,2.0375454
2023-03-13,3.4000000000000004,3.956133
2023-03-14,1.3,1.8852174
2023-03-15,0.2,1.5812396
2023-03-16,0.0,0.5752899
2023-03-17,0.0,0.10842553
2023-03-18,0.0,0.098164216
2023-03-19,0.0,0.21904805
2023-03-20,0.6000000000000001,0.71341646
2023-03-21,0.0,0.42194223
2023-03-22,0.1,1.1058748
2023-03-23,2.7,1.5051178
2023-03-24,3.9,5.856945
2023-03-25,4.7,2.0540144
2023-03-26,3.9,1.8345244
2023-03-27,0.5,2.0302908
2023-03-28,0.0,0.68877226
2023-03-29,0.0,0.19128674
2023-03-30,0.0,1.0507687
2023-03-31,2.0,6.06202
2023-04-01,7.9,6.8849616
2023-04-02,1.7,3.968845
2023-04-03,0.0,0.4727263
2023-04-04,2.5,2.0169084
2023-04-05,0.1,1.6675545
2023-04-06,0.2,1.0436845
2023-04-07,0.0,0.5323123
2023-04-08,0.0,2.518655
2023-04-09,0.3,1.1474208
2023-04-10,0.0,1.6726946
2023-04-11,0.0,0.39619073
2023-04-12,0.2,0.8300185
2023-04-13,2.3000000000000003,3.105726
2023-04-14,0.1,1.3382739
2023-04-15,0.0,0.42530715
2023-04-16,7.2,3.5171738
2023-04-17,0.0,0.4571314
2023-04-18,0.0,2.4227645
2023-04-19,3.9,2.026688
2023-04-20,0.0,0.08487915
2023-04-21,0.0,-0.04054872
2023-04-22,0.0,-0.03686934
2023-04-23,0.0,0.109178044
2023-04-24,0.0,0.21231115
2023-04-25,0.4,1.0938827
2023-04-26,3.4,5.2215714
2023-04-27,0.0,0.27054924
2023-04-28,0.0,0.51909566
2023-04-29,0.0,0.04032801
2023-04-30,2.0,1.0974511
2023-05-01,0.0,0.13747497
2023-05-02,2.2,4.285951
2023-05-03,0.0,0.14006148
2023-05-04,0.0,0.73261344
2023-05-05,0.0,-0.027299073
2023-05-06,0.0,0.049113266
2023-05-07,0.0,-0.008282113
2023-05-08,0.0,-0.0015712192
2023-05-09,0.0,0.15762775
2023-05-10,0.0,0.12148258
2023-05-11,0.0,0.118389815
2023-05-12,0.0,0.123402156
2023-05-13,0.0,-0.023545329
2023-05-14,0.0,0.049741603
2023-05-15,0.0,2.0052755
2023-05-16,3.7,1.212641
2023-05-17,24.1,18.409761
2023-05-18,1.0,0.44067994
2023-05-19,0.0,0.028146712
2023-05-20,0.0,0.06662389
2023-05-21,0.0,-0.009265116
2023-05-22,0.0,0.17975606
2023-05-23,0.0,8.606755e-05
2023-05-24,0.0,0.0737488
2023-05-25,0.0,-0.013408306
2023-05-26,0.0,-0.09674589
2023-05-27,0.0,0.01790319
2023-05-28,0.0,0.031763934
2023-05-29,0.0,0.086386
2023-05-30,0.0,0.083033636
2023-05-31,0.0,0.016182734
2023-06-01,0.0,0.17479508
2023-06-02,2.5,1.4321477
2023-06-03,0.0,0.12059983
2023-06-04,0.0,0.024193626
2023-06-05,0.0,-0.04854905
2023-06-06,0.0,-0.001941737
2023-06-07,0.0,0.0076893014
2023-06-08,0.0,-0.061057888
2023-06-09,0.0,0.026526716
2023-06-10,0.0,0.17273097
2023-06-11,0.0,0.02525615
2023-06-12,0.0,0.27529913
2023-06-13,0.1,0.79669863
2023-06-14,0.0,0.70261556
2023-06-15,2.0,0.072049625
2023-06-16,3.8,0.95521766
2023-06-17,5.7,5.320332
2023-06-18,1.1,0.9726073
2023-06-19,1.0,2.3061755
2023-06-20,0.0,2.155406
2023-06-21,0.0,0.16817072
2023-06-22,0.1,2.2593734
2023-06-23,0.0,0.5635896
2023-06-24,0.0,0.2652921
2023-06-25,1.5,1.0042925
2023-06-26,0.1,0.8395863
2023-06-27,8.600000000000001,6.993842
2023-06-28,8.6,6.887053
2023-06-29,0.5,2.4598753
2023-06-30,0.0,0.9581253
2023-07-01,1.3,3.0191133
2023-07-02,2.7,3.114395
2023-07-03,0.0,0.8881401
2023-07-04,0.1,0.31124842
2023-07-05,0.0,0.16076387
2023-07-06,1.3,1.3290824
2023-07-07,0.0,0.34231332
2023-07-08,0.0,-0.03541342
2023-07-09,0.5,1.5443296
2023-07-10,0.0,0.6401694
2023-07-11,0.0,0.11089583
2023-07-12,0.0,0.12728205
2023-07-13,0.5,0.264937
2023-07-14,0.0,1.4861389
2023-07-15,0.0,0.13830906
2023-07-16,0.0,0.44114196
2023-07-17,0.0,1.049394
2023-07-18,21.8,13.684179
2023-07-19,0.0,1.297609
2023-07-20,0.0,1.7745543
2023-07-21,0.0,0.6438284
2023-07-22,6.0,2.166881
2023-07-23,0.5,0.8313076
2023-07-24,1.1,1.3620404
2023-07-25,0.0,3.1342578
2023-07-26,0.0,1.3615136
2023-07-27,6.5,3.5243301
2023-07-28,1.3,1.49129
2023-07-29,0.8,0.30023128
2023-07-30,9.9,5.1515307
2023-07-31,1.1,3.3336434
2023-08-01,0.1,1.2612201
2023-08-02,4.3,5.31789
2023-08-03,0.9,1.9250622
2023-08-04,0.0,0.86911064
2023-08-05,22.8,16.134008
2023-08-06,0.1,0.6077116
2023-08-07,57.5,35.3224
2023-08-08,0.7,0.9923636
2023-08-09,0.0,1.5502577
2023-08-10,2.1,3.4089801
2023-08-11,4.8,1.7142333
2023-08-12,0.0,0.17644103
2023-08-13,0.0,0.37032345
2023-08-14,0.0,0.31883213
2023-08-15,0.0,-0.094385356
2023-08-16,0.0,-0.65410554
2023-08-17,0.0,1.7470535
2023-08-18,0.0,0.2111525
2023-08-19,0.0,0.10743029
2023-08-20,0.0,3.2166085
2023-08-21,0.0,0.805893
2023-08-22,0.0,-0.086517885
2023-08-23,0.0,-0.097145855
2023-08-24,0.6000000000000001,0.79314405
2023-08-25,0.0,0.08218482
2023-08-26,18.3,10.679281
2023-08-27,1.1,1.2679954
2023-08-28,0.2,1.8494616
2023-08-29,0.7,0.8263367
2023-08-30,1.0,3.1525655
2023-08-31,8.1,8.404209
2023-09-01,0.6,0.55993325
2023-09-02,0.2,0.34471157
2023-09-03,0.0,0.14621627
2023-09-04,0.0,0.09623866
2023-09-05,0.0,6.8218546
2023-09-06,0.0,1.0086043
2023-09-07,0.0,-0.03102312
2023-09-08,0.0,-0.018931922
2023-09-09,0.0,-0.09897381
2023-09-10,0.0,-0.11352875
2023-09-11,0.0,0.20722343
2023-09-12,0.0,0.12063692
2023-09-13,0.0,-0.031375185
2023-09-14,1.4,3.3464243
2023-09-15,0.0,0.20084687
2023-09-16,0.0,0.005165121
2023-09-17,0.0,0.2660427
2023-09-18,0.0,3.0956526
2023-09-19,0.0,2.2555914
2023-09-20,0.0,0.41458297
2023-09-21,0.0,0.2029567
2023-09-22,0.0,4.1346073
2023-09-23,22.0,10.337759
2023-09-24,0.0,0.8147399
2023-09-25,0.0,0.021602435
2023-09-26,0.0,-0.051889636
2023-09-27,0.0,0.024130456
2023-09-28,0.0,0.19932666
2023-09-29,0.0,-0.051844448
2023-09-30,0.2,3.0417986
2023-10-01,0.0,0.7668989
2023-10-02,0.0,0.08164541
2023-10-03,0.0,0.17871857
2023-10-04,7.8,5.9384494
2023-10-05,3.4,4.5965295
2023-10-06,0.7,0.5427019
2023-10-07,3.0,1.870424
2023-10-08,0.0,1.3697643
2023-10-09,0.6,0.47711325
2023-10-10,0.0,0.14189416
2023-10-11,0.0,0.7750204
2023-10-12,5.6,2.9901578
2023-10-13,0.0,0.16997932
2023-10-14,1.1,3.6686378
2023-10-15,0.3,0.19004825
2023-10-16,0.7999999999999999,0.695253
2023-10-17,0.0,0.18681216
2023-10-18,10.3,7.513998
2023-10-19,0.0,0.2503554
2023-10-20,0.5,0.8931216
2023-10-21,7.8,7.9878454
2023-10-22,15.9,12.572473
2023-10-23,25.7,24.018454
2023-10-24,1.6,0.4705978
2023-10-25,14.6,7.580954
2023-10-26,8.8,8.103403
2023-10-27,0.2,1.3684198
2023-10-28,0.2,0.37169456
2023-10-29,1.6,1.8261034
2023-10-30,2.6,1.2583585
2023-10-31,0.1,0.87837213
2023-11-01,0.5,0.20193641
2023-11-02,0.0,0.1850866
2023-11-03,0.0,1.4541944
2023-11-04,4.1,1.6367023
2023-11-05,1.1,3.81081
2023-11-06,7.2,6.375477
2023-11-07,1.7000000000000002,0.45858026
2023-11-08,0.5,1.1592219
2023-11-09,0.5,0.22030272
2023-11-10,0.0,0.18280867
2023-11-11,0.0,2.241821
2023-11-12,1.1,4.410491
2023-11-13,1.3,1.1686488
2023-11-14,0.0,0.8928879
2023-11-15,1.9,5.179343
2023-11-16,0.0,0.371196
2023-11-17,0.7,0.18691592
2023-11-18,0.0,0.095204316
2023-11-19,0.0,0.090799496
2023-11-20,0.0,0.10936797
2023-11-21,0.0,0.13913484
2023-11-22,0.0,0.09631006
2023-11-23,15.5,12.016032
2023-11-24,3.0,0.60337186
2023-11-25,1.2,0.96240795
2023-11-26,1.1,0.80278975
2023-11-27,0.0,0.19319329
2023-11-28,0.0,0.21859577
2023-11-29,3.8,7.091708
2023-11-30,0.2,0.39259586
2023-12-01,0.0,0.26241264
2023-12-02,0.0,0.37313932
2023-12-03,1.7,1.3010668
2023-12-04,1.6,1.1743011
2023-12-05,0.2,0.30325308
2023-12-06,0.0,0.09710858
2023-12-07,0.0,0.1885603
2023-12-08,0.0,0.32171533
2023-12-09,0.3,0.09515958
2023-12-10,1.4,1.160641
2023-12-11,4.1,3.8035078
2023-12-12,4.2,3.5829494
2023-12-13,0.2,0.24271624
2023-12-14,5.5,0.84916157
2023-12-15,0.0,0.6958273
2023-12-16,0.8,2.0431964
2023-12-17,5.0,6.176991
2023-12-18,1.6,1.0758998
2023-12-19,3.2,5.807819
2023-12-20,2.2,3.556767
2023-12-21,3.8,6.463721
2023-12-22,1.9,3.6981878
2023-12-23,3.5,3.5401742
2023-12-24,1.6,1.8222334
2023-12-25,6.2,5.171973
2023-12-26,5.7,4.6551466
2023-12-27,0.8999999999999999,0.95198923
2023-12-28,0.0,0.42548302
2023-12-29,1.9,4.5935273
2023-12-30,3.8,1.7512692
2023-12-31,0.6000000000000001,1.0076921
2024-01-01,0.0,0.24598643
2024-01-02,0.0,0.23471652
2024-01-03,0.1,1.6359959
2024-01-04,2.7,3.740048
2024-01-05,2.6,2.4101858
2024-01-06,0.0,0.25678647
2024-01-07,0.0,0.17215349
2024-01-08,0.0,0.10736675
2024-01-09,0.4,0.14972167
2024-01-10,0.9,0.18979645
2024-01-11,0.9,0.94737077
2024-01-12,4.7,4.4719543
2024-01-13,0.4,1.334644
2024-01-14,4.9,4.89013
2024-01-15,6.0,2.8256865
2024-01-16,3.1,1.4734913
2024-01-17,0.0,0.42221344
2024-01-18,1.1,1.5241216
2024-01-19,0.2,0.19888121
2024-01-20,4.9,2.242576
2024-01-21,0.0,0.20412308
2024-01-22,0.5,1.0119562
2024-01-23,0.4,1.088474
2024-01-24,7.5,6.38728
2024-01-25,5.6,5.069685
2024-01-26,0.3,0.6946905
2024-01-27,0.0,0.14083326
2024-01-28,0.2,0.15851358
2024-01-29,0.0,0.12781265
2024-01-30,0.0,0.05718393
2024-01-31,0.1,0.5474594
2024-02-01,2.2,1.4768437
2024-02-02,0.5,5.1479783
2024-02-03,3.4000000000000004,1.3907126
2024-02-04,6.5,3.0992777
2024-02-05,6.2,4.224149
2024-02-06,2.8,7.5955973
2024-02-07,7.4,2.1142664
2024-02-08,0.0,0.17522427
2024-02-09,0.0,0.26650414
2024-02-10,0.2,0.8309268
2024-02-11,0.5,2.5456467
2024-02-12,0.5,1.5084001
2024-02-13,0.3999999999999999,0.956005
2024-02-14,0.0,0.4158274
2024-02-15,0.3,0.7332081
2024-02-16,0.0,1.0074291
2024-02-17,2.7,1.9015828
2024-02-18,0.1,0.14285202
2024-02-19,0.0,0.14602166
2024-02-20,1.9,2.3362145
2024-02-21,2.4000000000000004,2.6537979
2024-02-22,1.1,5.060084
2024-02-23,5.0,3.7280416
2024-02-24,1.9,0.7420442
2024-02-25,0.0,0.9891641
2024-02-26,6.4,1.2997284
2024-02-27,8.1,6.3156075
2024-02-28,3.7,5.3519907
2024-02-29,0.2,0.33549494
2024-03-01,0.0,0.07604268
2024-03-02,0.0,0.07727839
2024-03-03,0.0,0.02509256
2024-03-04,0.0,0.004792995
2024-03-05,0.0,0.017945636
2024-03-06,0.0,0.077486604
2024-03-07,0.0,0.0252573
2024-03-08,0.0,0.0
2024-03-09,0.0,0.0
2024-03-10,0.0,0.041191757
2024-03-11,0.0,0.07643627
2024-03-12,0.6,1.2974039
2024-03-13,0.0,0.32110137
2024-03-14,0.0,0.032300055
2024-03-15,0.0,0.038627274
2024-03-16,2.7,0.2571052
2024-03-17,0.3,1.0437909
2024-03-18,0.0,0.63093984
2024-03-19,0.0,0.03424094
2024-03-20,0.0,0.48253158
2024-03-21,0.0,0.28831926
2024-03-22,0.5,1.4405954
2024-03-23,3.2,1.2819567
2024-03-24,6.0,1.9735397
2024-03-25,0.8,0.92240864
2024-03-26,0.0,0.51776975
2024-03-27,0.0,0.1747837
2024-03-28,0.1,5.5187135
2024-03-29,0.7,1.340584
2024-03-30,0.0,0.18154678
2024-03-31,0.0,0.7482024
2024-04-01,0.0,0.7797132
2024-04-02,0.4,4.5112453
2024-04-03,3.4,5.336594
2024-04-04,0.5,0.6086155
2024-04-05,2.5,4.855226
2024-04-06,12.5,5.4619584
2024-04-07,0.0,2.4742196
2024-04-08,0.0,0.0
2024-04-09,0.0,0.4206735
2024-04-10,0.0,0.045018822
2024-04-11,0.0,0.115145884
2024-04-12,0.0,0.67644393
2024-04-13,1.8,1.703157
2024-04-14,2.7,3.6050026
2024-04-15,0.0,0.23480222
2024-04-16,6.2,7.8010736
2024-04-17,0.8,1.1317291
2024-04-18,0.1,0.39687905
2024-04-19,0.5,0.92102104
2024-04-20,4.9,2.116069
2024-04-21,1.6,4.6654325
2024-04-22,25.6,17.55985
2024-04-23,0.0,0.64033186
2024-04-24,9.4,3.893802
2024-04-25,5.8,2.8737154
2024-04-26,0.0,0.93243027
2024-04-27,0.0,0.21597922
2024-04-28,0.0,0.74310416
2024-04-29,0.0,0.050914437
2024-04-30,0.0,0.10670447
2024-05-01,0.0,0.023195442
2024-05-02,0.0,0.0
2024-05-03,0.0,0.11637194
2024-05-04,0.0,0.03450504
2024-05-05,0.0,0.4152883
2024-05-06,3.4000000000000004,4.6489987
2024-05-07,0.0,1.4417311
2024-05-08,0.0,0.22700955
2024-05-09,0.5,0.92316943
2024-05-10,3.6,2.3141482
2024-05-11,0.0,0.11224537
2024-05-12,0.0,0.040005594
2024-05-13,0.0,0.10567997
2024-05-14,0.0,0.22596416
2024-05-15,0.0,0.053773716
2024-05-16,0.0,0.09029442
2024-05-17,0.0,0.011912287
2024-05-18,1.3,3.4024835
2024-05-19,0.3,1.2702892
2024-05-20,0.2,0.85686195
2024-05-21,9.5,4.0239596
2024-05-22,0.0,1.476957
2024-05-23,0.5,4.3092465
2024-05-24,0.0,0.27060813
2024-05-25,9.9,1.1782229
2024-05-26,0.0,0.7430326
2024-05-27,0.0,0.03359039
2024-05-28,0.0,0.0
2024-05-29,7.300000000000001,0.6625603
2024-05-30,0.0,1.7335883
2024-05-31,1.2999999999999998,2.5355325
2024-06-01,0.2,2.233641
2024-06-02,2.6,3.1825871
2024-06-03,0.0,2.1913671
2024-06-04,0.0,0.22715317
2024-06-05,0.0,0.8526571
2024-06-06,0.0,0.80383205
2024-06-07,5.800000000000001,1.1510655
2024-06-08,1.1,0.9128074
2024-06-09,8.4,6.065234
2024-06-10,1.1,9.614622
2024-06-11,0.1,0.1992242
2024-06-12,0.0,0.39237735
2024-06-13,0.3,0.9348052
2024-06-14,12.2,9.86046
2024-06-15,0.0,0.21041098
2024-06-16,0.3,0.52414536
2024-06-17,6.0,3.9879286
2024-06-18,0.0,0.7790639
2024-06-19,7.7,15.233735
2024-06-20,1.8,0.0628135
2024-06-21,0.0,0.26007095
2024-06-22,0.3,2.9507926
2024-06-23,1.5,1.2398865
2024-06-24,0.1,1.042132
2024-06-25,0.0,0.21715307
2024-06-26,0.0,0.033606313
2024-06-27,0.0,4.269717
2024-06-28,0.0,0.024684457
2024-06-29,0.1,0.9220811
2024-06-30,0.0,0.049699903
2024-07-01,0.0,11.420296
2024-07-02,0.1,3.4301715
2024-07-03,0.0,0.5453933
2024-07-04,1.4,5.5064535
2024-07-05,0.7000000000000001,6.2644277
2024-07-06,0.0,0.12855421
2024-07-07,19.6,8.865962
2024-07-08,21.3,1.230059
2024-07-09,0.0,1.0679686
2024-07-10,0.0,0.092055105
2024-07-11,11.4,0.95235646
2024-07-12,1.9,4.204667
2024-07-13,9.8,1.9856074
2024-07-14,0.0,4.9221635
2024-07-15,0.0,0.29451704
2024-07-16,0.0,0.6423893
2024-07-17,10.9,2.9708476
2024-07-18,0.0,0.5756782
2024-07-19,0.0,0.09569855
2024-07-20,0.0,0.39573547
2024-07-21,0.0,0.15025301
2024-07-22,0.0,1.7433988
2024-07-23,0.0,0.33427584
2024-07-24,4.6,8.997302
2024-07-25,19.1,13.21257
2024-07-26,0.9,3.8369632
2024-07-27,0.0,1.430812
2024-07-28,13.4,4.9549623
2024-07-29,68.9,38.12653
2024-07-30,0.1,5.912772
2024-07-31,0.0,0.3529002
2024-08-01,0.0,0.7007404
2024-08-02,0.0,0.21515955
2024-08-03,0.0,0.23993751
2024-08-04,0.0,0.20360644
2024-08-05,0.9,1.6859413
2024-08-06,0.0,1.2367928
2024-08-07,1.9,0.9432089
2024-08-08,0.0,0.15397002
2024-08-09,2.3000000000000003,3.838672
2024-08-10,0.0,1.920151
2024-08-11,2.1,1.3291291
2024-08-12,0.0,0.9264645
2024-08-13,0.0,1.1697052
2024-08-14,0.0,0.1469105
2024-08-15,0.0,0.12855373
2024-08-16,0.2,0.814417
2024-08-17,0.7,1.1265445
2024-08-18,0.0,3.4049094
2024-08-19,4.0,7.1648707
2024-08-20,0.0,0.81704956
2024-08-21,0.0,25.061924
2024-08-22,7.1,8.297976
2024-08-23,0.0,0.3258698
2024-08-24,0.0,0.5391733
2024-08-25,0.0,0.42626148
2024-08-26,0.0,1.014935
2024-08-27,0.0,0.15096529
2024-08-28,0.0,0.885497
2024-08-29,0.0,0.55117095
2024-08-30,0.0,0.664885
2024-08-31,0.0,2.126526
2024-09-01,0.0,0.15482663
2024-09-02,0.0,3.643526
2024-09-03,0.0,0.14554316
2024-09-04,0.0,0.41389197
2024-09-05,0.0,0.747269
2024-09-06,0.0,0.11238289
2024-09-07,0.0,0.49957168
2024-09-08,0.0,0.08634603
2024-09-09,0.0,0.49252406
2024-09-10,0.0,3.023602
2024-09-11,0.2,1.0625119
2024-09-12,6.2,4.2064695
2024-09-13,11.0,5.844127
2024-09-14,0.0,6.426348
2024-09-15,0.1,0.4451449
2024-09-16,0.0,0.07234885
2024-09-17,0.0,0.33656514
2024-09-18,0.0,0.1908699
2024-09-19,0.0,0.037803307
2024-09-20,0.0,3.146549
2024-09-21,0.0,0.17278951
2024-09-22,0.0,0.0
2024-09-23,0.0,0.0
2024-09-24,0.0,0.11046846
2024-09-25,0.3,0.6183351
2024-09-26,0.5,1.3388027
2024-09-27,1.1,1.8615444
2024-09-28,1.9,0.3004066
2024-09-29,0.0,0.2532952
2024-09-30,0.0,0.08419861
2024-10-01,0.0,1.9590727
2024-10-02,0.0,0.09580808
2024-10-03,16.8,8.45423
2024-10-04,1.4,0.67590666
2024-10-05,0.0,0.13135876
2024-10-06,0.1,0.20966215
2024-10-07,0.9,0.38881156
2024-10-08,0.0,0.29409468
2024-10-09,0.1,0.1891325
2024-10-10,0.0,0.7821502
2024-10-11,6.5,6.913841
2024-10-12,0.0,0.3035627
2024-10-13,3.1,6.861259
2024-10-14,2.9,0.29596686
2024-10-15,0.0,1.0396814
2024-10-16,0.0,0.13211703
2024-10-17,0.0,0.09931442
2024-10-18,0.0,0.08662684
2024-10-19,0.0,0.11337056
2024-10-20,0.0,0.054778524
2024-10-21,0.0,0.6469237
2024-10-22,0.0,1.1485696
2024-10-23,0.1,0.5123504
2024-10-24,0.0,0.11270393
2024-10-25,0.0,0.11449148
2024-10-26,0.0,0.41214818
2024-10-27,0.3,0.22265714
2024-10-28,0.3,0.05718513
2024-10-29,0.3,0.09847733
2024-10-30,2.2,1.2686559
2024-10-31,4.0,2.2995238
2024-11-01,4.9,4.223224
2024-11-02,0.2,0.2671417
2024-11-03,1.4,1.5213943
2024-11-04,0.8,0.12299832
2024-11-05,0.2,0.21202904
2024-11-06,0.0,0.20618592
2024-11-07,0.1,0.01427989
2024-11-08,0.0,0.03141333
2024-11-09,0.0,0.03936994
2024-11-10,0.0,0.18315287
2024-11-11,0.0,0.05051609
2024-11-12,0.0,0.260474
2024-11-13,0.2,0.55081356
2024-11-14,2.9,1.888269
2024-11-15,0.0,0.15511872
2024-11-16,0.5,0.6572113
2024-11-17,2.3,2.2643156
2024-11-18,0.5,1.2961777
2024-11-19,3.0,3.6111224
2024-11-20,5.0,2.779922
2024-11-21,3.2,3.3327193
2024-11-22,0.7,1.1401056
2024-11-23,0.1,0.20380485
2024-11-24,0.0,0.18695313
2024-11-25,0.0,0.58865005
2024-11-26,0.0,1.4627771
2024-11-27,4.3,1.1132584
2024-11-28,4.5,4.6119685
2024-11-29,0.7000000000000001,0.97530025
2024-11-30,0.0,0.22325248
2024-12-01,0.0,0.10936423
2024-12-02,0.0,0.019112665
2024-12-03,3.1,1.5187471
2024-12-04,1.7000000000000002,0.6228396
2024-12-05,0.0,0.17848423
2024-12-06,0.0,0.07510691
2024-12-07,0.0,0.66731787
2024-12-08,0.2,1.288514
2024-12-09,0.0,0.27940506
2024-12-10,0.0,0.08616099
2024-12-11,0.0,0.1186852
2024-12-12,0.0,0.24707507
2024-12-13,0.0,0.09816419
2024-12-14,0.0,0.5879926
2024-12-15,1.6,1.2444693
2024-12-16,10.4,5.8905525
2024-12-17,0.5,0.25170434
2024-12-18,2.9000000000000004,3.4835603
2024-12-19,5.8,1.2598118
2024-12-20,0.0,1.8980407
2024-12-21,0.0,0.26019758
2024-12-22,0.4,1.5227596
2024-12-23,0.8,3.477616
2024-12-24,0.7000000000000001,0.63538986
2024-12-25,0.0,0.15133071
2024-12-26,0.1,0.21548508
2024-12-27,0.0,0.59035546
2024-12-28,3.0,0.73402554
2024-12-29,0.0,0.287453
2024-12-30,0.1,2.5003982
2024-12-31,3.6,2.1476314
2025-01-01,0.7000000000000001,3.285871
2025-01-02,3.4,6.493416
2025-01-03,0.8,6.0494204
2025-01-04,0.3,1.1010071
2025-01-05,0.7,1.5057933
2025-01-06,4.4,2.3746831
2025-01-07,3.7,4.946858
2025-01-08,2.3,0.9210584
2025-01-09,0.5,1.2510301
2025-01-10,0.6,1.4560143
2025-01-11,0.0,0.3975011
2025-01-12,1.1,0.98621345
2025-01-13,0.0,0.18236518
2025-01-14,0.9,0.96481854
2025-01-15,0.5,0.30826077
2025-01-16,0.2,0.5827595
2025-01-17,0.0,0.16393451
2025-01-18,0.0,0.12317774
2025-01-19,0.0,0.11738333
2025-01-20,0.0,0.1445354
2025-01-21,0.0,0.035909668
2025-01-22,0.1,0.5634986
2025-01-23,0.0,0.07852554
2025-01-24,0.3,1.3619132
2025-01-25,0.0,0.4123158
2025-01-26,0.0,0.6280492
2025-01-27,0.1,0.22890541
2025-01-28,0.0,0.46170983
2025-01-29,3.9,1.0616559
2025-01-30,0.0,0.41511613
2025-01-31,1.0,5.512503
2025-02-01,5.2,3.6590335
2025-02-02,0.9000000000000001,0.5982051
2025-02-03,0.5,0.6753763
2025-02-04,0.1,0.32542968
2025-02-05,0.0,0.097150475
2025-02-06,0.1,0.22739013
2025-02-07,0.0,0.084903404
2025-02-08,0.0,0.033924438
2025-02-09,0.0,0.044273086
2025-02-10,0.0,0.051409967
2025-02-11,0.0,0.052541725
2025-02-12,0.0,0.012363702
2025-02-13,0.0,0.04557018
2025-02-14,0.0,0.060745433
2025-02-15,0.2,0.13748074
2025-02-16,0.0,0.09488343
2025-02-17,2.4,5.7661657
2025-02-18,0.8,1.209071
2025-02-19,0.5,0.10204021
2025-02-20,0.6,0.12313762
2025-02-21,0.0,0.109283835
2025-02-22,0.0,0.044151373
2025-02-23,0.0,0.0790844
2025-02-24,0.0,0.026404124
2025-02-25,0.0,0.009509506
2025-02-26,0.0,0.041668795
2025-02-27,2.3,0.27135888
2025-02-28,2.7,1.7069796
2025-03-01,2.9,1.1215715
2025-03-02,0.2,0.5021403
2025-03-03,0.0,0.25220495
2025-03-04,0.0,0.7928464
2025-03-05,0.0,0.4288958
2025-03-06,0.0,4.796275
2025-03-07,0.0,4.185484
2025-03-08,0.0,0.0
2025-03-09,0.0,0.04754868
2025-03-10,0.0,0.20849682
2025-03-11,0.0,0.4659231
2025-03-12,0.0,1.0928868
2025-03-13,4.9,8.124969
2025-03-14,9.1,2.9767253
2025-03-15,0.0,0.25351828
2025-03-16,1.2999999999999998,2.4491775
2025-03-17,0.0,2.564112
2025-03-18,0.8,1.0632292
2025-03-19,0.0,0.08913435
2025-03-20,0.0,0.09825711
2025-03-21,0.0,0.09726222
2025-03-22,0.0,0.018276077
2025-03-23,0.0,1.1701202
2025-03-24,5.8,5.754495
2025-03-25,0.0,0.09688071
2025-03-26,0.7000000000000001,1.6957766
2025-03-27,1.1,1.0480675
2025-03-28,0.0,0.043797687
2025-03-29,0.0,0.055386335
2025-03-30,0.0,0.083127774
2025-03-31,0.0,0.40173656
2025-04-01,0.0,0.15105861
2025-04-02,0.0,0.079203464
2025-04-03,0.0,0.03891638
2025-04-04,0.0,0.023258902
2025-04-05,1.2,3.6438005
2025-04-06,0.0,0.13822731
2025-04-07,0.0,0.13985088
2025-04-08,0.0,0.9547381
2025-04-09,5.8,3.562501
2025-04-10,0.0,0.36447477
2025-04-11,0.8,1.1449568
2025-04-12,0.0,0.16206527
2025-04-13,0.0,0.235867
2025-04-14,0.0,0.118863724
2025-04-15,4.0,0.31748956
2025-04-16,2.3,2.4031231
2025-04-17,0.0,0.6017237
2025-04-18,0.0,0.26657286
2025-04-19,0.3,1.971703
2025-04-20,0.0,0.23452169
2025-04-21,0.0,0.1981623
2025-04-22,0.0,2.509606
2025-04-23,0.0,2.32628
2025-04-24,0.0,0.9244776
2025-04-25,0.0,0.07526045
2025-04-26,0.0,0.07769075
2025-04-27,0.0,0.024296861
2025-04-28,0.0,0.10342408
2025-04-29,0.0,0.5775305
2025-04-30,0.0,0.0834506
2025-05-01,0.0,0.075016625
2025-05-02,0.0,1.0802648
2025-05-03,0.0,0.03451983
2025-05-04,9.0,6.9056587
2025-05-05,0.9,0.6855426
2025-05-06,0.0,0.12376896
2025-05-07,0.1,0.3998513
2025-05-08,0.0,0.44260824
2025-05-09,0.0,0.042291313
2025-05-10,0.0,1.0084834
2025-05-11,0.0,0.76968133
2025-05-12,0.0,0.19843167
2025-05-13,0.0,0.0274989
2025-05-14,16.4,3.3526373
2025-05-15,0.0,0.6232382
2025-05-16,2.8,6.860257
2025-05-17,1.8,9.067169
2025-05-18,1.9,2.2020333
2025-05-19,0.6,2.3631094
2025-05-20,0.0,0.15880455
2025-05-21,0.2,0.1492999
2025-05-22,3.8,3.632041
2025-05-23,5.1,4.8744226
2025-05-24,18.1,13.410675
2025-05-25,0.0,0.18033215
2025-05-26,0.0,3.021718
2025-05-27,0.0,0.3262072
2025-05-28,3.8,2.5662763
2025-05-29,7.9,11.216902
2025-05-30,1.9,3.998609
2025-05-31,1.6,0.9683935
2025-06-01,0.0,0.15611485
2025-06-02,5.4,4.9824634
2025-06-03,0.0,1.5543364
2025-06-04,0.3,0.46542153
2025-06-05,13.9,3.275463
2025-06-06,0.9,1.554603
2025-06-07,1.0,1.7076999
2025-06-08,4.3,5.315179
2025-06-09,5.8,6.6534996
2025-06-10,0.0,0.6814781
2025-06-11,2.4,1.9550747
2025-06-12,4.0,6.780289
2025-06-13,0.1,1.3164501
2025-06-14,0.0,0.040759318
2025-06-15,0.0,0.0
2025-06-16,0.0,1.2838436
2025-06-17,0.1,1.1837034
2025-06-18,1.8,0.62118506
2025-06-19,8.899999999999999,5.4072433
2025-06-20,9.4,13.611285
2025-06-21,0.0,0.2542428
2025-06-22,2.1,0.5912737
2025-06-23,0.9,1.8786124
2025-06-24,12.6,5.1825337
2025-06-25,4.5,2.7102873
2025-06-26,0.0,0.7503949
2025-06-27,3.8,2.6065044
2025-06-28,0.0,0.49292433
2025-06-29,1.4,1.5112954
2025-06-30,0.0,1.1411009
2025-07-01,0.0,0.33327025
2025-07-02,0.0,0.3153208
2025-07-03,0.0,1.1939875
2025-07-04,0.0,1.0045905
2025-07-05,0.0,0.7952183
2025-07-06,0.0,1.1853994
2025-07-07,1.0,2.9207287
2025-07-08,22.1,4.164719
2025-07-09,37.8,30.95346
2025-07-10,7.899999999999999,28.971245
2025-07-11,0.3,2.6833389
2025-07-12,0.0,0.41510046
2025-07-13,1.0,2.7639523
2025-07-14,20.6,6.197362
2025-07-15,0.1,6.3173275
2025-07-16,1.4,7.827349
2025-07-17,0.0,0.89109427
2025-07-18,6.7,7.1083803
2025-07-19,6.4,5.348036
2025-07-20,11.3,13.937403
2025-07-21,0.0,5.1745405
2025-07-22,0.0,1.3912253
2025-07-23,2.6,6.7747993
2025-07-24,1.5,6.4753366
2025-07-25,3.0,2.9796987
2025-07-26,2.3,4.107265
2025-07-27,5.2,2.2802436
2025-07-28,18.8,5.813902
2025-07-29,0.7,7.4771304
2025-07-30,26.9,30.070583
2025-07-31,12.3,2.8074071
2025-08-01,0.5,1.9949635
2025-08-02,0.3,1.2912375
2025-08-03,0.0,0.7441559
2025-08-04,4.3,4.446267
2025-08-05,0.0,4.890646
2025-08-06,3.4,1.5939382
2025-08-07,0.0,0.54017663
2025-08-08,0.0,0.4345407
2025-08-09,0.0,0.3391092
2025-08-10,4.8,3.492129
2025-08-11,0.0,0.7100522
2025-08-12,0.0,0.18151654
2025-08-13,0.0,0.06483123
2025-08-14,0.0,0.0
2025-08-15,0.0,0.23772627
2025-08-16,0.4,1.5657451
2025-08-17,1.0,0.57290334
2025-08-18,1.1,0.19262184
2025-08-19,0.0,0.053568922
2025-08-20,5.9,4.6648664
2025-08-21,0.0,0.1740115
2025-08-22,0.0,0.18986993
2025-08-23,0.0,3.4930217
2025-08-24,2.8000000000000003,3.384201
2025-08-25,5.199999999999999,1.7174419
2025-08-26,0.0,2.6161594
2025-08-27,0.0,0.13973865
2025-08-28,0.0,0.17984104
2025-08-29,0.0,0.16895717
2025-08-30,0.0,2.4622688
2025-08-31,0.3,1.6521511
2025-09-01,0.0,0.9338408
2025-09-02,0.0,0.15149379
2025-09-03,4.5,4.8522673
2025-09-04,0.0,0.98312974
2025-09-05,0.0,0.59392524
2025-09-06,0.0,1.6178874
2025-09-07,0.0,0.0
2025-09-08,0.0,0.31739852
2025-09-09,0.0,0.7370363
2025-09-10,0.0,2.1708758
2025-09-11,0.0,1.5991521
2025-09-12,14.8,8.959787
2025-09-13,0.0,0.25408784
2025-09-14,0.0,0.16411664
2025-09-15,1.8,1.3694366
2025-09-16,5.9,6.9909787
2025-09-17,6.6,1.9572366
2025-09-18,0.2,1.2304255
2025-09-19,0.0,0.7616879
2025-09-20,0.1,0.041047484
2025-09-21,0.0,0.0048021423
2025-09-22,0.0,0.0
2025-09-23,0.5,0.90933
2025-09-24,0.0,0.08477717
2025-09-25,0.0,0.101566195
2025-09-26,0.0,0.03729544
2025-09-27,0.0,0.051368743
2025-09-28,1.4,0.25225642
2025-09-29,0.0,0.056399316
2025-09-30,0.0,0.077781044
2025-10-01,0.0,0.07464287
2025-10-02,0.0,0.09416675
2025-10-03,0.0,0.14423889
2025-10-04,0.0,0.08838231
2025-10-05,4.800000000000001,1.0369356
2025-10-06,0.0,0.21115002
2025-10-07,0.0,0.14324127
2025-10-08,0.0,0.061029434
2025-10-09,0.0,0.07699258
2025-10-10,8.7,8.30833
2025-10-11,0.3,0.45630866
2025-10-12,3.5,1.7467164
2025-10-13,1.0,0.52678245
2025-10-14,0.8,0.6706446
2025-10-15,0.6,0.384646
2025-10-16,1.5,1.4670944
2025-10-17,8.5,2.0054133
2025-10-18,10.1,11.060117
2025-10-19,0.0,0.1871642
2025-10-20,0.0,0.07741123
2025-10-21,0.0,0.045095578
2025-10-22,1.3,0.322127
2025-10-23,2.8,2.9250453
2025-10-24,0.5,3.919806
2025-10-25,35.4,14.724002
2025-10-26,0.0,2.4738412
2025-10-27,3.1,2.6077206
2025-10-28,2.7,2.487682
2025-10-29,1.9,0.9767977
2025-10-30,1.6,1.3223872
2025-10-31,8.8,2.1073155
2025-11-01,0.0,0.20742247
2025-11-02,2.6,0.65106344
2025-11-03,7.3,7.0230956
2025-11-04,0.0,0.6653693
2025-11-05,0.0,0.090898976
2025-11-06,0.0,0.15748274
2025-11-07,0.0,0.062194593
2025-11-08,0.0,0.028533109
2025-11-09,0.0,0.00903898
2025-11-10,1.9,0.08232472
2025-11-11,2.6,1.1275799
2025-11-12,1.6,0.2858441
2025-11-13,0.0,0.07462694
2025-11-14,4.6000000000000005,10.353741
2025-11-15,4.8,1.1010221
2025-11-16,6.5,3.8226845
2025-11-17,4.2,2.4527972
2025-11-18,0.0,0.22430776
2025-11-19,0.4,1.0356588
2025-11-20,0.8,0.3971863
2025-11-21,0.0,0.18561454
2025-11-22,0.1,0.26172903
2025-11-23,2.4,1.5339551
2025-11-24,0.6000000000000001,1.4628
2025-11-25,0.2,3.7644496
2025-11-26,11.6,14.214042
2025-11-27,1.8,1.1953679
2025-11-28,0.0,0.13882871
2025-11-29,0.0,0.053202726
2025-11-30,0.0,0.27471793
2025-12-01,0.0,0.32041824
2025-12-02,0.0,0.04639691
2025-12-03,0.0,0.03303249
2025-12-04,0.0,0.04783161
2025-12-05,0.1,0.028851245
2025-12-06,0.0,0.011241864
2025-12-07,0.0,0.3340216
2025-12-08,0.1,0.041094728
2025-12-09,2.2,1.9727484
2025-12-10,0.7483057363810376,1.8643275
2025-12-11,1.390388262232035,3.2024753
2025-12-12,5.6000000000000005,0.97589856
2025-12-13,0.0,2.4670095
2025-12-14,3.1,3.4421134
2025-12-15,0.2,3.2133603
2025-12-16,0.0,0.49532312
2025-12-17,0.0,0.047185764
2025-12-18,0.0,0.15230823
2025-12-19,0.0,0.10696144
2025-12-20,0.5,0.74413186
2025-12-21,0.0,0.12420744
2025-12-22,0.0,0.2004985
2025-12-23,0.1,0.33383045
2025-12-24,0.0,0.10078528
2025-12-25,0.0,4.3927135
2025-12-26,0.1,0.12154351
2025-12-27,1.2,0.6708969
2025-12-28,1.8,2.6854408
2025-12-29,1.88699973499411,1.097526
2025-12-30,1.8,1.3949715
2025-12-31,0.7903882622320348,0.292942
2026-01-01,4.2,5.186808
2026-01-02,5.6,3.3916864
2026-01-03,0.9,4.7307177
2026-01-04,0.9,1.5472893
2026-01-05,0.0,0.5510165
2026-01-06,2.1,1.2642992
2026-01-07,0.0,0.06541636
2026-01-08,0.0,0.11242355
2026-01-09,8.9,3.6996162
2026-01-10,0.5,1.9358573
2026-01-11,0.1,0.8985975
2026-01-12,0.0,0.71648455
2026-01-13,0.4,0.48698387
2026-01-14,0.0,0.13732307
2026-01-15,0.0,0.061476737
2026-01-16,0.0,0.045205668
2026-01-17,0.0,0.0
2026-01-18,0.0,0.0
2026-01-19,0.0,0.012641038
2026-01-20,0.0,0.012792754
2026-01-21,0.0,0.01921066
2026-01-22,0.0,0.0
2026-01-23,0.0,0.11026431
2026-01-24,0.0,0.046707265
2026-01-25,0.0,0.16234215
2026-01-26,1.9,1.2266692
2026-01-27,3.8,3.6147392
2026-01-28,6.0,3.8189492
2026-01-29,0.0,0.8650181
2026-01-30,0.0,0.11719431
2026-01-31,0.0,0.0018067125
