time,tp,t2m
2017-11-01,5.425942,9.130249
2017-11-02,10.262314,8.334129
2017-11-03,0.63583946,7.9272842
2017-11-04,0.26477337,7.2670364
2017-11-05,0.0016634613,7.1600723
2017-11-06,0.01944387,7.8888245
2017-11-07,0.031998932,7.137291
2017-11-08,0.20890364,4.373108
2017-11-09,0.7782631,5.8418655
2017-11-10,1.555228,5.437523
2017-11-11,5.525668,3.6184921
2017-11-12,0.33227324,2.515236
2017-11-13,3.271628,2.9490967
2017-11-14,0.27454057,4.2390594
2017-11-15,1.0912842,6.2130127
2017-11-16,0.27175093,5.362694
2017-11-17,1.0642462,3.878563
2017-11-18,0.4657364,2.716629
2017-11-19,4.5381904,2.3790054
2017-11-20,1.2533591,-0.09030914
2017-11-21,0.6621428,0.7158737
2017-11-22,0.2650664,1.1711807
2017-11-23,0.45503998,4.2562943
2017-11-24,0.07481289,5.829422
2017-11-25,1.4648027,5.1593094
2017-11-26,1.3667638,0.9146347
2017-11-27,0.06533718,1.4433746
2017-11-28,0.14215794,1.1753769
2017-11-29,1.1463842,2.0931778
2017-11-30,7.4990315,2.3871841
2017-12-01,3.0899992,3.0961914
2017-12-01,3.0899992,3.0961914
2017-12-02,0.16402572,0.5451584
2017-12-03,0.025292397,-1.2958527
2017-12-04,2.2213414,1.2122421
2017-12-05,1.4273115,2.28096
2017-12-06,1.3883917,2.0577545
2017-12-07,9.849004,2.6038513
2017-12-08,0.71738654,1.505806
2017-12-09,0.11999035,-0.14752197
2017-12-10,0.2650051,0.0010375977
2017-12-11,0.6951977,6.2093353
2017-12-12,0.73019975,2.3017044
2017-12-13,0.0034441948,-0.033233643
2017-12-14,2.0368078,1.8053665
2017-12-15,5.095457,0.8305893
2017-12-16,0.36674023,0.5704498
2017-12-17,0.18327093,-1.0907593
2017-12-18,0.13955717,-0.3308792
2017-12-19,0.31924087,-2.8192673
2017-12-20,0.14240834,-2.257927
2017-12-21,6.431057,0.7763672
2017-12-22,1.3866186,0.88040924
2017-12-23,4.128149,3.122673
2017-12-24,6.3638897,3.9777374
2017-12-25,5.438838,4.5858
2017-12-26,0.31426233,1.2497253
2017-12-27,0.08582166,3.8432236
2017-12-28,0.0,4.3728867
2017-12-29,5.8627834,1.0902023
2017-12-30,0.24296284,-0.16952515
2017-12-31,0.35684136,5.0358505
2018-01-01,6.747145,2.4245834
2018-01-02,0.0051077604,3.2344208
2018-01-03,0.3543275,3.6447144
2018-01-04,1.1701139,4.070915
2018-01-05,3.2911544,4.831764
2018-01-06,1.8210481,0.77890015
2018-01-07,1.9008307,-1.6481552
2018-01-08,0.20511883,-0.8373337
2018-01-09,0.16388439,-3.1822052
2018-01-10,0.0076293945,-3.5139313
2018-01-11,0.04743983,-1.7359848
2018-01-12,0.09562035,-5.318428
2018-01-13,0.0,-7.437355
2018-01-14,0.011073753,-7.594345
2018-01-15,0.006738946,-7.1403275
2018-01-16,0.06150484,-3.953354
2018-01-17,5.356395,-0.83779144
2018-01-18,0.52066845,-1.4607544
2018-01-19,3.6810226,-2.324051
2018-01-20,2.9875574,-3.8714523
2018-01-21,0.22739828,-6.543701
2018-01-22,0.042214394,-9.984726
2018-01-23,0.12526175,-6.295906
2018-01-24,1.3038334,2.9772186
2018-01-25,0.05726707,0.9544449
2018-01-26,1.7477026,0.84845734
2018-01-27,1.122562,2.0161285
2018-01-28,7.0750046,3.9163437
2018-01-29,6.7341647,2.5639114
2018-01-30,2.431707,1.1693878
2018-01-31,0.39218372,2.0961685
2018-02-01,10.010326,1.5507278
2018-02-02,6.8899956,-0.59129333
2018-02-03,0.11393513,-3.5062332
2018-02-04,0.25405675,-7.273613
2018-02-05,1.6578233,-6.515709
2018-02-06,1.4975471,-5.9860992
2018-02-07,0.0041849613,-3.4739304
2018-02-08,1.0107746,-2.201271
2018-02-09,0.32922912,-3.2121658
2018-02-10,3.5133767,-4.3562775
2018-02-11,0.20836927,-2.9273376
2018-02-12,0.229469,-1.8610992
2018-02-13,0.96223736,-6.848564
2018-02-14,0.66086966,-7.3625565
2018-02-15,0.11346538,-5.536682
2018-02-16,1.9091465,-0.4428482
2018-02-17,3.5407195,-3.2751083
2018-02-18,1.1834196,-2.6625977
2018-02-19,0.85355407,-3.7868576
2018-02-20,1.5202876,-5.772644
2018-02-21,1.2427641,-12.708336
2018-02-22,0.0076293945,-15.38755
2018-02-23,0.2007038,-13.397736
2018-02-24,0.04847997,-13.557953
2018-02-25,0.25904715,-16.186222
2018-02-26,0.32654408,-17.08527
2018-02-27,0.29895073,-15.719662
2018-02-28,0.6126263,-13.380478
2018-03-01,4.377418,-8.222816
2018-03-02,0.63240933,-11.022461
2018-03-03,2.627201,-8.654198
2018-03-01,4.377418,-8.222816
2018-03-02,0.63240933,-11.022461
2018-03-03,2.627201,-8.654198
2018-03-04,0.021847963,-11.311569
2018-03-05,0.0,-5.5666656
2018-03-06,0.0,-3.312584
2018-03-07,3.0031126,-0.63449097
2018-03-08,2.0730095,2.4503708
2018-03-09,3.391346,1.2966919
2018-03-10,0.23279601,1.0517426
2018-03-11,1.5425547,4.64283
2018-03-12,0.15713729,7.3785934
2018-03-13,0.038887978,4.156189
2018-03-14,0.07339612,-1.7157593
2018-03-15,0.055927336,-4.086899
2018-03-16,0.05278249,-6.319664
2018-03-17,0.0076293945,-3.9657059
2018-03-18,0.0,-1.2357712
2018-03-19,0.0,-1.324997
2018-03-20,0.08255172,-1.708107
2018-03-21,0.2614189,0.8837738
2018-03-22,1.1120628,1.3247986
2018-03-23,0.6775724,-0.708992
2018-03-24,0.0,2.8809204
2018-03-25,0.0,4.7328415
2018-03-26,1.0543793,-0.57188416
2018-03-27,0.33066687,-1.9785309
2018-03-28,0.022770762,-0.11329651
2018-03-29,2.0729518,3.3961182
2018-03-30,3.464299,3.5285492
2018-03-31,0.5435505,4.202835
2018-04-01,10.170258,3.667694
2018-04-02,7.169083,4.3219147
2018-04-03,3.3594055,11.044884
2018-04-04,0.0016634464,12.814682
2018-04-05,3.9181356,7.5557556
2018-04-06,0.8715723,5.2745895
2018-04-07,0.0,10.357887
2018-04-08,0.0,14.39225
2018-04-09,7.7118654,13.5188675
2018-04-10,0.032116413,7.249916
2018-04-11,0.0,7.6763077
2018-04-12,0.30899334,10.884659
2018-04-13,0.0,11.818649
2018-04-14,0.84950733,13.973679
2018-04-15,0.047290087,15.717743
2018-04-16,4.273238,13.598831
2018-04-17,2.8431163,10.338364
2018-04-18,0.46752813,10.827148
2018-04-19,0.02594781,10.573074
2018-04-20,0.0,13.983742
2018-04-21,0.2365737,10.234207
2018-04-22,0.14865816,9.391945
2018-04-23,3.8707626,10.775124
2018-04-24,1.3834009,11.399689
2018-04-25,7.2233906,9.824303
2018-04-26,3.01993,8.788673
2018-04-27,2.8436444,11.363663
2018-04-28,0.6360898,13.998413
2018-04-29,0.0,17.897896
2018-04-30,1.5220547,18.136978
2018-05-01,10.139702,15.214066
2018-05-01,10.139702,15.214066
2018-05-02,0.0,17.34285
2018-05-03,0.0,17.366661
2018-05-04,0.11304855,12.475929
2018-05-05,1.1248919,12.49852
2018-05-06,0.0,15.015251
2018-05-07,0.0,16.96019
2018-05-08,0.0,18.030258
2018-05-09,0.0,18.422798
2018-05-10,0.0,16.138008
2018-05-11,0.0,17.186142
2018-05-12,0.0,18.335762
2018-05-13,0.0016634464,17.179573
2018-05-14,0.058796406,16.493233
2018-05-15,2.9514372,18.01162
2018-05-16,2.9831858,18.018593
2018-05-17,6.694548,17.050781
2018-05-18,5.808742,15.392281
2018-05-19,1.3165226,14.782951
2018-05-20,0.0,16.031425
2018-05-21,0.5063901,13.915169
2018-05-22,1.367276,15.375465
2018-05-23,7.4436216,17.687729
2018-05-24,0.34540176,19.348816
2018-05-25,0.8718147,19.230713
2018-05-26,0.0,19.824135
2018-05-27,0.0,21.701576
2018-05-28,0.0,22.881721
2018-05-29,0.0,24.462181
2018-05-30,0.0,20.657524
2018-05-31,0.0,18.941422
2018-06-01,0.0,21.466675
2018-06-02,2.9033413,22.088463
2018-06-03,0.17331862,22.130089
2018-06-04,0.14863014,14.951691
2018-06-05,0.19672012,12.721252
2018-06-06,0.1292057,15.337654
2018-06-07,0.15336895,19.83239
2018-06-08,0.0,19.073586
2018-06-09,0.0033269227,20.855186
2018-06-10,0.0,19.503677
2018-06-11,1.1199805,19.701897
2018-06-12,0.010215759,19.205368
2018-06-13,0.0,19.858093
2018-06-14,1.1739302,19.729027
2018-06-15,0.03182888,18.94677
2018-06-16,0.20436382,21.096886
2018-06-17,0.005965933,23.70076
2018-06-18,0.23961091,20.704369
2018-06-19,0.19117613,19.475372
2018-06-20,0.25415042,23.32161
2018-06-21,7.366262,17.460564
2018-06-22,0.048779618,15.615608
2018-06-23,0.2752045,13.787849
2018-06-24,10.481302,14.189407
2018-06-25,5.0727224,16.352661
2018-06-26,3.0882425,20.16085
2018-06-27,0.043760628,22.443672
2018-06-28,0.0,22.020012
2018-06-29,0.011814475,16.590393
2018-06-30,0.08006203,14.574516
2018-07-01,6.1145115,12.970276
2018-07-01,6.1145115,12.970276
2018-07-02,8.697286,14.779839
2018-07-03,3.7338967,15.965996
2018-07-04,7.804042,18.015701
2018-07-05,0.0076293945,19.040298
2018-07-06,0.04624605,19.615204
2018-07-07,0.31363034,19.453766
2018-07-08,0.107112646,19.51567
2018-07-09,0.13389826,20.454811
2018-07-10,0.76676106,21.408104
2018-07-11,2.1577623,22.280907
2018-07-12,15.085419,19.238068
2018-07-13,14.432412,19.18119
2018-07-14,10.710159,20.063217
2018-07-15,6.7081413,21.764679
2018-07-16,9.294955,22.063354
2018-07-17,3.2160892,23.874771
2018-07-18,0.26096964,21.52356
2018-07-19,3.5184612,22.409317
2018-07-20,0.9343977,22.298592
2018-07-21,0.56206703,22.693047
2018-07-22,0.050520062,22.477882
2018-07-23,14.57531,21.627373
2018-07-24,2.1821728,21.900246
2018-07-25,2.162323,22.400375
2018-07-26,0.7760956,22.868362
2018-07-27,1.8796043,22.419617
2018-07-28,7.980963,25.260834
2018-07-29,0.10978699,25.003517
2018-07-30,0.0100336075,23.936134
2018-07-31,0.0100979805,22.601234
2018-08-01,0.0075120926,23.714699
2018-08-02,0.07338405,24.097076
2018-08-03,3.5630589,23.224304
2018-08-04,0.0,22.37397
2018-08-05,0.47099918,20.59076
2018-08-06,1.9032826,20.076874
2018-08-07,0.49715635,22.210106
2018-08-08,0.04995656,24.039497
2018-08-09,0.0,24.95018
2018-08-10,0.00178051,20.093788
2018-08-11,26.086153,18.128677
2018-08-12,0.19365692,17.821259
2018-08-13,1.6577625,19.4281
2018-08-14,5.6315937,21.14466
2018-08-15,3.576025,19.472038
2018-08-16,1.1310272,20.058563
2018-08-17,0.80618453,20.886238
2018-08-18,2.1487792,20.180626
2018-08-19,0.087257385,21.62535
2018-08-20,0.14213736,19.16655
2018-08-21,1.0414542,16.299263
2018-08-22,0.0,18.497849
2018-08-23,0.0,21.80709
2018-08-24,1.6027088,20.276749
2018-08-25,17.8087,16.480034
2018-08-26,8.02215,17.17508
2018-08-27,0.21107292,17.55577
2018-08-28,0.80649346,16.983688
2018-08-29,1.5677087,16.766556
2018-08-30,0.5379672,18.679749
2018-08-31,1.7176247,19.337196
2018-09-01,0.12812519,19.00618
2018-09-02,0.04117441,19.273804
2018-09-03,0.30811405,18.009819
2018-09-04,8.414818,17.984009
2018-09-05,0.72190475,19.410675
2018-09-06,0.0,18.87378
2018-09-07,0.0,18.413063
2018-09-08,0.0,17.120697
2018-09-09,0.29796696,18.011734
2018-09-10,0.022706032,18.028091
2018-09-11,0.17747498,19.437225
2018-09-12,2.0214612,16.112007
2018-09-13,0.12186074,15.242233
2018-09-14,0.0,12.864647
2018-09-15,0.5582094,14.289673
2018-09-16,0.29131383,15.147835
2018-09-17,1.1004047,17.42694
2018-09-18,0.0,19.342445
2018-09-19,0.0,19.445023
2018-09-20,0.0,21.15104
2018-09-21,0.0,15.386383
2018-09-22,4.9342356,12.272354
2018-09-23,0.6562574,9.93528
2018-09-24,10.612653,8.710533
2018-09-25,0.448972,8.491196
2018-09-26,2.7881644,12.900948
2018-09-27,1.3672688,14.043953
2018-09-28,2.1864448,8.278397
2018-09-29,0.014400721,9.981918
2018-09-30,0.0,10.123329
2018-10-01,0.0,10.1601715
2018-10-01,0.0,10.1601715
2018-10-02,0.8316931,8.532455
2018-10-03,9.02214,7.976921
2018-10-04,0.25366983,10.24263
2018-10-05,0.7510729,12.483421
2018-10-06,0.004185021,12.112038
2018-10-07,2.2297697,7.383301
2018-10-08,0.011814475,9.405212
2018-10-09,0.0,11.621292
2018-10-10,0.0,11.618584
2018-10-11,0.0,12.694595
2018-10-12,0.0,12.169861
2018-10-13,0.0,12.345314
2018-10-14,0.0,11.490311
2018-10-15,0.0,11.742592
2018-10-16,0.0,11.182137
2018-10-17,0.0,10.92675
2018-10-18,0.0,9.233772
2018-10-19,0.08054364,8.058861
2018-10-20,0.023123026,6.836853
2018-10-21,0.0,8.742477
2018-10-22,1.3588616,5.590477
2018-10-23,10.020912,5.3334274
2018-10-24,3.703142,4.0846863
2018-10-25,2.5216355,5.473427
2018-10-26,0.109344974,8.039886
2018-10-27,2.4065568,5.1217117
2018-10-28,0.19239831,3.087288
2018-10-29,9.5995,9.551018
2018-10-30,1.8509666,13.182762
2018-10-31,3.2951021,10.705177
2018-11-01,0.3775438,13.17086
2018-11-02,0.0058484077,10.173058
2018-11-03,2.3907804,5.2346954
2018-11-04,0.018585712,8.577324
2018-11-05,0.2600873,10.964592
2018-11-06,0.06332189,9.133636
2018-11-07,0.2234745,7.542549
2018-11-08,0.0,5.6278915
2018-11-09,0.34073645,6.3235474
2018-11-10,0.73996234,5.563774
2018-11-11,0.43098995,5.315857
2018-11-12,0.19979286,7.292465
2018-11-13,10.753388,7.9263
2018-11-14,3.1805491,5.636078
2018-11-15,0.15126,1.2462234
2018-11-16,0.0,-0.79159546
2018-11-17,0.046699166,4.195938
2018-11-18,2.41186,3.1085968
2018-11-19,0.24629807,1.5559387
2018-11-20,0.08935487,-0.5156708
2018-11-21,0.026215106,-1.6411133
2018-11-22,0.08736769,-0.6670532
2018-11-23,0.30025005,-1.7127914
2018-11-24,0.6043689,0.5111542
2018-11-25,1.8699251,-1.9167404
2018-11-26,0.06490862,-1.2303009
2018-11-27,0.23928434,-4.777443
2018-11-28,0.009663202,-5.670471
2018-11-29,0.0076293945,-4.543373
2018-11-30,0.0,-6.3473434
2018-12-01,3.2574148,-4.2063904
2018-12-01,3.2574148,-4.2063904
2018-12-02,0.5833388,0.41199493
2018-12-03,3.4574883,4.0943985
2018-12-04,7.8653755,1.7980118
2018-12-05,0.092058584,-1.8207321
2018-12-06,0.0,-1.115715
2018-12-07,6.369555,3.0277634
2018-12-08,5.6590543,1.2561874
2018-12-09,1.4897023,3.1225739
2018-12-10,2.0710504,0.45626068
2018-12-11,1.3919172,0.904068
2018-12-12,1.0011986,-0.41807556
2018-12-13,0.68462974,-0.33881378
2018-12-14,0.47269875,-0.9246445
2018-12-15,0.2496896,-1.5503998
2018-12-16,5.4144764,-2.6733017
2018-12-17,10.426544,-4.539528
2018-12-18,0.8881093,-5.4251556
2018-12-19,0.23701708,-6.912491
2018-12-20,0.66173404,-3.1547012
2018-12-21,3.4519632,1.1360397
2018-12-22,2.689206,-0.8703995
2018-12-23,0.8249661,-3.4689865
2018-12-24,1.4245994,-4.226532
2018-12-25,0.95984656,2.0246506
2018-12-26,1.2899768,0.8461838
2018-12-27,4.0020523,1.6472702
2018-12-28,3.2010622,1.1972809
2018-12-29,0.31072474,1.9353256
2018-12-30,4.819122,0.71481323
2018-12-31,6.2822075,0.8035126
2019-01-01,8.576385,1.1589279
2019-01-02,4.721276,-3.8534698
2019-01-03,2.6079526,-4.9414215
2019-01-04,2.2984157,-1.7090073
2019-01-05,1.9770751,-5.6323853
2019-01-06,0.36134556,-9.1816635
2019-01-07,0.3040995,-5.0548325
2019-01-08,0.3921506,-7.268944
2019-01-09,0.1782971,-11.267563
2019-01-10,0.16514303,-9.185646
2019-01-11,4.460084,-1.5939789
2019-01-12,0.03888762,-0.41580963
2019-01-13,3.0059934,1.0924606
2019-01-14,6.765393,-4.093582
2019-01-15,1.4870713,-3.6528397
2019-01-16,0.49632752,2.4641037
2019-01-17,3.4096193,-0.07198334
2019-01-18,5.414659,-3.17482
2019-01-19,0.53274155,-1.8482056
2019-01-20,3.2541177,-7.1266174
2019-01-21,0.85581285,-4.614052
2019-01-22,0.8840342,-6.813408
2019-01-23,0.076293945,-13.45224
2019-01-24,0.07783997,-10.076668
2019-01-25,4.5412874,-8.334679
2019-01-26,0.709651,-8.434425
2019-01-27,0.39544582,-6.7942505
2019-01-28,1.5633495,-2.0708237
2019-01-29,1.6001011,0.104774475
2019-01-30,0.46731234,-2.252449
2019-01-31,0.5411167,1.2197037
2019-02-01,1.1029083,1.2585678
2019-02-02,5.284743,3.477272
2019-02-03,1.2712492,0.38565826
2019-02-04,6.799199,-2.0255737
2019-02-05,0.22980452,0.26808167
2019-02-06,0.59314156,-0.032592773
2019-02-07,0.30917865,0.47014618
2019-02-08,0.009410262,2.3865814
2019-02-09,0.3036054,3.063652
2019-02-10,0.4760597,2.8607407
2019-02-11,3.2004707,0.75852203
2019-02-12,2.2662516,-1.0266495
2019-02-13,6.5231757,-0.30091095
2019-02-14,0.14926097,3.5046692
2019-02-15,0.58453673,4.511688
2019-02-16,0.072732165,4.2773666
2019-02-17,0.041267633,-0.36546326
2019-02-18,0.0,3.9841843
2019-02-19,0.2615325,4.1395874
2019-02-20,1.4536344,-2.176262
2019-02-21,0.0076293945,-4.7757187
2019-02-22,0.0,-3.474701
2019-02-23,0.1349895,1.9465637
2019-02-24,0.016804814,2.770752
2019-02-25,0.0,3.4266663
2019-02-26,0.6328912,2.9503326
2019-02-27,0.03888766,2.971466
2019-02-28,2.657467,-0.846344
2019-03-01,0.5741105,-3.0370636
2019-03-02,0.0,0.9312668
2019-03-03,2.580231,5.821129
2019-03-01,0.5741105,-3.0370636
2019-03-02,0.0,0.9312668
2019-03-03,2.580231,5.821129
2019-03-04,5.843162,5.8871536
2019-03-05,2.9046276,-1.8251038
2019-03-06,0.08439307,5.129715
2019-03-07,0.85279775,8.265549
2019-03-08,1.633856,5.347801
2019-03-09,4.3643317,3.7013702
2019-03-10,2.6637225,0.50019073
2019-03-11,2.309209,-1.2600784
2019-03-12,0.20930386,0.89523315
2019-03-13,1.1770433,4.5371094
2019-03-14,2.0672424,4.0605392
2019-03-15,1.8531421,3.882698
2019-03-16,7.8545475,5.1092987
2019-03-17,0.7311563,6.5121307
2019-03-18,4.607588,4.3427505
2019-03-19,1.0065581,4.141327
2019-03-20,0.10651207,7.1689987
2019-03-21,1.3889064,6.615822
2019-03-22,0.71562463,4.0028152
2019-03-23,0.18462348,6.266205
2019-03-24,0.0,3.4977493
2019-03-25,0.2919738,1.8293152
2019-03-26,2.4304152,1.284462
2019-03-27,0.9049324,4.34169
2019-03-28,0.0041850507,5.937088
2019-03-29,0.08306523,8.566505
2019-03-30,0.0,7.9688644
2019-03-31,0.23454821,3.494156
2019-04-01,0.030218124,3.84935
2019-04-02,0.0,5.407013
2019-04-03,0.0,6.47538
2019-04-04,0.0,7.4781494
2019-04-05,0.0,8.496567
2019-04-06,0.012737215,9.834244
2019-04-07,0.011191189,8.787117
2019-04-08,0.29411864,3.6345139
2019-04-09,0.0076293945,3.724533
2019-04-10,0.024163246,3.772522
2019-04-11,0.47374976,2.4378967
2019-04-12,0.0,3.9294739
2019-04-13,0.0,3.5751877
2019-04-14,0.0,3.7236862
2019-04-15,0.17584777,7.5938034
2019-04-16,0.30991948,9.140991
2019-04-17,0.0,10.127022
2019-04-18,0.0,10.674149
2019-04-19,0.0,9.160812
2019-04-20,0.3224821,8.416
2019-04-21,6.6169147,11.701134
2019-04-22,0.0,12.229546
2019-04-23,0.0,14.1717
2019-04-24,0.0,15.559822
2019-04-25,0.31084704,17.676254
2019-04-26,0.07795739,18.803085
2019-04-27,0.59649754,17.190018
2019-04-28,0.0,12.485573
2019-04-29,0.0,11.563644
2019-04-30,0.0,13.104408
2019-05-01,0.0077466965,10.357918
2019-05-01,0.0077466965,10.357918
2019-05-02,2.500998,9.511154
2019-05-03,1.8844936,8.114532
2019-05-04,1.1061041,8.972366
2019-05-05,0.30957165,8.0531845
2019-05-06,2.2537909,9.595413
2019-05-07,0.368299,8.110214
2019-05-08,0.0,10.471542
2019-05-09,0.10249668,12.416618
2019-05-10,2.4252372,13.51049
2019-05-11,2.9570405,13.178368
2019-05-12,0.05946064,15.783409
2019-05-13,5.1441374,11.989197
2019-05-14,0.18939495,15.308403
2019-05-15,0.16481924,15.56794
2019-05-16,3.3638802,15.773933
2019-05-17,5.0282516,19.595566
2019-05-18,1.5405445,19.586731
2019-05-19,0.0,20.595253
2019-05-20,0.52676105,21.874763
2019-05-21,0.06231022,19.798424
2019-05-22,0.0033273697,19.825203
2019-05-23,1.4092065,16.973701
2019-05-24,4.045019,17.574203
2019-05-25,0.10956359,14.478394
2019-05-26,0.37916577,18.78032
2019-05-27,0.14445248,19.069267
2019-05-28,9.921328,17.104462
2019-05-29,3.619915,14.448563
2019-05-30,0.0,17.13356
2019-05-31,0.59982485,17.338173
2019-06-01,0.38272804,18.672684
2019-06-02,0.59619987,17.813416
2019-06-03,0.0,21.630104
2019-06-04,0.0,23.799713
2019-06-05,0.2643695,23.603569
2019-06-06,0.4640422,24.265038
2019-06-07,1.2017765,24.201866
2019-06-08,0.6500974,20.905922
2019-06-09,2.0042934,22.03955
2019-06-10,0.0,25.041435
2019-06-11,0.100728035,28.0466
2019-06-12,0.09331226,25.757019
2019-06-13,0.9139824,25.602943
2019-06-14,1.1840496,22.453018
2019-06-15,0.0,20.781502
2019-06-16,11.663547,20.79702
2019-06-17,2.8094268,20.930267
2019-06-18,0.0,23.174019
2019-06-19,0.0,22.993126
2019-06-20,7.0354204,23.191658
2019-06-21,11.219456,21.66243
2019-06-22,0.76717865,19.660988
2019-06-23,0.0,20.87104
2019-06-24,0.0,22.055817
2019-06-25,0.0,25.309402
2019-06-26,1.5979214,21.253418
2019-06-27,9.980318,17.22548
2019-06-28,0.12907648,17.280037
2019-06-29,0.14229155,21.93026
2019-06-30,0.14751673,23.740242
2019-07-01,0.0,18.651184
2019-07-01,0.0,18.651184
2019-07-02,0.5170416,15.319061
2019-07-03,0.8733218,14.830833
2019-07-04,1.2873533,14.966721
2019-07-05,8.135115,16.090958
2019-07-06,1.0892543,16.250694
2019-07-07,6.8452625,14.219864
2019-07-08,4.796504,15.266914
2019-07-09,3.697554,14.745155
2019-07-10,5.7957053,15.963478
2019-07-11,2.2028484,15.859291
2019-07-12,0.74768066,15.693016
2019-07-13,0.16153622,16.340027
2019-07-14,0.76429176,16.737755
2019-07-15,0.21208334,17.247635
2019-07-16,10.522486,15.690468
2019-07-17,7.088331,17.511703
2019-07-18,1.4404536,18.582283
2019-07-19,0.08516979,20.140076
2019-07-20,0.07187414,21.512703
2019-07-21,1.0979342,20.165443
2019-07-22,15.730749,18.761887
2019-07-23,1.4417863,20.483025
2019-07-24,0.6217613,20.120216
2019-07-25,0.6380329,19.55738
2019-07-26,3.541684,20.577522
2019-07-27,7.446476,22.736427
2019-07-28,0.13394457,22.141632
2019-07-29,2.695623,20.053352
2019-07-30,0.6818962,15.959549
2019-07-31,0.042449474,17.168594
2019-08-01,4.074824,16.739204
2019-08-02,3.092489,16.451584
2019-08-03,0.8471742,15.395081
2019-08-04,1.0065668,15.186005
2019-08-05,0.0,17.78418
2019-08-06,0.27464285,18.37912
2019-08-07,4.606275,17.33316
2019-08-08,21.687885,17.230293
2019-08-09,5.0947847,17.974007
2019-08-10,1.2160939,20.371437
2019-08-11,1.797389,20.952255
2019-08-12,1.657012,19.731468
2019-08-13,4.8407354,17.694565
2019-08-14,5.5746913,15.971306
2019-08-15,0.16780305,17.069763
2019-08-16,0.0,18.287468
2019-08-17,0.0,19.459877
2019-08-18,0.107904434,23.399872
2019-08-19,13.00655,20.381073
2019-08-20,0.29254818,18.859398
2019-08-21,12.767157,16.926186
2019-08-22,0.005965948,17.846916
2019-08-23,0.0,19.325974
2019-08-24,0.0,20.54992
2019-08-25,0.0,20.868958
2019-08-26,0.0,21.708061
2019-08-27,0.0,21.060295
2019-08-28,0.0,22.132027
2019-08-29,1.2507063,22.791504
2019-08-30,0.24015439,20.097328
2019-08-31,0.025826693,20.334938
2019-09-01,0.0,21.087433
2019-09-02,2.0199475,15.425438
2019-09-03,8.605551,16.161232
2019-09-04,0.39218855,18.099464
2019-09-05,0.0,17.552124
2019-09-06,0.9439776,15.853348
2019-09-07,0.0100336075,19.928879
2019-09-08,2.145898,20.926872
2019-09-09,0.0,19.605202
2019-09-10,0.14557934,17.68467
2019-09-11,0.0,18.20874
2019-09-12,0.0,16.759789
2019-09-13,1.8789977,13.977081
2019-09-14,0.57500696,13.685379
2019-09-15,1.6226405,14.335762
2019-09-16,1.7975775,11.042343
2019-09-17,5.283592,9.725121
2019-09-18,2.1297164,10.355614
2019-09-19,1.5813842,8.795105
2019-09-20,0.72090054,10.880882
2019-09-21,1.742877,12.412422
2019-09-22,4.8619666,6.5097046
2019-09-23,0.0,6.890175
2019-09-24,0.0,8.443184
2019-09-25,0.28915203,10.142166
2019-09-26,0.0,9.841995
2019-09-27,0.0,11.631599
2019-09-28,9.977918,12.321838
2019-09-29,10.858324,13.7285
2019-09-30,11.878481,12.378265
2019-10-01,3.6733828,13.991455
2019-10-01,3.6733828,13.991455
2019-10-02,10.446643,10.420631
2019-10-03,1.3496155,8.715118
2019-10-04,0.8640123,5.8428802
2019-10-05,0.4025023,3.4329224
2019-10-06,0.089448094,3.6036987
2019-10-07,1.8732883,5.910324
2019-10-08,3.591488,10.023399
2019-10-09,1.5192704,9.896477
2019-10-10,6.8998423,10.788414
2019-10-11,2.8095658,12.81295
2019-10-12,6.3482504,13.596481
2019-10-13,0.69790137,15.860939
2019-10-14,0.0,12.546669
2019-10-15,0.0041850805,15.835152
2019-10-16,0.0,13.400734
2019-10-17,0.4652522,13.469711
2019-10-18,0.09436154,13.011856
2019-10-19,0.0,13.760452
2019-10-20,0.026615381,13.81942
2019-10-21,0.0,14.344673
2019-10-22,0.025862813,12.554245
2019-10-23,0.08053607,10.5572815
2019-10-24,0.0,13.025383
2019-10-25,0.017662942,13.340797
2019-10-26,0.012555122,13.190666
2019-10-27,0.99799764,7.893982
2019-10-28,1.63678,4.7699127
2019-10-29,0.55729866,2.5155563
2019-10-30,0.8142853,1.8986664
2019-10-31,1.7927997,4.4683
2019-11-01,0.60209894,4.13842
2019-11-02,2.3719943,8.575928
2019-11-03,0.31882435,12.322639
2019-11-04,3.7957418,11.335167
2019-11-05,4.761402,8.190193
2019-11-06,2.0164974,7.4729233
2019-11-07,1.9392312,6.453766
2019-11-08,0.19828294,9.960045
2019-11-09,3.901392,9.874504
2019-11-10,8.555449,6.3935776
2019-11-11,3.0404115,5.437149
2019-11-12,0.34648418,12.050713
2019-11-13,0.56193024,12.373543
2019-11-14,9.057935,7.872635
2019-11-15,5.3092947,7.873604
2019-11-16,0.14748007,9.446831
2019-11-17,0.14287809,9.270111
2019-11-18,0.6185229,7.4066544
2019-11-19,0.06355679,7.612892
2019-11-20,0.32123157,3.5968323
2019-11-21,0.03981042,-1.1995163
2019-11-22,0.0134779215,-2.4152145
2019-11-23,0.005965948,-0.7665558
2019-11-24,0.332541,-0.77210236
2019-11-25,0.18206526,-0.063934326
2019-11-26,0.047557242,0.818367
2019-11-27,0.1853922,2.8270798
2019-11-28,1.0066347,3.893608
2019-11-29,1.0497034,1.2027054
2019-11-30,1.4030421,-1.0105896
2019-12-01,0.024045944,0.65649414
2019-12-01,0.024045944,0.65649414
2019-12-02,2.3065982,-0.8970642
2019-12-03,0.007629293,2.5188446
2019-12-04,1.9198557,2.4817429
2019-12-05,0.23577052,1.0701752
2019-12-06,1.3570509,2.5288696
2019-12-07,4.376172,4.413994
2019-12-08,2.2309322,6.5663223
2019-12-09,0.34583688,4.4486084
2019-12-10,0.4422095,-0.07022095
2019-12-11,0.069170356,2.2777786
2019-12-12,0.986163,2.2345505
2019-12-13,0.16199821,3.1252365
2019-12-14,3.160489,3.2237396
2019-12-15,3.813137,3.8197556
2019-12-16,0.10628128,5.1056137
2019-12-17,0.7072916,6.315506
2019-12-18,0.04903865,4.950653
2019-12-19,0.12877694,4.1738205
2019-12-20,0.042214587,5.0613327
2019-12-21,0.14077339,6.370018
2019-12-22,3.8878386,4.435211
2019-12-23,0.24057877,5.788246
2019-12-24,10.349333,5.148285
2019-12-25,3.6851063,3.154564
2019-12-26,3.5327673,1.0132828
2019-12-27,1.4683784,-0.7492142
2019-12-28,0.15383434,-2.4837265
2019-12-29,0.1755693,2.075409
2019-12-30,1.0137339,4.3135605
2019-12-31,1.7347466,1.8348846
2020-01-01,0.119366646,4.1657104
2020-01-02,0.013477899,1.6993866
2020-01-03,0.2630186,2.95224
2020-01-04,3.8864954,-0.6999512
2020-01-05,0.022888184,-0.18048859
2020-01-06,1.9955999,1.786911
2020-01-07,0.18981202,0.4345169
2020-01-08,3.1999547,4.07209
2020-01-09,1.6932049,5.6824036
2020-01-10,10.354832,3.4333725
2020-01-11,2.7041986,2.8645554
2020-01-12,1.884582,3.3297424
2020-01-13,4.291942,3.4503555
2020-01-14,0.25218496,3.6388474
2020-01-15,0.24119043,5.2335205
2020-01-16,0.0041850805,3.9657745
2020-01-17,0.037406284,1.6502533
2020-01-18,0.10755223,3.0907288
2020-01-19,0.074213564,2.6153183
2020-01-20,0.026332542,4.5170975
2020-01-21,0.9957999,3.7708054
2020-01-22,6.2481694,2.0269165
2020-01-23,0.13383198,4.2913284
2020-01-24,1.1087096,4.429001
2020-01-25,0.3011039,4.0015564
2020-01-26,0.3542144,1.964798
2020-01-27,2.1517515,2.3764038
2020-01-28,0.6717633,2.7793274
2020-01-29,3.33783,2.438736
2020-01-30,1.2088778,2.577324
2020-01-31,4.520607,4.965515
2020-02-01,5.8389482,6.267494
2020-02-02,4.1918197,3.0896378
2020-02-03,1.1037611,-0.54561615
2020-02-04,0.1694336,-2.5826263
2020-02-05,0.0,1.076683
2020-02-06,1.9835521,-3.157547
2020-02-07,0.21123075,0.81908417
2020-02-08,1.1952543,1.9085312
2020-02-09,0.0016636848,3.9968796
2020-02-10,5.2735195,3.4981995
2020-02-11,2.9957476,2.3632889
2020-02-12,2.3117285,2.4539108
2020-02-13,1.0702214,0.85733795
2020-02-14,0.0,0.3171463
2020-02-15,0.019589782,3.8698654
2020-02-16,0.93879193,8.423088
2020-02-17,0.35779238,4.696213
2020-02-18,1.0942749,4.030899
2020-02-19,0.082676865,3.161995
2020-02-20,0.19218013,2.450966
2020-02-21,0.7601636,4.0507355
2020-02-22,5.148495,4.218048
2020-02-23,1.4830364,2.601883
2020-02-24,1.1310625,0.7648926
2020-02-25,4.261235,4.36644
2020-02-26,1.8507404,1.9347458
2020-02-27,1.0334159,0.5445938
2020-02-28,1.385693,2.137947
2020-02-29,0.575366,5.5536346
2020-03-01,2.2725713,5.7440186
2020-03-02,2.0413756,6.897316
2020-03-01,2.2725713,5.7440186
2020-03-02,2.0413756,6.897316
2020-03-03,0.21218528,7.760544
2020-03-04,9.883536,4.4448547
2020-03-05,3.1321285,4.829109
2020-03-06,0.0016636848,5.135887
2020-03-07,1.7086229,4.9065323
2020-03-08,1.4597042,5.1000977
2020-03-09,1.1263885,5.860367
2020-03-10,0.1172217,5.9133606
2020-03-11,5.2246046,5.815338
2020-03-12,9.598286,5.209633
2020-03-13,0.45925653,0.40898132
2020-03-14,2.4052076,-0.51638794
2020-03-15,0.0,2.7947617
2020-03-16,1.1691731,5.763695
2020-03-17,0.040921465,8.20845
2020-03-18,0.012971878,7.55529
2020-03-19,0.14035654,3.7257538
2020-03-20,0.55624866,1.0702515
2020-03-21,0.85767484,-0.725647
2020-03-22,0.08905542,-1.1624832
2020-03-23,0.0,-0.11431885
2020-03-24,0.0,1.5080643
2020-03-25,0.0,2.5861511
2020-03-26,0.0,4.473686
2020-03-27,0.0,6.76458
2020-03-28,0.0,4.126671
2020-03-29,1.023128,-0.11186218
2020-03-30,0.0058484077,-0.15795898
2020-03-31,0.030869842,1.1129532
2020-04-01,0.9799663,4.8523407
2020-04-02,1.6137431,5.9194717
2020-04-03,0.73506975,4.58049
2020-04-04,0.47642583,4.7648773
2020-04-05,0.04905051,7.1145096
2020-04-06,0.0,11.006233
2020-04-07,0.0,8.809868
2020-04-08,0.0,9.819153
2020-04-09,0.52425814,5.649948
2020-04-10,0.0,4.6232758
2020-04-11,0.0,7.1079254
2020-04-12,1.1043506,9.078659
2020-04-13,0.9429647,4.0637665
2020-04-14,1.439168,3.8825302
2020-04-15,3.6128192,8.252541
2020-04-16,0.9023528,5.431114
2020-04-17,0.69705534,5.151825
2020-04-18,0.05731988,4.8211365
2020-04-19,0.45685434,5.7492294
2020-04-20,0.14021051,8.235077
2020-04-21,0.05340576,9.442535
2020-04-22,0.0,9.499725
2020-04-23,0.0,9.888458
2020-04-24,0.13322544,8.163231
2020-04-25,0.18136072,6.3058853
2020-04-26,0.4364267,8.006187
2020-04-27,0.03895229,12.975952
2020-04-28,0.7881429,8.310303
2020-04-29,0.20166302,8.323463
2020-04-30,0.0,9.904495
2020-05-01,0.029294968,11.927315
2020-05-01,0.029294968,11.927315
2020-05-02,10.139964,11.9941025
2020-05-03,2.2280202,11.2619705
2020-05-04,0.0,12.647179
2020-05-05,1.354734,11.828667
2020-05-06,7.7941456,9.67749
2020-05-07,0.0,9.388573
2020-05-08,0.0,12.235268
2020-05-09,0.027190655,13.804459
2020-05-10,0.0,16.401825
2020-05-11,19.456161,5.7784424
2020-05-12,6.6248736,6.7573776
2020-05-13,3.444106,6.277527
2020-05-14,0.0712266,8.827896
2020-05-15,0.1646738,10.079132
2020-05-16,0.49255496,10.32666
2020-05-17,3.3606513,9.768967
2020-05-18,7.9932346,11.176903
2020-05-19,5.204576,9.7903595
2020-05-20,0.38478708,8.56131
2020-05-21,1.9004898,9.947716
2020-05-22,0.74915767,10.992195
2020-05-23,0.0,11.010712
2020-05-24,6.961115,12.142067
2020-05-25,0.6080273,13.829506
2020-05-26,0.99495363,15.4008255
2020-05-27,0.020131707,15.049919
2020-05-28,0.09428043,14.6957245
2020-05-29,0.05530411,14.769157
2020-05-30,5.719576,17.169456
2020-05-31,0.0,12.79686
2020-06-01,0.0,12.043076
2020-06-02,1.9778776,13.659142
2020-06-03,1.0167742,14.085754
2020-06-04,4.0126476,16.257324
2020-06-05,4.5744767,18.772812
2020-06-06,1.1780382,19.700302
2020-06-07,9.218472,22.71521
2020-06-08,4.0851774,19.756447
2020-06-09,10.07937,21.552452
2020-06-10,7.854067,23.217865
2020-06-11,1.8142242,23.209251
2020-06-12,1.4498634,20.466995
2020-06-13,0.1359775,15.690628
2020-06-14,5.318477,18.361267
2020-06-15,0.13205147,19.063286
2020-06-16,0.45674968,23.478844
2020-06-17,4.7669334,23.809135
2020-06-18,3.618061,22.811043
2020-06-19,1.8182303,23.29348
2020-06-20,2.688198,22.608192
2020-06-21,1.4486425,21.786072
2020-06-22,0.34292603,20.422745
2020-06-23,0.0,22.314522
2020-06-24,0.0,23.63105
2020-06-25,0.0,24.511658
2020-06-26,0.0017808676,24.48571
2020-06-27,1.1360111,22.148277
2020-06-28,2.0523815,23.230934
2020-06-29,0.4609193,19.876732
2020-06-30,6.3139873,20.43599
2020-07-01,0.9832064,21.194366
2020-07-01,0.9832064,21.194366
2020-07-02,5.1323876,20.513756
2020-07-03,0.00952816,21.080315
2020-07-04,0.034702778,22.659904
2020-07-05,0.6180229,22.882622
2020-07-06,5.7721176,16.7053
2020-07-07,1.0705332,15.860222
2020-07-08,1.2810667,15.847626
2020-07-09,0.98653984,18.279274
2020-07-10,5.6455927,19.411385
2020-07-11,0.24480057,16.314232
2020-07-12,0.15589955,15.704094
2020-07-13,0.012854576,17.20942
2020-07-14,0.059595823,18.75644
2020-07-15,0.0,19.838936
2020-07-16,0.0,20.337578
2020-07-17,0.0,21.916336
2020-07-18,0.0,22.17057
2020-07-19,0.0,22.558975
2020-07-20,1.0218098,19.7584
2020-07-21,2.2883856,16.244125
2020-07-22,1.753371,16.225174
2020-07-23,1.0700613,17.65773
2020-07-24,0.106987,20.331741
2020-07-25,3.5188694,20.329582
2020-07-26,0.001663208,22.145287
2020-07-27,3.8625925,22.238342
2020-07-28,0.9102411,21.449951
2020-07-29,5.4706564,18.154419
2020-07-30,0.6046812,16.14299
2020-07-31,4.249583,17.895668
2020-08-01,1.2292529,18.365128
2020-08-02,0.0,21.416054
2020-08-03,0.0,21.364197
2020-08-04,10.588963,19.933197
2020-08-05,0.3947773,19.757874
2020-08-06,0.0,22.06192
2020-08-07,0.0,22.82901
2020-08-08,0.25016415,22.754585
2020-08-09,0.385679,23.131096
2020-08-10,0.1042614,20.611252
2020-08-11,0.0,17.823875
2020-08-12,0.03779471,17.794899
2020-08-13,0.01846838,19.611145
2020-08-14,0.0,21.119347
2020-08-15,0.11268857,22.509804
2020-08-16,0.015882045,22.791145
2020-08-17,0.0,20.783066
2020-08-18,1.1481748,20.18679
2020-08-19,9.756374,19.589348
2020-08-20,0.061035156,21.111275
2020-08-21,1.1128807,20.599174
2020-08-22,1.0443516,21.567825
2020-08-23,8.576834,19.564568
2020-08-24,0.4047829,16.93097
2020-08-25,5.4565997,16.77575
2020-08-26,9.105566,17.017448
2020-08-27,3.387617,16.203362
2020-08-28,0.0,15.999702
2020-08-29,5.197201,17.073387
2020-08-30,19.047422,16.100204
2020-08-31,10.742842,14.572975
2020-09-01,8.810066,18.222015
2020-09-02,4.7030187,16.868477
2020-09-03,0.056145668,17.464188
2020-09-04,0.06928778,18.007027
2020-09-05,2.5299246,16.370758
2020-09-06,6.768009,13.547585
2020-09-07,0.19408166,14.367859
2020-09-08,1.4806229,16.875465
2020-09-09,0.5000734,16.055237
2020-09-10,2.909661,13.084557
2020-09-11,0.02659583,15.303757
2020-09-12,0.005848527,17.03762
2020-09-13,0.02145958,16.711754
2020-09-14,0.48194456,18.179878
2020-09-15,0.027813911,19.67015
2020-09-16,3.231306,14.521904
2020-09-17,5.231987,12.816475
2020-09-18,0.070040375,13.783073
2020-09-19,0.0,12.57518
2020-09-20,0.0,14.288582
2020-09-21,0.0,15.443779
2020-09-22,0.0,17.802025
2020-09-23,0.0,17.837463
2020-09-24,0.0491848,18.641228
2020-09-25,0.0017809868,20.126678
2020-09-26,0.0,18.775383
2020-09-27,1.7776213,13.457413
2020-09-28,4.2477255,13.225937
2020-09-29,0.0,14.278107
2020-09-30,0.004185021,14.806778
2020-10-01,0.0,14.636734
2020-10-01,0.0,14.636734
2020-10-02,0.3388145,14.871223
2020-10-03,2.3523967,18.745766
2020-10-04,0.83389497,17.520142
2020-10-05,4.7672977,15.824722
2020-10-06,0.06251621,14.454292
2020-10-07,0.32758284,14.25473
2020-10-08,1.0150102,12.620964
2020-10-09,0.3878479,13.501854
2020-10-10,2.0008347,13.21817
2020-10-11,10.662529,11.554558
2020-10-12,5.383785,10.315773
2020-10-13,12.183199,11.650963
2020-10-14,12.77011,8.659088
2020-10-15,0.27695835,7.8196335
2020-10-16,0.11173721,6.577812
2020-10-17,0.013595343,6.0291214
2020-10-18,2.5926752,6.077217
2020-10-19,0.36323637,6.602577
2020-10-20,0.0,9.039803
2020-10-21,5.562149,12.691727
2020-10-22,0.5386028,12.667038
2020-10-23,0.15728283,10.3353195
2020-10-24,1.9634551,11.059128
2020-10-25,0.027813911,11.508438
2020-10-26,0.5536792,13.764168
2020-10-27,0.4590554,12.991684
2020-10-28,2.1087546,10.799164
2020-10-29,1.9073308,8.018036
2020-10-30,4.624336,8.891525
2020-10-31,0.32639623,7.6234283
2020-11-01,0.0,8.136795
2020-11-02,0.64093393,10.792351
2020-11-03,1.9370807,7.770378
2020-11-04,2.8316588,7.5293655
2020-11-05,0.9334702,10.071991
2020-11-06,0.47573844,9.754112
2020-11-07,0.4598441,9.228157
2020-11-08,0.8311704,4.7817535
2020-11-09,0.0034444332,6.08963
2020-11-10,0.40883064,4.613022
2020-11-11,0.0626986,4.6662903
2020-11-12,0.09888272,4.772522
2020-11-13,2.9935496,5.15744
2020-11-14,1.1260552,5.090431
2020-11-15,0.10820393,5.537155
2020-11-16,1.0163397,5.4465256
2020-11-17,2.4264307,8.941414
2020-11-18,5.3551826,9.1592865
2020-11-19,1.9732859,4.219696
2020-11-20,0.30758786,1.1844482
2020-11-21,1.3447931,4.094223
2020-11-22,7.450636,6.3391266
2020-11-23,0.21549301,5.280922
2020-11-24,4.3856273,7.2243576
2020-11-25,1.167669,2.518219
2020-11-26,0.6110362,4.1651993
2020-11-27,4.08163,1.2004776
2020-11-28,2.834653,0.57683563
2020-11-29,2.6629646,0.5966568
2020-11-30,1.5288947,0.051589966
2020-12-01,0.09636104,-1.928688
2020-12-01,0.09636104,-1.928688
2020-12-02,0.1588248,-0.7543793
2020-12-03,0.2702744,2.3281784
2020-12-04,0.28713194,5.2743607
2020-12-05,0.14442411,1.8286362
2020-12-06,0.028736688,-2.4634628
2020-12-07,0.0,-2.5488052
2020-12-08,0.013477892,-2.923851
2020-12-09,0.0034443736,-1.9919128
2020-12-10,1.0549986,1.4088669
2020-12-11,2.6598263,-1.366684
2020-12-12,0.09992271,-0.7988739
2020-12-13,1.855901,-0.25141144
2020-12-14,0.5282646,-0.8262329
2020-12-15,0.051737487,1.6374435
2020-12-16,1.7853787,2.1981735
2020-12-17,0.63349885,2.7337494
2020-12-18,3.4162526,3.3588715
2020-12-19,0.14030373,1.8278275
2020-12-20,0.030517578,0.86309814
2020-12-21,0.2083978,1.5756149
2020-12-22,5.1170883,4.0509567
2020-12-23,1.9265378,2.5690613
2020-12-24,4.7854795,1.7484055
2020-12-25,1.0119289,0.45109558
2020-12-26,0.46796894,-0.702858
2020-12-27,0.011696994,0.9009094
2020-12-28,1.8303813,5.376251
2020-12-29,5.307937,3.4695435
2020-12-30,0.830204,2.6959229
2020-12-31,0.08024408,0.041793823
2021-01-01,3.0833292,-0.5080795
2021-01-02,0.36706904,1.1602631
2021-01-03,1.0402038,1.0108566
2021-01-04,0.6910686,1.7232513
2021-01-05,2.6015725,-0.29488373
2021-01-06,3.6473567,0.978302
2021-01-07,6.0755525,-0.8148422
2021-01-08,8.338208,-1.8587646
2021-01-09,2.516445,-4.27652
2021-01-10,0.15332863,-2.0516357
2021-01-11,0.94215935,-1.5795975
2021-01-12,0.63899606,-1.0421524
2021-01-13,4.249791,-7.3604584
2021-01-14,0.84606934,-14.532814
2021-01-15,0.3863225,-18.06054
2021-01-16,0.082207106,-21.795532
2021-01-17,0.0,-19.648914
2021-01-18,0.07973824,-16.332207
2021-01-19,0.0,-9.426056
2021-01-20,1.7002182,2.1493225
2021-01-21,0.10300255,0.95066833
2021-01-22,0.0,2.5413666
2021-01-23,0.0033268929,2.3433228
2021-01-24,4.420298,1.3363876
2021-01-25,7.972469,0.3931427
2021-01-26,23.800028,0.66820526
2021-01-27,6.7490306,-2.9817047
2021-01-28,0.5629981,-4.723236
2021-01-29,0.7888838,-4.0796585
2021-01-30,0.19875288,-3.7853775
2021-01-31,0.5906932,-5.794365
2021-02-01,0.2631251,-6.771202
2021-02-02,2.3020656,-0.4460907
2021-02-03,1.0893922,-5.6388702
2021-02-04,2.2850342,-7.3058624
2021-02-05,0.39966714,-13.972202
2021-02-06,0.056668043,-17.313
2021-02-07,0.003444314,-16.615314
2021-02-08,2.0478516,-9.478035
2021-02-09,6.1971593,-12.687828
2021-02-10,1.3400218,-13.569885
2021-02-11,0.41261053,-12.265373
2021-02-12,0.2867678,-9.253662
2021-02-13,0.408272,-2.5353317
2021-02-14,2.4189522,-7.117096
2021-02-15,0.28128347,-9.542564
2021-02-16,0.030517578,-9.985008
2021-02-17,0.055874586,-16.47675
2021-02-18,0.0,-14.151669
2021-02-19,0.0,-2.957283
2021-02-20,0.25227582,1.8222885
2021-02-21,0.0016634464,1.5692825
2021-02-22,0.0,0.41033173
2021-02-23,0.1798501,3.543602
2021-02-24,0.15665549,5.6909256
2021-02-25,0.050584674,4.9414215
2021-02-26,0.030517578,2.7177734
2021-02-27,0.1664542,2.0249634
2021-02-28,0.29975176,3.6373138
2021-03-01,0.0,4.142624
2021-03-02,0.011814438,1.5156403
2021-03-03,0.0,0.7956543
2021-03-01,0.0,4.142624
2021-03-02,0.011814438,1.5156403
2021-03-03,0.0,0.7956543
2021-03-04,0.2479615,-1.8755188
2021-03-05,0.33390808,-1.1560822
2021-03-06,0.018703163,0.4132614
2021-03-07,3.737194,-2.8356247
2021-03-08,0.4803114,-3.6207657
2021-03-09,0.0,-2.0112534
2021-03-10,0.0,-1.4009857
2021-03-11,2.5167966,2.9955444
2021-03-12,4.1892185,2.968544
2021-03-13,2.5502844,5.2889023
2021-03-14,2.2938538,2.9160767
2021-03-15,0.196002,3.1646118
2021-03-16,0.19809818,2.1424484
2021-03-17,0.13364983,-0.8860245
2021-03-18,1.0035851,-0.5125122
2021-03-19,4.5604234,-1.3066635
2021-03-20,0.22245055,-0.27227783
2021-03-21,3.482116,-0.13748169
2021-03-22,1.8205032,0.8268509
2021-03-23,0.013595343,2.2817154
2021-03-24,0.005225241,4.1078568
2021-03-25,0.05464614,7.832863
2021-03-26,0.24333096,8.080681
2021-03-27,0.60549456,6.0213776
2021-03-28,3.1468713,5.766983
2021-03-29,1.9984826,9.217743
2021-03-30,0.9196008,10.681732
2021-03-31,0.009292841,7.382332
2021-04-01,3.8130682,3.364235
2021-04-02,0.43274283,2.645317
2021-04-03,1.8350301,2.8223724
2021-04-04,0.004185021,5.7738266
2021-04-05,4.532824,2.486786
2021-04-06,1.7758076,2.6897888
2021-04-07,1.1123667,2.2796478
2021-04-08,2.7057352,4.107559
2021-04-09,0.0133605,7.977005
2021-04-10,0.7582511,10.676262
2021-04-11,0.2628932,12.285759
2021-04-12,0.0,7.4980927
2021-04-13,1.6709762,3.8720703
2021-04-14,6.7107186,6.719795
2021-04-15,4.6755104,8.896179
2021-04-16,1.6776905,10.757164
2021-04-17,1.0501494,11.227219
2021-04-18,0.0,9.810181
2021-04-19,0.12526798,9.7404785
2021-04-20,0.8728452,9.268326
2021-04-21,0.061722994,7.37722
2021-04-22,1.0230896,4.8595886
2021-04-23,3.3448234,3.683731
2021-04-24,1.3051366,3.4723816
2021-04-25,1.348922,2.9480972
2021-04-26,2.2567074,3.141655
2021-04-27,0.4852779,4.9432983
2021-04-28,0.79282624,9.585442
2021-04-29,8.455236,11.477905
2021-04-30,1.66181,7.496437
2021-05-01,0.0035617948,9.491791
2021-05-01,0.0035617948,9.491791
2021-05-02,15.908385,5.61969
2021-05-03,11.477808,6.1560287
2021-05-04,1.2781607,11.98896
2021-05-05,10.635752,8.868774
2021-05-06,6.647361,7.888733
2021-05-07,6.6947885,5.7587585
2021-05-08,1.2208737,8.20266
2021-05-09,0.0,14.357422
2021-05-10,0.0,15.393715
2021-05-11,0.0,15.710335
2021-05-12,0.12786603,10.183487
2021-05-13,15.988169,13.671074
2021-05-14,12.414852,14.543068
2021-05-15,0.60888386,15.162315
2021-05-16,3.0384867,15.830902
2021-05-17,10.795684,13.822876
2021-05-18,10.183023,12.054077
2021-05-19,0.5770823,13.448509
2021-05-20,2.9999094,10.726471
2021-05-21,2.361029,12.865982
2021-05-22,18.477865,12.834976
2021-05-23,13.622,12.714958
2021-05-24,0.71852267,13.886032
2021-05-25,9.191488,14.12175
2021-05-26,5.680825,14.095924
2021-05-27,0.84889525,13.572258
2021-05-28,0.46533635,13.020866
2021-05-29,3.3942924,12.382179
2021-05-30,0.0,12.103554
2021-05-31,0.0,13.072487
2021-06-01,0.0070061684,14.603004
2021-06-02,0.0,16.458122
2021-06-03,0.14735077,16.833977
2021-06-04,0.0017809868,17.766861
2021-06-05,1.9676845,18.67334
2021-06-06,0.15669209,19.423538
2021-06-07,0.044347763,19.833092
2021-06-08,0.28241253,19.235786
2021-06-09,15.812418,18.802696
2021-06-10,3.0111237,18.33239
2021-06-11,2.0879326,17.668594
2021-06-12,4.9436803,15.194916
2021-06-13,4.275112,16.971092
2021-06-14,0.0,17.880524
2021-06-15,0.7675582,16.395111
2021-06-16,0.0,19.178246
2021-06-17,0.0,21.964989
2021-06-18,0.0,23.349174
2021-06-19,0.0,25.13404
2021-06-20,0.05511725,26.155968
2021-06-21,0.0,26.911972
2021-06-22,0.24525467,27.372147
2021-06-23,5.7228374,24.247864
2021-06-24,4.914049,24.32283
2021-06-25,11.136464,20.757072
2021-06-26,13.589359,21.099884
2021-06-27,20.45189,19.872223
2021-06-28,3.4132533,20.46833
2021-06-29,0.194098,22.196648
2021-06-30,0.0033268929,22.250046
2021-07-01,4.961031,22.863617
2021-07-01,4.961031,22.863617
2021-07-02,0.21231842,21.172852
2021-07-03,0.14901876,21.223976
2021-07-04,0.38063622,22.142334
2021-07-05,0.54226875,22.127655
2021-07-06,16.374784,23.642479
2021-07-07,0.34694168,25.098854
2021-07-08,0.15194818,25.85772
2021-07-09,0.0,25.70559
2021-07-10,0.06055069,23.907043
2021-07-11,3.759388,25.354073
2021-07-12,1.2945223,25.699379
2021-07-13,1.7502098,24.849327
2021-07-14,10.347227,25.211754
2021-07-15,0.0,27.422073
2021-07-16,0.78718567,25.170418
2021-07-17,9.965862,23.596764
2021-07-18,7.0349693,20.69741
2021-07-19,0.41588497,20.32457
2021-07-20,0.060254097,19.734535
2021-07-21,0.44537878,18.852158
2021-07-22,0.015376329,20.84188
2021-07-23,0.08306503,20.70996
2021-07-24,0.0,21.43518
2021-07-25,0.03392583,23.568092
2021-07-26,0.017780304,23.238792
2021-07-27,11.626347,23.645164
2021-07-28,0.803665,22.501007
2021-07-29,2.2092705,21.388092
2021-07-30,0.25288582,22.103493
2021-07-31,4.6564035,22.03305
2021-08-01,7.0464635,18.964386
2021-08-02,23.781105,17.791115
2021-08-03,2.378613,17.909996
2021-08-04,3.7041624,18.359299
2021-08-05,0.9302683,15.989372
2021-08-06,17.095636,17.964676
2021-08-07,3.4285183,20.384789
2021-08-08,3.7997973,19.278954
2021-08-09,1.8345013,18.218636
2021-08-10,0.4571769,17.548737
2021-08-11,6.4299984,17.499565
2021-08-12,2.9560199,17.838509
2021-08-13,0.005965948,20.555382
2021-08-14,1.2604152,19.483261
2021-08-15,0.28270555,20.214264
2021-08-16,5.0694504,18.277771
2021-08-17,16.806063,16.660881
2021-08-18,0.10375595,16.596619
2021-08-19,1.2315466,17.794136
2021-08-20,2.5520275,16.909859
2021-08-21,7.6216235,15.049385
2021-08-22,0.4501702,15.786186
2021-08-23,0.14763367,13.948814
2021-08-24,0.007779151,13.105118
2021-08-25,0.102939606,15.194336
2021-08-26,3.298914,16.597092
2021-08-27,0.003326416,15.608887
2021-08-28,15.087783,16.44748
2021-08-29,4.637499,16.901604
2021-08-30,7.924257,17.162552
2021-08-31,4.1111164,15.831917
2021-09-01,0.83063316,12.795532
2021-09-02,0.1598768,12.918144
2021-09-03,3.650136,10.8107605
2021-09-04,0.3577184,10.176292
2021-09-05,0.19676542,11.155106
2021-09-06,0.0,13.435158
2021-09-07,0.0,14.832382
2021-09-08,0.0,17.255196
2021-09-09,0.0,17.820786
2021-09-10,0.0,18.030235
2021-09-11,0.0,17.792961
2021-09-12,4.5701942,17.014984
2021-09-13,0.88750756,12.825035
2021-09-14,0.0,11.906502
2021-09-15,0.0,12.329323
2021-09-16,12.587722,12.05957
2021-09-17,0.7685259,9.903969
2021-09-18,11.704048,7.612465
2021-09-19,15.657763,6.1159897
2021-09-20,2.9854593,6.6083984
2021-09-21,0.5779314,7.5058594
2021-09-22,0.84878683,9.756058
2021-09-23,11.175772,11.6909485
2021-09-24,7.8240337,13.705818
2021-09-25,2.3778076,11.585022
2021-09-26,0.0,9.929268
2021-09-27,0.0058485046,10.362282
2021-09-28,0.0016634464,10.440552
2021-09-29,0.05734837,11.027649
2021-09-30,0.10213375,11.025635
2021-10-01,0.7806988,10.383888
2021-10-01,0.7806988,10.383888
2021-10-02,3.7436547,12.230713
2021-10-03,0.7138853,12.264259
2021-10-04,0.0,12.136818
2021-10-05,0.0,11.656914
2021-10-06,0.0,8.188423
2021-10-07,0.0,6.261429
2021-10-08,0.0,5.215645
2021-10-09,0.0,5.535591
2021-10-10,0.0,5.956642
2021-10-11,0.0,6.4990387
2021-10-12,1.3285598,6.034462
2021-10-13,0.042984024,6.239334
2021-10-14,0.62521833,9.228958
2021-10-15,3.7038317,9.797623
2021-10-16,1.3362095,8.452492
2021-10-17,1.3909702,7.2278137
2021-10-18,1.1343923,5.247589
2021-10-19,0.40588465,10.567352
2021-10-20,4.915468,14.0763855
2021-10-21,3.8299532,8.396721
2021-10-22,3.4649122,6.909439
2021-10-23,0.7248116,4.179077
2021-10-24,0.13412178,4.8553925
2021-10-25,0.0,5.57901
2021-10-26,0.51668644,9.298965
2021-10-27,2.4898674,12.193237
2021-10-28,1.1837546,10.883148
2021-10-29,0.0,10.302406
2021-10-30,0.0,9.837227
2021-10-31,0.0,7.629875
2021-11-01,0.0,7.663986
2021-11-02,0.79197836,7.8636093
2021-11-03,11.249862,7.5056
2021-11-04,0.943774,9.4136505
2021-11-05,1.5486162,8.1931305
2021-11-06,3.6622844,7.3909836
2021-11-07,8.225571,5.949341
2021-11-08,2.6944928,0.21949768
2021-11-09,0.0,3.7499313
2021-11-10,0.25809765,5.2154694
2021-11-11,1.0195595,7.10289
2021-11-12,0.17167348,3.6774902
2021-11-13,0.18797937,3.8958664
2021-11-14,0.27066034,1.2452393
2021-11-15,0.12095332,3.1348038
2021-11-16,0.21286422,3.5889282
2021-11-17,0.9084672,5.7343216
2021-11-18,4.691345,7.9670563
2021-11-19,4.7528243,7.630287
2021-11-20,8.180848,7.17614
2021-11-21,6.426261,-0.38760376
2021-11-22,0.20099139,-0.17378998
2021-11-23,2.3406868,2.79776
2021-11-24,0.17125875,4.847191
2021-11-25,0.44867265,2.9147186
2021-11-26,2.193465,2.8658447
2021-11-27,8.346287,1.9194412
2021-11-28,0.47468093,0.72439575
2021-11-29,15.497057,-1.3190308
2021-11-30,2.089684,-2.302475
2021-12-01,1.8240266,2.1806335
2021-12-01,1.8240266,2.1806335
2021-12-02,4.605688,0.34506226
2021-12-03,0.09784223,-0.4101715
2021-12-04,1.9711301,0.3536911
2021-12-05,0.60680133,-3.5536423
2021-12-06,1.1445379,-7.46299
2021-12-07,0.16668907,-13.408546
2021-12-08,0.015258789,-10.4756775
2021-12-09,0.24045655,1.6629486
2021-12-10,4.4235673,2.011757
2021-12-11,5.7835703,0.42949677
2021-12-12,0.23725183,-0.582016
2021-12-13,0.1224263,-0.39644623
2021-12-14,1.0051578,1.6562958
2021-12-15,0.55748564,4.063484
2021-12-16,0.43132126,2.0427551
2021-12-17,0.27857983,1.4743576
2021-12-18,2.8835142,2.502182
2021-12-19,1.764236,-3.5438232
2021-12-20,1.1130486,-6.8862076
2021-12-21,0.2558602,-7.3600006
2021-12-22,0.09910536,-6.598366
2021-12-23,0.8453388,-3.2644806
2021-12-24,2.9560404,-6.3227158
2021-12-25,0.025292397,-5.6236496
2021-12-26,1.3208014,-5.3074646
2021-12-27,0.09523191,-7.273636
2021-12-28,0.04159133,-8.633484
2021-12-29,0.04589379,-3.6111069
2021-12-30,1.0298507,3.1348572
2021-12-31,3.5347526,1.8325043
2022-01-01,1.1420192,-1.4425812
2022-01-02,16.08648,4.141464
2022-01-03,6.4123516,3.612381
2022-01-04,9.035198,2.207405
2022-01-05,2.4396632,0.57624054
2022-01-06,0.9015397,-2.7205353
2022-01-07,0.3004035,-2.1787338
2022-01-08,0.15855408,-2.550331
2022-01-09,0.017039657,-1.6996994
2022-01-10,0.06584346,-4.6238327
2022-01-11,0.17000169,-7.401268
2022-01-12,0.04996139,1.5157318
2022-01-13,0.18671164,3.558281
2022-01-14,0.6987072,1.0799103
2022-01-15,0.21083805,-1.0019073
2022-01-16,1.2392275,0.93652344
2022-01-17,7.005287,-2.1183777
2022-01-18,0.85847896,1.021019
2022-01-19,0.20761466,0.49103546
2022-01-20,5.6377287,-1.1304321
2022-01-21,4.792604,-3.0573044
2022-01-22,0.918801,-5.8206177
2022-01-23,0.16126508,-6.1528854
2022-01-24,0.3263011,1.2594376
2022-01-25,1.0898926,-2.1029434
2022-01-26,2.404476,1.7583389
2022-01-27,4.390582,1.5341568
2022-01-28,4.474101,-1.0182114
2022-01-29,7.3986216,1.8961563
2022-01-30,6.016577,-2.3659363
2022-01-31,3.7638562,-3.3007202
2022-02-01,0.8507241,-2.1989288
2022-02-02,2.3921611,-5.174118
2022-02-03,0.6706293,-4.917183
2022-02-04,1.4297785,1.3261108
2022-02-05,2.9524064,1.7853165
2022-02-06,4.0047894,2.009285
2022-02-07,4.3093534,0.8754196
2022-02-08,2.9158053,2.4981995
2022-02-09,2.6976101,3.1177826
2022-02-10,1.5729929,1.7407074
2022-02-11,0.9945053,-0.6072006
2022-02-12,0.7197391,-0.8510437
2022-02-13,0.0,0.50527954
2022-02-14,0.0,2.0620499
2022-02-15,0.017039776,4.1329803
2022-02-16,2.6945875,6.088539
2022-02-17,12.047271,3.181343
2022-02-18,2.7237935,3.2314377
2022-02-19,8.890833,2.5555115
2022-02-20,2.4554844,4.2344894
2022-02-21,6.540658,2.3493195
2022-02-22,2.6890936,0.62844086
2022-02-23,1.5660464,2.196518
2022-02-24,0.015258789,3.0264816
2022-02-25,0.71014965,1.6104279
2022-02-26,0.3316381,-1.8396988
2022-02-27,0.021107286,-2.2966537
2022-02-28,0.0,-0.99266815
2022-03-01,0.0,-0.6411667
2022-03-02,0.0,-0.46974945
2022-03-03,0.24850775,0.95134735
2022-03-01,0.0,-0.6411667
2022-03-02,0.0,-0.46974945
2022-03-03,0.24850775,0.95134735
2022-03-04,0.51994765,-1.6982117
2022-03-05,0.044501305,-1.5865326
2022-03-06,0.0050754845,-0.34607697
2022-03-07,1.1832409,-1.9861908
2022-03-08,0.37801033,-2.5240936
2022-03-09,0.3541708,-5.6470947
2022-03-10,0.0,-1.9714355
2022-03-11,0.0,0.9755249
2022-03-12,0.0,1.3259735
2022-03-13,0.0,1.1301117
2022-03-14,0.0,2.0582886
2022-03-15,0.0,2.506073
2022-03-16,0.0,0.15436554
2022-03-17,0.0,-0.022964478
2022-03-18,0.0,1.9252853
2022-03-19,0.0,3.1920013
2022-03-20,0.0,3.756462
2022-03-21,0.0,5.453705
2022-03-22,0.0,5.6378403
2022-03-23,0.008402467,5.0406876
2022-03-24,0.08995177,6.2389755
2022-03-25,0.0,6.5177994
2022-03-26,0.09744573,1.2494888
2022-03-27,0.05209458,6.802414
2022-03-28,0.046634436,5.120865
2022-03-29,0.11977935,0.2144928
2022-03-30,0.5965376,0.11802673
2022-03-31,0.0,1.1835556
2022-04-01,0.07287359,1.9578857
2022-04-02,0.34293842,0.014831543
2022-04-03,0.0038146973,1.772644
2022-04-04,1.986538,2.5930023
2022-04-05,5.300569,2.3723526
2022-04-06,3.09766,10.218231
2022-04-07,1.0647426,8.607742
2022-04-08,4.646176,5.311981
2022-04-09,0.79178864,4.0269394
2022-04-10,0.902727,4.2200623
2022-04-11,0.36788893,4.6472244
2022-04-12,1.3451021,6.6886826
2022-04-13,0.0,8.480583
2022-04-14,0.05644512,8.488991
2022-04-15,3.872786,4.601288
2022-04-16,0.535259,4.0085754
2022-04-17,0.035467267,5.028427
2022-04-18,0.59492016,7.32798
2022-04-19,6.5526447,8.595268
2022-04-20,11.137686,9.765961
2022-04-21,0.16564894,9.233337
2022-04-22,1.9556713,8.142471
2022-04-23,12.677403,8.230736
2022-04-24,7.2607565,8.753769
2022-04-25,0.41519323,9.207771
2022-04-26,0.09723091,6.3134384
2022-04-27,0.012555122,5.3531494
2022-04-28,0.0,7.1294785
2022-04-29,0.12494421,7.282799
2022-04-30,0.0,8.107521
2022-05-01,2.8730068,8.6679
2022-05-01,2.8730068,8.6679
2022-05-02,0.026279747,8.870842
2022-05-03,0.41869307,6.3905334
2022-05-04,0.0,8.874893
2022-05-05,0.0,11.255768
2022-05-06,6.9448223,12.209694
2022-05-07,1.259078,11.0108795
2022-05-08,0.73799515,7.519951
2022-05-09,0.0,9.865341
2022-05-10,0.0,14.828209
2022-05-11,0.2660942,15.15889
2022-05-12,10.343197,12.854187
2022-05-13,0.7432537,10.8390045
2022-05-14,2.3410394,12.337006
2022-05-15,0.30225182,10.84626
2022-05-16,0.52387905,8.348434
2022-05-17,1.2862163,10.357491
2022-05-18,0.02861926,13.202797
2022-05-19,0.021624565,16.491638
2022-05-20,4.434763,12.380867
2022-05-21,20.730625,11.778915
2022-05-22,0.8179345,12.674545
2022-05-23,0.0,14.482674
2022-05-24,0.0,14.937309
2022-05-25,10.284967,14.258942
2022-05-26,8.137735,11.611137
2022-05-27,3.637085,10.016846
2022-05-28,3.174775,10.390747
2022-05-29,3.5257754,11.346649
2022-05-30,14.394169,13.16954
2022-05-31,0.68237925,14.153069
2022-06-01,5.103392,15.24836
2022-06-02,4.8740416,14.293198
2022-06-03,0.6515133,16.432632
2022-06-04,0.101592064,15.637939
2022-06-05,0.0038146973,17.454689
2022-06-06,0.0,19.337975
2022-06-07,0.5211102,20.40348
2022-06-08,9.321886,19.92369
2022-06-09,2.9109993,22.679176
2022-06-10,4.5151978,19.335655
2022-06-11,0.7634709,18.750961
2022-06-12,0.20170774,16.329163
2022-06-13,20.161415,13.584587
2022-06-14,5.98732,15.809174
2022-06-15,0.5947094,16.398483
2022-06-16,3.1022463,16.914955
2022-06-17,0.6827793,16.925873
2022-06-18,0.29172325,18.620445
2022-06-19,0.63013774,17.964989
2022-06-20,22.470106,14.880051
2022-06-21,65.17394,17.252083
2022-06-22,0.0,18.972359
2022-06-23,0.0,20.842133
2022-06-24,0.0,22.030884
2022-06-25,0.0008904487,23.425606
2022-06-26,0.0,24.25476
2022-06-27,0.090204686,25.363823
2022-06-28,0.42527246,22.851639
2022-06-29,7.6447606,23.781677
2022-06-30,0.19879194,25.141327
2022-07-01,0.039179802,25.487122
2022-07-01,0.039179802,25.487122
2022-07-02,1.1110611,21.239098
2022-07-03,0.6503582,21.264595
2022-07-04,0.8810425,21.15908
2022-07-05,0.07243276,16.63794
2022-07-06,27.884745,16.714111
2022-07-07,0.85921353,17.883667
2022-07-08,0.5545191,17.545929
2022-07-09,1.7456486,16.798164
2022-07-10,1.2768623,16.786438
2022-07-11,0.9851569,17.636375
2022-07-12,32.876957,17.645058
2022-07-13,0.75621223,17.915764
2022-07-14,0.24967384,15.923813
2022-07-15,1.4429704,14.963821
2022-07-16,2.999212,15.410294
2022-07-17,1.8823234,15.68428
2022-07-18,0.896571,18.303993
2022-07-19,0.45419824,18.661179
2022-07-20,0.013477899,20.504791
2022-07-21,0.0,23.364906
2022-07-22,0.0,23.004547
2022-07-23,0.66865903,19.714485
2022-07-24,2.4443367,19.996414
2022-07-25,0.016578317,20.861626
2022-07-26,4.417822,18.524597
2022-07-27,10.749137,17.15223
2022-07-28,0.3872955,16.750671
2022-07-29,0.15228838,17.449364
2022-07-30,0.0,18.140457
2022-07-31,24.989635,18.795998
2022-08-01,4.7796555,19.066948
2022-08-02,0.3110746,19.307678
2022-08-03,0.0,19.734322
2022-08-04,0.0,22.423233
2022-08-05,0.026731372,21.708763
2022-08-06,11.800348,16.764702
2022-08-07,0.0017808676,17.602242
2022-08-08,0.0,17.540527
2022-08-09,5.250409,17.983467
2022-08-10,0.26906443,18.874512
2022-08-11,0.0,20.831306
2022-08-12,0.0,21.663002
2022-08-13,0.0,22.556961
2022-08-14,0.5918393,23.89164
2022-08-15,5.2949824,24.38298
2022-08-16,0.0,24.801651
2022-08-17,0.048503876,24.634483
2022-08-18,0.0683651,25.389374
2022-08-19,0.0,22.204582
2022-08-20,0.0667572,22.303192
2022-08-21,0.67583466,23.183159
2022-08-22,0.22472148,24.150024
2022-08-23,0.0,25.115135
2022-08-24,0.0,24.647964
2022-08-25,0.31813622,24.460983
2022-08-26,0.06739521,23.714066
2022-08-27,0.0071235895,22.391777
2022-08-28,0.0133604705,23.053871
2022-08-29,4.8776784,18.944466
2022-08-30,2.0397558,15.975967
2022-08-31,0.16415249,12.771622
2022-09-01,0.3767624,12.330208
2022-09-02,0.017574072,12.335228
2022-09-03,0.30462474,12.433891
2022-09-04,0.019002676,11.017845
2022-09-05,0.027878523,10.8422165
2022-09-06,0.0,11.94487
2022-09-07,0.6443572,12.148727
2022-09-08,0.005848497,11.592819
2022-09-09,0.0,12.5696945
2022-09-10,0.1171813,11.218422
2022-09-11,8.142963,11.891472
2022-09-12,0.83878744,12.4815445
2022-09-13,0.23203865,13.120834
2022-09-14,2.8176498,14.801331
2022-09-15,1.2571356,12.9294815
2022-09-16,0.58901817,12.070564
2022-09-17,0.17185402,11.269966
2022-09-18,2.8874788,11.80825
2022-09-19,1.8282816,11.329765
2022-09-20,1.6081129,10.913895
2022-09-21,2.2659032,9.986855
2022-09-22,1.7160954,9.212692
2022-09-23,0.45490026,9.280693
2022-09-24,0.41796505,9.586502
2022-09-25,0.07498276,10.942909
2022-09-26,0.32834816,11.51841
2022-09-27,0.1238513,10.644592
2022-09-28,8.980497,10.429359
2022-09-29,1.4120188,9.404633
2022-09-30,0.018255949,9.648323
2022-10-01,9.040154,8.305153
2022-10-01,9.040154,8.305153
2022-10-02,0.35894966,8.593124
2022-10-03,18.453278,9.367004
2022-10-04,8.78789,11.6675415
2022-10-05,0.024434209,12.764259
2022-10-06,0.18678042,11.632423
2022-10-07,0.0,12.943596
2022-10-08,2.1972735,11.289085
2022-10-09,0.7905879,7.9431305
2022-10-10,0.0,9.061295
2022-10-11,0.23320545,8.773079
2022-10-12,1.0029223,8.217453
2022-10-13,0.050637484,9.316406
2022-10-14,0.0,11.293396
2022-10-15,0.069304466,13.0182495
2022-10-16,7.979365,13.98587
2022-10-17,0.021848202,14.340347
2022-10-18,0.06263442,8.79026
2022-10-19,1.4444836,5.579796
2022-10-20,0.0863539,7.1444397
2022-10-21,0.0046464205,7.9277573
2022-10-22,1.3465886,9.733124
2022-10-23,1.33295,11.045113
2022-10-24,0.5833742,12.430321
2022-10-25,5.228605,11.148773
2022-10-26,1.0335668,11.174637
2022-10-27,0.30200243,11.944275
2022-10-28,0.42497575,12.375404
2022-10-29,1.4659057,11.274887
2022-10-30,0.5253476,5.5295334
2022-10-31,0.0,7.319908
2022-11-01,0.0041851997,8.031471
2022-11-02,1.4262023,9.5164795
2022-11-03,1.2552185,8.094986
2022-11-04,0.18128848,6.2260284
2022-11-05,1.5994933,7.6637573
2022-11-06,4.681823,5.8077927
2022-11-07,0.4254961,9.220711
2022-11-08,0.041844368,8.916771
2022-11-09,0.5317631,8.347717
2022-11-10,6.4036336,9.746597
2022-11-11,1.2878544,11.826759
2022-11-12,0.6588154,9.209648
2022-11-13,0.20764524,4.7946243
2022-11-14,0.040909354,5.3436737
2022-11-15,0.623119,2.2069778
2022-11-16,0.37210172,-1.1201477
2022-11-17,1.1168377,-2.2499695
2022-11-18,1.1079665,-3.7407303
2022-11-19,2.3467581,-5.5069504
2022-11-20,0.40123683,-2.6255722
2022-11-21,0.25690636,-1.5881119
2022-11-22,0.09704894,-1.9919357
2022-11-23,0.0634393,-1.7118378
2022-11-24,3.9773428,-0.20600128
2022-11-25,0.3626023,-0.4273224
2022-11-26,2.811736,-1.3413391
2022-11-27,0.16100064,-0.7287903
2022-11-28,2.036736,-0.29254913
2022-11-29,0.23669323,-1.4655991
2022-11-30,0.05530405,-6.368416
2022-12-01,0.00972192,-3.8862915
2022-12-01,0.00972192,-3.8862915
2022-12-02,0.1054333,-2.254593
2022-12-03,1.3847084,-1.0511475
2022-12-04,0.20916091,-3.0077133
2022-12-05,0.13985673,-0.74777985
2022-12-06,3.214683,0.1781311
2022-12-07,4.8529816,-0.56469727
2022-12-08,1.8402591,-0.13457489
2022-12-09,3.3055844,-0.81638336
2022-12-10,0.19762364,-2.4796982
2022-12-11,17.737469,-3.7693481
2022-12-12,1.7007167,-2.6782837
2022-12-13,1.3946075,-6.461281
2022-12-14,0.1184175,-6.941559
2022-12-15,0.99279845,-5.937851
2022-12-16,0.3506018,-8.844826
2022-12-17,0.15466616,-8.791534
2022-12-18,0.09604941,-8.878525
2022-12-19,0.06762433,-0.5147476
2022-12-20,8.572691,2.450943
2022-12-21,5.4905043,2.1691513
2022-12-22,3.143326,2.3486557
2022-12-23,3.5116994,-1.5761108
2022-12-24,0.1415788,-7.017624
2022-12-25,0.10405508,-2.9345322
2022-12-26,7.3543797,3.2020035
2022-12-27,0.3975464,1.5763092
2022-12-28,3.8769977,2.982132
2022-12-29,4.9441595,4.5258636
2022-12-30,0.943251,4.132988
2022-12-31,3.3597422,11.91021
2023-01-01,2.2606163,7.7226105
2023-01-02,5.3202877,5.905426
2023-01-03,0.78821343,1.085823
2023-01-04,6.1753798,1.9072113
2023-01-05,16.323189,-11.924957
2023-01-06,0.123551846,-9.392197
2023-01-07,2.078867,-3.4628372
2023-01-08,0.26638293,0.5871887
2023-01-09,2.7035456,1.996254
2023-01-10,8.443757,0.3562088
2023-01-11,0.2465205,2.565117
2023-01-12,0.8478755,3.3554993
2023-01-13,2.90581,4.379822
2023-01-14,1.0640249,3.3419495
2023-01-15,7.4345927,3.791275
2023-01-16,1.1743279,2.6357956
2023-01-17,5.2460165,3.3187256
2023-01-18,9.803222,2.0224228
2023-01-19,3.6410809,1.0172119
2023-01-20,2.2353432,0.90657043
2023-01-21,1.8255882,-0.48168182
2023-01-22,0.27347204,-2.0726242
2023-01-23,0.10473112,-1.7436218
2023-01-24,0.08245408,-1.5519257
2023-01-25,0.30238324,-0.07884216
2023-01-26,3.258637,-0.13238525
2023-01-27,2.7738001,-2.5515976
2023-01-28,0.3884311,-1.6238403
2023-01-29,1.6785313,1.6059113
2023-01-30,4.4071293,1.2080994
2023-01-31,1.9602852,0.5196762
2023-02-01,6.8899107,1.1176682
2023-02-02,3.0205944,-1.97686
2023-02-03,0.14593196,-4.085655
2023-02-04,0.49091348,-4.625183
2023-02-05,0.21265745,-3.3834
2023-02-06,0.3231566,-0.47920227
2023-02-07,0.26462626,-2.2692108
2023-02-08,0.009410381,-1.1566315
2023-02-09,0.0,-0.5961075
2023-02-10,0.22181097,1.374321
2023-02-11,8.002136,-1.908371
2023-02-12,0.015258789,3.4210968
2023-02-13,0.111113995,1.9373856
2023-02-14,0.0,-1.5076904
2023-02-15,0.05530411,1.9778214
2023-02-16,0.20068325,3.16922
2023-02-17,7.5227537,3.7285995
2023-02-18,3.6147408,1.345581
2023-02-19,0.56410265,0.44794464
2023-02-20,9.236855,1.7083359
2023-02-21,1.311768,-3.922821
2023-02-22,1.1044037,-4.212242
2023-02-23,0.02455163,1.9931641
2023-02-24,5.084854,1.5333328
2023-02-25,2.2301345,-2.1303635
2023-02-26,0.8194378,-2.8783035
2023-02-27,0.06251654,-0.72455597
2023-02-28,0.0076293945,0.8363266
2023-03-01,0.059416145,1.6089172
2023-03-02,0.105799854,1.8009262
2023-03-03,1.1536078,1.0385513
2023-03-01,0.059416145,1.6089172
2023-03-02,0.105799854,1.8009262
2023-03-03,1.1536078,1.0385513
2023-03-04,3.0755212,-1.1402588
2023-03-05,1.4266988,-1.8151093
2023-03-06,0.57034266,-1.3194733
2023-03-07,2.426624,0.56401825
2023-03-08,0.8438624,-1.7648468
2023-03-09,0.0,-5.1889343
2023-03-10,9.909507,1.9453125
2023-03-11,6.797854,-1.9763336
2023-03-12,1.4964701,-1.2264023
2023-03-13,4.678122,8.856186
2023-03-14,3.5972664,4.781105
2023-03-15,0.83098066,1.276619
2023-03-16,0.49685287,2.1669922
2023-03-17,0.0,3.9140244
2023-03-18,0.0,6.939926
2023-03-19,0.0,7.570999
2023-03-20,0.026956016,6.3232117
2023-03-21,0.48403746,7.084709
2023-03-22,0.3968196,10.109642
2023-03-23,3.476813,10.486679
2023-03-24,9.8274765,9.9926605
2023-03-25,2.8967426,7.483391
2023-03-26,4.372072,5.0394745
2023-03-27,1.2961054,0.8315811
2023-03-28,0.20961761,-0.43972778
2023-03-29,0.17930889,2.555725
2023-03-30,0.3937626,6.55867
2023-03-31,6.5946207,6.0490417
2023-04-01,4.353402,3.2814102
2023-04-02,2.4896631,-0.0140686035
2023-04-03,0.08325946,0.13419342
2023-04-04,2.5586467,1.7364578
2023-04-05,2.099832,7.9078064
2023-04-06,0.7074285,10.473007
2023-04-07,2.1785078,10.048004
2023-04-08,2.3184843,9.534157
2023-04-09,4.730364,10.202713
2023-04-10,2.6098309,10.799126
2023-04-11,0.9782876,10.95311
2023-04-12,1.7825041,10.20311
2023-04-13,2.822317,9.752502
2023-04-14,0.19359827,8.921745
2023-04-15,2.5595098,6.6647797
2023-04-16,8.937272,10.364044
2023-04-17,1.9319673,9.401665
2023-04-18,2.548811,10.3552475
2023-04-19,1.1293907,11.45166
2023-04-20,0.021224722,10.982208
2023-04-21,0.0,11.746353
2023-04-22,0.0546846,12.367447
2023-04-23,0.0,13.935936
2023-04-24,0.079050064,13.529991
2023-04-25,1.3030636,7.27227
2023-04-26,5.680655,6.8714676
2023-04-27,0.16105103,6.2379074
2023-04-28,0.62820363,8.19561
2023-04-29,0.0,9.762321
2023-04-30,2.9457922,8.060066
2023-05-01,0.0,11.536003
2023-05-01,0.0,11.536003
2023-05-02,4.5259066,8.454903
2023-05-03,0.0008904934,7.8308716
2023-05-04,0.92500114,6.104538
2023-05-05,0.008369923,5.94783
2023-05-06,0.0016634613,6.577141
2023-05-07,0.0,8.324844
2023-05-08,0.0,10.010284
2023-05-09,0.0,12.074181
2023-05-10,0.0,13.532761
2023-05-11,0.0,14.522903
2023-05-12,0.0,16.79557
2023-05-13,0.011996508,17.675003
2023-05-14,0.014336109,18.106804
2023-05-15,1.302481,16.680733
2023-05-16,1.6168449,13.652481
2023-05-17,18.664675,10.780594
2023-05-18,0.27410293,13.826324
2023-05-19,0.0041849613,15.051849
2023-05-20,0.0,15.154877
2023-05-21,0.0,16.239555
2023-05-22,0.009292841,17.832893
2023-05-23,0.038264394,19.324455
2023-05-24,0.06234634,20.596779
2023-05-25,0.0071234703,17.259079
2023-05-26,0.008014008,13.73645
2023-05-27,0.0,15.25853
2023-05-28,0.0,16.411255
2023-05-29,0.007837892,16.283066
2023-05-30,0.13575447,15.18972
2023-05-31,0.0,16.694809
2023-06-01,0.19082856,12.198341
2023-06-02,0.32038546,11.169952
2023-06-03,0.119048834,14.116394
2023-06-04,0.0,14.989075
2023-06-05,0.0029242635,17.18895
2023-06-06,0.0,19.938438
2023-06-07,0.0,21.566109
2023-06-08,0.0,21.274193
2023-06-09,0.0,17.689178
2023-06-10,0.0,16.77182
2023-06-11,0.0,15.773796
2023-06-12,0.21206093,18.245132
2023-06-13,0.0,17.261475
2023-06-14,1.2855082,21.589989
2023-06-15,0.36917496,21.310318
2023-06-16,2.4165182,19.270538
2023-06-17,0.8199196,21.205025
2023-06-18,4.866041,20.887817
2023-06-19,12.748638,20.640823
2023-06-20,0.28315353,23.097061
2023-06-21,0.044424534,22.26233
2023-06-22,5.667756,21.08178
2023-06-23,0.024637222,21.893265
2023-06-24,0.0,19.972618
2023-06-25,1.2840471,19.393318
2023-06-26,4.2584896,19.557838
2023-06-27,14.522165,16.652176
2023-06-28,11.622882,19.3685
2023-06-29,1.0441532,21.103111
2023-06-30,0.5347692,19.630142
2023-07-01,2.5630414,18.333313
2023-07-01,2.5630414,18.333313
2023-07-02,7.5627875,18.741089
2023-07-03,0.1268257,20.159004
2023-07-04,0.29161215,21.307457
2023-07-05,0.0,21.530876
2023-07-06,13.758345,18.699905
2023-07-07,0.0024952888,18.55922
2023-07-08,0.024642706,18.955956
2023-07-09,0.42315102,18.284714
2023-07-10,1.6057396,17.579124
2023-07-11,0.000831604,19.236984
2023-07-12,0.010684967,21.748657
2023-07-13,0.14569913,20.475807
2023-07-14,0.9918506,20.139702
2023-07-15,0.0,24.863068
2023-07-16,0.26847553,23.811646
2023-07-17,9.1688175,19.624794
2023-07-18,10.439329,18.202866
2023-07-19,2.1860332,18.403244
2023-07-20,0.32340908,18.235985
2023-07-21,0.79950505,17.299995
2023-07-22,8.839327,17.20176
2023-07-23,0.8500638,20.644539
2023-07-24,2.1791587,21.52147
2023-07-25,8.989397,19.558357
2023-07-26,1.659822,16.588493
2023-07-27,6.7595844,17.809105
2023-07-28,6.3515897,18.839706
2023-07-29,0.44518757,19.100662
2023-07-30,2.2819152,17.939865
2023-07-31,9.392192,21.092438
2023-08-01,2.097057,19.862686
2023-08-02,4.312252,20.80307
2023-08-03,1.2463363,22.164299
2023-08-04,0.13213229,22.505089
2023-08-05,9.013912,26.985
2023-08-06,0.013711929,22.824303
2023-08-07,24.665493,16.649109
2023-08-08,0.7396352,16.386093
2023-08-09,0.66341597,16.799377
2023-08-10,2.3210633,17.432709
2023-08-11,3.5512674,17.62313
2023-08-12,0.0,19.255302
2023-08-13,0.015793204,20.773697
2023-08-14,0.037507057,22.816704
2023-08-15,0.70846367,26.068474
2023-08-16,0.013356686,26.425331
2023-08-17,1.1289498,25.62175
2023-08-18,0.03498459,25.336624
2023-08-19,0.11005592,23.476532
2023-08-20,0.7003913,22.24588
2023-08-21,0.6658234,19.56382
2023-08-22,0.24467492,19.497154
2023-08-23,0.6215428,18.373154
2023-08-24,2.9789336,19.582771
2023-08-25,0.13597679,22.215652
2023-08-26,0.7935439,22.301483
2023-08-27,5.903834,22.123428
2023-08-28,6.341726,21.306175
2023-08-29,32.861862,23.889679
2023-08-30,9.82682,19.203148
2023-08-31,1.7988731,16.810257
2023-09-01,0.9337014,17.062225
2023-09-02,0.175626,16.678688
2023-09-03,0.48033252,15.494011
2023-09-04,0.0,17.796257
2023-09-05,0.013477892,18.555428
2023-09-06,0.56237686,15.171257
2023-09-07,0.0,16.396812
2023-09-08,0.0,17.876923
2023-09-09,0.0,17.605598
2023-09-10,0.0,18.874382
2023-09-11,0.0,19.522575
2023-09-12,0.028230857,21.056656
2023-09-13,0.07839966,18.726006
2023-09-14,7.2439976,13.763954
2023-09-15,0.0,13.620689
2023-09-16,0.0,16.064972
2023-09-17,0.0,18.307556
2023-09-18,3.792964,19.592422
2023-09-19,6.9656687,18.11538
2023-09-20,0.0,17.758705
2023-09-21,0.0,19.951508
2023-09-22,0.0,20.707222
2023-09-23,7.1491127,16.723953
2023-09-24,1.1911919,12.845558
2023-09-25,0.0,16.223366
2023-09-26,0.0,18.286636
2023-09-27,0.0,18.263542
2023-09-28,0.0,18.269157
2023-09-29,0.0,15.884506
2023-09-30,2.1824286,14.438225
2023-10-01,1.2189276,13.094002
2023-10-01,1.2189276,13.094002
2023-10-02,0.9100774,17.93222
2023-10-03,0.036395073,15.272621
2023-10-04,8.273531,12.604149
2023-10-05,4.250759,11.356453
2023-10-06,2.125959,12.63662
2023-10-07,7.7674994,7.0798645
2023-10-08,1.1787817,6.8244705
2023-10-09,0.8332044,6.699272
2023-10-10,0.015999317,10.069344
2023-10-11,1.1157103,13.88118
2023-10-12,5.0875134,11.160721
2023-10-13,0.5575695,15.933601
2023-10-14,1.5897384,9.803711
2023-10-15,0.0056533813,7.9514694
2023-10-16,0.90038264,7.029022
2023-10-17,0.077363014,7.658699
2023-10-18,8.983803,3.8566818
2023-10-19,0.11678743,3.631569
2023-10-20,2.9472218,5.65139
2023-10-21,11.7255,9.7866745
2023-10-22,17.668306,8.905487
2023-10-23,12.350126,8.889664
2023-10-24,1.3087244,6.545517
2023-10-25,13.455563,3.6222687
2023-10-26,6.944592,5.5747147
2023-10-27,0.3000722,3.1818085
2023-10-28,0.8930691,3.0094986
2023-10-29,3.1072447,11.360863
2023-10-30,2.786425,12.066292
2023-10-31,0.80250835,9.84623
2023-11-01,1.4479765,7.132614
2023-11-02,0.0008317232,9.697205
2023-11-03,1.6671219,9.909073
2023-11-04,0.93902075,7.3027573
2023-11-05,5.6772842,9.11142
2023-11-06,6.6149487,8.740234
2023-11-07,0.41866645,7.5318146
2023-11-08,0.9148863,6.4574738
2023-11-09,0.10843897,6.8045273
2023-11-10,0.087944984,6.803383
2023-11-11,4.488723,6.6819
2023-11-12,2.6116445,5.3119583
2023-11-13,1.8268317,5.0516357
2023-11-14,1.7382946,3.7926788
2023-11-15,2.2763426,1.5713577
2023-11-16,0.61982965,-0.03916931
2023-11-17,0.18700767,-2.4533005
2023-11-18,0.14946711,0.1483612
2023-11-19,0.16386795,-0.96629333
2023-11-20,0.0,-3.8946457
2023-11-21,0.02048409,-3.3725662
2023-11-22,0.21303572,1.4274979
2023-11-23,17.388023,2.0276031
2023-11-24,0.6834159,-0.7765579
2023-11-25,1.4204192,-2.831955
2023-11-26,0.878764,-4.806488
2023-11-27,0.30716276,-4.7345963
2023-11-28,0.047893047,-5.675308
2023-11-29,8.537502,-4.7230606
2023-11-30,0.42604774,-3.4183655
2023-12-01,0.5584793,-2.524208
2023-12-01,0.5584793,-2.524208
2023-12-02,0.37204298,-5.3135834
2023-12-03,1.7939891,-1.6871643
2023-12-04,3.31278,-2.4158401
2023-12-05,0.32322,-6.459152
2023-12-06,0.045153115,-6.415634
2023-12-07,0.37998074,-6.806282
2023-12-08,0.31251746,-3.497551
2023-12-09,2.0989232,-2.8742752
2023-12-10,1.408439,0.029891968
2023-12-11,5.011244,1.4831772
2023-12-12,3.6049242,0.6468353
2023-12-13,0.5101545,0.7904434
2023-12-14,2.627545,-2.9101257
2023-12-15,0.36444676,1.7848892
2023-12-16,3.148325,5.5633774
2023-12-17,5.968422,6.410187
2023-12-18,1.132333,6.55793
2023-12-19,3.3859217,4.6742783
2023-12-20,2.0956385,2.5715942
2023-12-21,7.16953,2.0198593
2023-12-22,3.5420558,1.2808838
2023-12-23,4.340055,0.24619293
2023-12-24,2.306254,3.4606705
2023-12-25,9.324408,3.312111
2023-12-26,4.1211777,1.8096085
2023-12-27,1.8862016,1.1474762
2023-12-28,0.4912239,5.4626617
2023-12-29,4.362224,4.9729996
2023-12-30,6.139925,2.1761856
2023-12-31,1.5926778,-1.6458893
2024-01-01,0.028281331,-6.6305923
2024-01-02,1.0068549,-7.597351
2024-01-03,2.066246,-8.640381
2024-01-04,3.3910866,-5.430176
2024-01-05,2.4784398,-8.578598
2024-01-06,0.17788023,-16.167469
2024-01-07,0.06258118,-17.737404
2024-01-08,0.005848497,-5.259018
2024-01-09,0.2907247,0.86502075
2024-01-10,0.41528428,-0.6388321
2024-01-11,1.021004,-5.075577
2024-01-12,5.431628,-7.460907
2024-01-13,1.2704686,-2.151413
2024-01-14,4.6671,-0.19226074
2024-01-15,4.8650107,-4.683769
2024-01-16,2.9617298,-11.607277
2024-01-17,0.04497099,-2.826889
2024-01-18,2.3630803,-5.223587
2024-01-19,0.030517578,-2.8828812
2024-01-20,4.111576,-7.0841675
2024-01-21,0.037641156,-0.829834
2024-01-22,2.3885508,2.9590988
2024-01-23,1.9441435,2.6066055
2024-01-24,10.615509,2.191513
2024-01-25,5.4369645,0.22888184
2024-01-26,0.37017775,-4.796753
2024-01-27,0.026449967,-0.3614502
2024-01-28,0.30245596,1.7267761
2024-01-29,0.02436956,0.68930817
2024-01-30,0.0,1.7683716
2024-01-31,0.38412496,1.5949783
2024-02-01,2.28415,0.643631
2024-02-02,3.2097836,4.372757
2024-02-03,4.024455,2.6615753
2024-02-04,4.560298,1.4515839
2024-02-05,3.1900947,-0.24576569
2024-02-06,5.012209,0.64295197
2024-02-07,2.9814355,-3.0887222
2024-02-08,0.17696215,-2.1267166
2024-02-09,0.10371947,-1.527977
2024-02-10,1.0325469,1.8956146
2024-02-11,1.341137,3.673996
2024-02-12,1.7466289,3.8700714
2024-02-13,1.2925717,1.7160645
2024-02-14,0.07599878,2.5444336
2024-02-15,0.6885519,3.8647385
2024-02-16,0.20052576,4.9247284
2024-02-17,3.996137,-0.41088867
2024-02-18,0.058031976,-0.8034439
2024-02-19,1.408597,0.94317627
2024-02-20,2.0361125,2.444931
2024-02-21,4.46083,4.943962
2024-02-22,1.5956763,6.8559647
2024-02-23,3.5124557,8.326401
2024-02-24,1.0706594,4.340561
2024-02-25,2.4401188,7.967392
2024-02-26,5.6423426,9.227531
2024-02-27,13.018295,8.930092
2024-02-28,6.758642,5.1614914
2024-02-29,0.06649516,6.037636
2024-03-01,0.0076293945,5.99012
2024-03-02,0.0,2.5502014
2024-03-01,0.0076293945,5.99012
2024-03-02,0.0,2.5502014
2024-03-03,0.0,2.6554031
2024-03-04,0.2606219,3.8932495
2024-03-05,0.015882492,-0.11293793
2024-03-06,0.0,-0.6961365
2024-03-07,0.0,-1.3842621
2024-03-08,0.0,0.7373657
2024-03-09,0.04473616,0.22908783
2024-03-10,0.0,0.5867996
2024-03-11,0.0,2.02697
2024-03-12,1.2018819,3.5408401
2024-03-13,0.19042458,4.3658752
2024-03-14,0.0,6.511032
2024-03-15,0.0,7.848854
2024-03-16,0.83333904,5.6506195
2024-03-17,1.3912538,2.6146011
2024-03-18,0.35608846,5.067627
2024-03-19,0.47449517,5.4291687
2024-03-20,0.30914262,4.8397446
2024-03-21,0.015882492,5.871826
2024-03-22,2.4148388,7.0213394
2024-03-23,10.163572,4.1861115
2024-03-24,4.3110437,3.8306656
2024-03-25,4.5450983,4.703232
2024-03-26,0.43146402,8.221527
2024-03-27,0.0,10.321793
2024-03-28,2.0833611,10.221893
2024-03-29,3.4155133,11.562584
2024-03-30,0.023288488,16.04837
2024-03-31,0.0086689,16.099998
2024-04-01,0.0,14.346848
2024-04-02,3.76386,4.8967667
2024-04-03,8.091716,3.408989
2024-04-04,0.1922974,8.355034
2024-04-05,3.2673535,9.967728
2024-04-06,7.618262,11.908722
2024-04-07,0.030400157,15.1719055
2024-04-08,0.008369923,18.754616
2024-04-09,0.0016634464,16.442673
2024-04-10,0.06664121,10.170197
2024-04-11,0.0,12.9088745
2024-04-12,1.8624401,11.482292
2024-04-13,2.5525894,11.492455
2024-04-14,4.8031383,7.899498
2024-04-15,0.013595343,6.4655685
2024-04-16,7.5124264,6.747864
2024-04-17,0.6710559,7.159485
2024-04-18,1.2603911,5.3871536
2024-04-19,0.6258402,5.5805283
2024-04-20,3.2689629,7.0577393
2024-04-21,7.6092625,2.665001
2024-04-22,15.134007,3.0975266
2024-04-23,0.515735,6.1803513
2024-04-24,12.487832,7.5803833
2024-04-25,2.380971,8.259689
2024-04-26,0.6563441,10.322243
2024-04-27,0.036006212,13.259941
2024-04-28,0.17569077,16.124863
2024-04-29,0.0,16.3741
2024-04-30,0.0,16.241745
2024-05-01,0.0,16.232544
2024-05-01,0.0,16.232544
2024-05-02,0.0,13.595024
2024-05-03,0.0,14.3055725
2024-05-04,0.8646097,15.732346
2024-05-05,3.0459118,14.373085
2024-05-06,15.244897,8.900421
2024-05-07,1.0872965,8.132889
2024-05-08,0.0,7.037163
2024-05-09,0.27688456,10.606789
2024-05-10,4.710278,8.583633
2024-05-11,0.0,9.093246
2024-05-12,0.0,12.064941
2024-05-13,0.0,13.748787
2024-05-14,0.04068041,13.262321
2024-05-15,0.05022049,13.6734085
2024-05-16,0.0,15.544312
2024-05-17,0.10906112,17.24842
2024-05-18,1.512991,18.324448
2024-05-19,7.5059814,18.403183
2024-05-20,4.091901,17.569885
2024-05-21,11.890528,18.581314
2024-05-22,3.5093708,18.403358
2024-05-23,8.5924635,20.383614
2024-05-24,0.49428558,19.41851
2024-05-25,1.478101,20.872856
2024-05-26,0.0,21.188728
2024-05-27,0.0,22.03321
2024-05-28,0.44133282,22.876465
2024-05-29,1.9241247,21.511276
2024-05-30,4.292835,21.068245
2024-05-31,1.2422414,20.76374
2024-06-01,1.0518134,20.162964
2024-06-02,2.5044515,20.135704
2024-06-03,0.7580242,20.145538
2024-06-04,0.15564382,21.025307
2024-06-05,0.28073502,19.284393
2024-06-06,0.30486006,16.410591
2024-06-07,3.2729263,16.211006
2024-06-08,0.041684628,17.00901
2024-06-09,9.608072,16.439072
2024-06-10,6.0787315,19.035484
2024-06-11,0.6417036,16.553581
2024-06-12,0.0137786865,16.345398
2024-06-13,6.81509,15.267235
2024-06-14,7.9269333,17.033287
2024-06-15,0.13457268,18.928307
2024-06-16,0.8564787,20.604568
2024-06-17,2.7507446,20.875114
2024-06-18,0.4328234,21.82032
2024-06-19,15.266869,17.679016
2024-06-20,1.6947231,18.11354
2024-06-21,0.0,21.24556
2024-06-22,5.144688,18.537964
2024-06-23,0.9916753,18.794922
2024-06-24,1.9918123,20.728897
2024-06-25,0.071097255,21.431992
2024-06-26,0.0,23.957527
2024-06-27,0.0016634613,25.81305
2024-06-28,0.00356102,24.25682
2024-06-29,2.0536466,23.175735
2024-06-30,0.0,23.949188
2024-07-01,2.5668275,20.182236
2024-07-01,2.5668275,20.182236
2024-07-02,0.06860461,18.753578
2024-07-03,0.43247536,17.928894
2024-07-04,4.84345,17.784653
2024-07-05,2.0835238,20.196259
2024-07-06,0.26584625,23.715553
2024-07-07,15.8259945,20.500443
2024-07-08,14.780939,20.96035
2024-07-09,0.108918905,23.159676
2024-07-10,0.0,25.209732
2024-07-11,4.580879,23.904137
2024-07-12,1.0395793,25.807693
2024-07-13,5.8841505,22.174286
2024-07-14,22.794067,21.892769
2024-07-15,1.0220672,23.87107
2024-07-16,5.732916,24.236092
2024-07-17,1.3331194,22.697502
2024-07-18,2.5348897,20.50418
2024-07-19,0.22323966,19.792107
2024-07-20,0.442657,21.91188
2024-07-21,0.6999378,21.83677
2024-07-22,0.7494142,22.921417
2024-07-23,1.0178475,21.644394
2024-07-24,9.73354,20.721573
2024-07-25,11.613458,20.4777
2024-07-26,2.8580048,21.6372
2024-07-27,1.3908552,20.032936
2024-07-28,25.346348,16.026611
2024-07-29,54.15964,19.160202
2024-07-30,0.5400257,18.694664
2024-07-31,0.005342722,19.104385
2024-08-01,0.43833542,17.92627
2024-08-02,0.033221245,18.699173
2024-08-03,0.23177528,18.72271
2024-08-04,0.07026768,18.925858
2024-08-05,4.6620383,19.088501
2024-08-06,0.71704865,19.064156
2024-08-07,1.7548059,20.197754
2024-08-08,0.2726952,20.227234
2024-08-09,1.6587914,19.573929
2024-08-10,1.3963965,18.44683
2024-08-11,3.5347595,17.668594
2024-08-12,0.7057798,17.010857
2024-08-13,0.85472226,19.043396
2024-08-14,0.0,19.741707
2024-08-15,0.0,22.8563
2024-08-16,0.6792217,22.419624
2024-08-17,1.5000931,22.730484
2024-08-18,2.7390823,23.289116
2024-08-19,4.2856874,21.048027
2024-08-20,1.2280827,21.849182
2024-08-21,18.762312,18.293312
2024-08-22,0.8428852,17.663307
2024-08-23,0.18186808,21.861115
2024-08-24,0.0,23.494247
2024-08-25,0.02446282,20.913269
2024-08-26,0.7737484,20.791397
2024-08-27,0.035208225,19.730377
2024-08-28,0.0,21.66201
2024-08-29,0.020872429,23.369316
2024-08-30,0.0,21.122772
2024-08-31,1.299736,17.42421
2024-09-01,0.03498459,19.016296
2024-09-02,29.315178,21.322777
2024-09-03,0.0,21.696877
2024-09-04,0.0,20.560432
2024-09-05,0.049455583,19.78862
2024-09-06,0.0,19.463715
2024-09-07,0.0,19.15831
2024-09-08,0.0,19.625076
2024-09-09,0.0,19.97374
2024-09-10,1.6803799,18.216187
2024-09-11,1.0147281,19.027573
2024-09-12,15.56283,18.557274
2024-09-13,9.222647,19.572937
2024-09-14,1.0065144,20.959076
2024-09-15,0.40836906,19.907707
2024-09-16,0.0,18.987312
2024-09-17,0.0,18.374557
2024-09-18,0.0035617799,17.767372
2024-09-19,0.0,16.656136
2024-09-20,0.0,15.398537
2024-09-21,0.0,15.072281
2024-09-22,0.010956287,16.366089
2024-09-23,0.0,19.09362
2024-09-24,0.0,18.379501
2024-09-25,2.6352544,17.804619
2024-09-26,0.8063132,19.167679
2024-09-27,2.9530163,17.326096
2024-09-28,1.3030815,12.120621
2024-09-29,0.0,9.612488
2024-09-30,0.0,9.408234
2024-10-01,3.7266607,9.250633
2024-10-01,3.7266607,9.250633
2024-10-02,0.120824076,9.243591
2024-10-03,19.150665,10.787224
2024-10-04,0.4177351,9.597389
2024-10-05,0.0626986,9.35421
2024-10-06,2.1989899,9.378929
2024-10-07,0.36726952,8.603889
2024-10-08,0.0,14.361763
2024-10-09,0.11198044,16.97081
2024-10-10,0.30566928,13.451057
2024-10-11,7.481273,9.344078
2024-10-12,0.0,7.9188538
2024-10-13,8.708729,8.129883
2024-10-14,1.7605417,8.656097
2024-10-15,1.8798573,6.1409607
2024-10-16,0.016090512,5.0173187
2024-10-17,0.0,6.6972656
2024-10-18,0.0,5.995598
2024-10-19,0.0,6.110161
2024-10-20,0.0,7.9427185
2024-10-21,0.08904314,11.835442
2024-10-22,0.63429636,11.46122
2024-10-23,0.3636204,10.428406
2024-10-24,0.1920175,9.158043
2024-10-25,0.4043579,7.3406296
2024-10-26,3.55575,11.03627
2024-10-27,0.58688974,10.474609
2024-10-28,0.32232863,9.471817
2024-10-29,0.09328082,11.16996
2024-10-30,2.7594743,9.404266
2024-10-31,4.306272,11.545372
2024-11-01,4.857336,5.555725
2024-11-02,0.14773369,4.260597
2024-11-03,2.6712618,4.0789413
2024-11-04,0.03482005,5.19149
2024-11-05,0.12075925,8.631287
2024-11-06,0.27637446,7.4637604
2024-11-07,0.20632917,7.1976547
2024-11-08,0.111502394,6.0164185
2024-11-09,0.020783557,4.2813187
2024-11-10,0.11255926,3.6658783
2024-11-11,0.06637784,3.6007233
2024-11-12,0.28726292,2.7183838
2024-11-13,0.2076211,1.2306519
2024-11-14,3.9627748,3.7674408
2024-11-15,0.011696994,7.6534424
2024-11-16,0.5901143,5.814514
2024-11-17,5.0073056,4.8088455
2024-11-18,0.7823108,3.6326828
2024-11-19,5.333663,5.681946
2024-11-20,7.8649673,1.1899185
2024-11-21,5.4984055,-0.35327148
2024-11-22,1.0191269,-1.4035339
2024-11-23,0.2134957,-0.098091125
2024-11-24,0.01119113,3.8472672
2024-11-25,0.579437,2.989891
2024-11-26,1.7624168,4.4930496
2024-11-27,2.6152058,3.7324066
2024-11-28,8.243766,2.5550613
2024-11-29,0.2676403,3.2384872
2024-11-30,0.02362889,1.4969788
2024-12-01,0.0,2.8863754
2024-12-01,0.0,2.8863754
2024-12-02,0.040551066,2.9208145
2024-12-03,3.7363925,2.9630127
2024-12-04,1.3602287,0.75398254
2024-12-05,0.14833808,-0.6558533
2024-12-06,0.07962084,0.14819336
2024-12-07,0.049382597,2.2360458
2024-12-08,1.4939103,0.850914
2024-12-09,0.16883433,0.006614685
2024-12-10,0.0076293945,0.8024292
2024-12-11,0.011814415,-0.20271301
2024-12-12,0.40123734,-3.3014908
2024-12-13,0.009292841,-1.0324478
2024-12-14,0.7148352,1.109375
2024-12-15,2.9798603,3.699051
2024-12-16,8.020819,4.28685
2024-12-17,0.42499465,1.2169876
2024-12-18,4.463126,7.0907364
2024-12-19,3.8166695,5.8543625
2024-12-20,1.5934718,1.8284607
2024-12-21,0.54586047,2.6202087
2024-12-22,0.87656736,1.9081726
2024-12-23,3.9391692,1.2548676
2024-12-24,0.19907641,1.9098587
2024-12-25,0.003755927,2.9579926
2024-12-26,0.27133125,4.6175613
2024-12-27,0.4530766,2.738472
2024-12-28,0.9837557,2.8634415
2024-12-29,0.41117772,3.8082275
2024-12-30,2.5721295,4.380493
2024-12-31,3.4519305,3.0509262
2025-01-01,5.374154,3.6553345
2025-01-02,7.811711,-0.9150238
2025-01-03,0.7371784,-2.0552673
2025-01-04,0.1050663,-1.7189102
2025-01-05,1.5516348,-1.7492294
2025-01-06,6.0568314,2.5859299
2025-01-07,3.9451458,1.966919
2025-01-08,2.2013276,0.89746857
2025-01-09,1.0858189,3.0176773
2025-01-10,0.92627627,0.32889557
2025-01-11,0.31118542,-0.4922638
2025-01-12,0.92776996,-2.384018
2025-01-13,0.027190685,0.15509033
2025-01-14,2.2551446,1.8394623
2025-01-15,0.43809745,1.9007645
2025-01-16,1.4224834,3.594658
2025-01-17,0.3420446,4.414322
2025-01-18,0.11437628,3.2827606
2025-01-19,0.058287058,2.2952042
2025-01-20,0.11150239,1.1990433
2025-01-21,0.20074415,1.333847
2025-01-22,1.1841991,1.9511871
2025-01-23,0.15775059,3.0164337
2025-01-24,1.3256503,2.4346466
2025-01-25,0.49711353,5.5091553
2025-01-26,0.3740423,5.678314
2025-01-27,0.16598654,5.389023
2025-01-28,0.058554173,7.6478653
2025-01-29,2.2843263,5.524666
2025-01-30,0.18572044,4.4669724
2025-01-31,1.3787735,2.5551758
2025-02-01,7.365132,1.1028671
2025-02-02,1.1597747,0.023155212
2025-02-03,1.8040417,-0.047729492
2025-02-04,0.22445017,0.44236755
2025-02-05,0.43884075,0.6515045
2025-02-06,0.85245275,-1.023201
2025-02-07,0.03992785,-1.7973175
2025-02-08,0.033961937,-3.9010391
2025-02-09,0.0076293945,-5.8964615
2025-02-10,0.11586952,-4.2325134
2025-02-11,0.10250905,-5.161644
2025-02-12,0.0,-3.9428558
2025-02-13,0.004185036,-4.9369507
2025-02-14,0.33384028,-5.792778
2025-02-15,0.4381544,-8.140282
2025-02-16,0.10134387,-3.5525742
2025-02-17,2.0153532,-2.9142532
2025-02-18,1.3429722,-4.284111
2025-02-19,0.28225577,-5.7087936
2025-02-20,0.3256507,-6.929619
2025-02-21,0.0,-4.174782
2025-02-22,0.0,-3.709221
2025-02-23,0.0,-3.8253708
2025-02-24,0.0,-1.2629318
2025-02-25,0.0,1.1670761
2025-02-26,0.054793358,2.775177
2025-02-27,3.5503187,2.5480652
2025-02-28,3.192066,1.5328217
2025-03-01,2.0327644,1.7708664
2025-03-02,0.68682325,3.4260406
2025-03-03,0.25232863,4.6540985
2025-03-01,2.0327644,1.7708664
2025-03-02,0.68682325,3.4260406
2025-03-03,0.25232863,4.6540985
2025-03-04,0.6910616,6.845581
2025-03-05,0.821064,9.1515045
2025-03-06,0.04562664,6.102585
2025-03-07,0.0,5.69442
2025-03-08,0.0,5.8025894
2025-03-09,0.0,7.1287003
2025-03-10,0.0,8.437622
2025-03-11,0.008317947,4.7347946
2025-03-12,0.033961773,8.141846
2025-03-13,13.671323,2.8062515
2025-03-14,7.7413034,-0.24581146
2025-03-15,0.0,1.7859802
2025-03-16,1.8566029,-1.162056
2025-03-17,0.39480162,1.4425278
2025-03-18,1.7053695,3.4054947
2025-03-19,0.0,4.2810364
2025-03-20,0.0,4.8913803
2025-03-21,0.0016634464,5.6402817
2025-03-22,0.0033268929,4.499504
2025-03-23,0.6440048,4.3417892
2025-03-24,9.530111,5.97287
2025-03-25,0.07710767,5.829033
2025-03-26,4.131571,6.7208405
2025-03-27,1.4819858,7.31633
2025-03-28,0.0,8.693504
2025-03-29,0.0,9.708855
2025-03-30,0.0,10.961029
2025-03-31,0.011814117,11.284462
2025-04-01,0.0,10.315308
2025-04-02,0.0,10.708786
2025-04-03,0.0,9.684029
2025-04-04,0.0,2.8130035
2025-04-05,5.3793964,0.4556198
2025-04-06,0.0,1.5203323
2025-04-07,0.057873607,2.7322083
2025-04-08,0.61126685,1.2094269
2025-04-09,5.2005997,0.38666534
2025-04-10,0.5199037,2.4448166
2025-04-11,1.4847138,4.5886154
2025-04-12,0.12546617,10.240593
2025-04-13,0.35149407,12.184181
2025-04-14,0.09493637,15.069267
2025-04-15,0.1333313,13.366623
2025-04-16,2.8971589,17.753769
2025-04-17,0.0,19.53756
2025-04-18,0.0,18.46283
2025-04-19,5.0665226,16.928543
2025-04-20,0.66129595,17.357994
2025-04-21,0.01130867,17.443184
2025-04-22,0.5314808,14.7007065
2025-04-23,0.0,14.00882
2025-04-24,0.22625542,9.588486
2025-04-25,0.2104497,5.8680573
2025-04-26,0.08057213,5.879463
2025-04-27,0.0,8.797089
2025-04-28,0.0,11.932175
2025-04-29,0.4834013,11.698616
2025-04-30,0.18276978,8.502594
2025-05-01,0.111984015,11.935928
2025-05-01,0.111984015,11.935928
2025-05-02,0.54400957,12.666588
2025-05-03,0.19165379,10.013672
2025-05-04,10.878857,7.4990845
2025-05-05,0.8191027,7.636841
2025-05-06,0.0026125908,6.260803
2025-05-07,0.40523815,5.3145523
2025-05-08,0.89322805,6.01017
2025-05-09,0.0,7.5469055
2025-05-10,2.4719677,6.9248657
2025-05-11,2.0603206,9.179131
2025-05-12,0.3404007,10.340454
2025-05-13,0.053616405,10.138435
2025-05-14,7.220658,6.664818
2025-05-15,2.0675178,7.2516174
2025-05-16,5.8181715,8.651169
2025-05-17,4.391139,10.568787
2025-05-18,0.43388698,10.421524
2025-05-19,6.9836445,14.433517
2025-05-20,0.20756829,13.877739
2025-05-21,0.10121536,15.926773
2025-05-22,12.676838,12.831657
2025-05-23,6.355933,9.66687
2025-05-24,18.94198,11.715523
2025-05-25,0.0,12.257957
2025-05-26,1.6658001,14.498161
2025-05-27,0.0058488846,15.866898
2025-05-28,9.144285,15.498947
2025-05-29,27.838604,15.351212
2025-05-30,1.3539371,16.083801
2025-05-31,3.1557653,15.383354
2025-06-01,0.0716033,17.424683
2025-06-02,11.494222,15.775963
2025-06-03,3.2185946,17.329636
2025-06-04,0.0,19.338524
2025-06-05,12.455391,20.029274
2025-06-06,2.2626507,20.39495
2025-06-07,4.581449,19.001175
2025-06-08,6.503148,14.503387
2025-06-09,7.444661,14.265694
2025-06-10,0.33954293,14.394104
2025-06-11,9.239081,12.734459
2025-06-12,8.26811,16.134804
2025-06-13,1.2303548,16.316376
2025-06-14,0.022770762,17.303604
2025-06-15,0.0,20.606651
2025-06-16,0.76648283,18.188889
2025-06-17,0.81839705,17.819252
2025-06-18,1.7438816,14.775421
2025-06-19,9.484813,12.892029
2025-06-20,12.423689,15.243408
2025-06-21,0.24801922,15.001907
2025-06-22,0.47999358,16.068153
2025-06-23,2.1435518,15.814766
2025-06-24,8.15176,15.836662
2025-06-25,11.177742,16.889694
2025-06-26,0.45042193,17.121918
2025-06-27,9.3413925,17.541458
2025-06-28,0.8283336,18.011131
2025-06-29,0.7657075,16.595016
2025-06-30,0.53223896,17.0411
2025-07-01,0.005848497,20.204872
2025-07-01,0.005848497,20.204872
2025-07-02,0.0,23.794273
2025-07-03,0.0,18.972755
2025-07-04,0.0,16.884293
2025-07-05,0.03805828,21.51165
2025-07-06,0.079143524,21.821114
2025-07-07,1.8040289,21.273476
2025-07-08,6.097329,18.152817
2025-07-09,38.133213,15.546509
2025-07-10,13.671268,18.893417
2025-07-11,5.2041388,18.867302
2025-07-12,0.0,20.501938
2025-07-13,0.11653371,20.787827
2025-07-14,6.9644356,19.814476
2025-07-15,2.328179,19.316818
2025-07-16,6.112288,19.495262
2025-07-17,0.29403877,19.060898
2025-07-18,10.576146,21.075134
2025-07-19,4.2757,20.327599
2025-07-20,2.4194007,21.413734
2025-07-21,1.3018291,22.702438
2025-07-22,1.0787418,20.479202
2025-07-23,13.450548,20.404999
2025-07-24,3.8888495,19.285034
2025-07-25,2.605193,20.143944
2025-07-26,9.3731165,21.74424
2025-07-27,1.8075681,21.135956
2025-07-28,10.139994,21.61422
2025-07-29,3.959642,18.787186
2025-07-30,21.26573,16.887596
2025-07-31,9.964714,17.56726
2025-08-01,2.6600378,19.663704
2025-08-02,1.0330119,21.836823
2025-08-03,0.016921997,20.294724
2025-08-04,3.18723,19.55648
2025-08-05,0.61166,18.274841
2025-08-06,2.7960794,17.002594
2025-08-07,0.41263008,18.148483
2025-08-08,0.688337,18.249702
2025-08-09,0.120119214,18.030533
2025-08-10,5.763286,18.055878
2025-08-11,0.18131971,16.63556
2025-08-12,0.14860296,17.820412
2025-08-13,0.04117441,18.792122
2025-08-14,0.0,19.338188
2025-08-15,0.0,19.768326
2025-08-16,11.283259,15.879089
2025-08-17,0.9458948,16.004532
2025-08-18,0.06872931,17.328262
2025-08-19,0.0,16.563889
2025-08-20,4.579827,14.425468
2025-08-21,0.041978836,16.282372
2025-08-22,0.018819809,13.952553
2025-08-23,0.99002576,12.672836
2025-08-24,5.3323736,12.941261
2025-08-25,8.272028,11.870766
2025-08-26,5.100361,12.663727
2025-08-27,0.047739387,17.133537
2025-08-28,0.34764314,22.349068
2025-08-29,0.00356102,23.059486
2025-08-30,0.0,20.094429
2025-08-31,4.431059,18.196365
2025-09-01,0.015999496,18.808167
2025-09-02,0.0,20.56279
2025-09-03,2.1560755,20.528282
2025-09-04,0.55693436,21.25042
2025-09-05,0.014165878,21.631943
2025-09-06,0.2896309,21.08574
2025-09-07,0.4658497,18.981064
2025-09-08,0.0,18.452377
2025-09-09,0.01428318,19.20269
2025-09-10,0.21115494,20.221832
2025-09-11,5.9657593,15.676445
2025-09-12,17.322365,17.748436
2025-09-13,0.3967655,18.903976
2025-09-14,0.031764984,16.025986
2025-09-15,4.284215,15.185371
2025-09-16,3.2218688,13.868011
2025-09-17,3.786146,14.408081
2025-09-18,2.631101,16.881584
2025-09-19,0.9808527,17.473808
2025-09-20,0.19292843,20.688911
2025-09-21,0.0,17.572731
2025-09-22,0.03883497,13.715126
2025-09-23,2.8258007,9.598648
2025-09-24,0.013777375,8.542999
2025-09-25,0.0053426623,9.580162
2025-09-26,0.0,10.33535
2025-09-27,0.011073738,10.492401
2025-09-28,0.38973427,9.808136
2025-09-29,0.081336975,9.148514
2025-09-30,0.45789385,7.1717224
2025-10-01,0.0,6.876091
2025-10-01,0.0,6.876091
2025-10-02,0.10448438,6.9642944
2025-10-03,0.004185021,8.691986
2025-10-04,0.0,9.556618
2025-10-05,2.7399025,10.489624
2025-10-06,0.13994354,9.542877
2025-10-07,0.16190481,9.546425
2025-10-08,0.0,9.444389
2025-10-09,0.009527683,9.9565735
2025-10-10,8.217968,8.978912
2025-10-11,0.36700436,8.947418
2025-10-12,3.3436253,7.7030563
2025-10-13,1.8612267,6.7105484
2025-10-14,0.4643588,6.8735657
2025-10-15,0.15914844,9.784233
2025-10-16,1.6397175,9.907974
2025-10-17,5.3863997,6.2472763
2025-10-18,7.94886,3.651703
2025-10-19,0.0,2.48777
2025-10-20,0.0,4.3376617
2025-10-21,0.0,6.079323
2025-10-22,1.2362671,8.718452
2025-10-23,3.3276014,12.1890335
2025-10-24,2.6758091,9.223412
2025-10-25,19.269539,6.406929
2025-10-26,2.1029544,6.8160324
2025-10-27,3.7207541,6.014389
2025-10-28,2.7212172,6.8952713
2025-10-29,2.484933,8.026596
2025-10-30,2.5469449,8.939163
2025-10-31,5.83678,8.427422
2025-11-01,0.024434209,7.6152725
2025-11-02,2.1269255,9.372238
2025-11-03,7.1093607,8.359261
2025-11-04,0.24931312,7.6867065
2025-11-05,0.0,7.496872
2025-11-06,0.031351566,7.5422134
2025-11-07,0.0,6.5644226
2025-11-08,0.0076293945,6.3676987
2025-11-09,0.33430085,5.6166153
2025-11-10,1.4794409,6.841156
2025-11-11,2.952607,6.5231934
2025-11-12,0.34547102,7.1284027
2025-11-13,0.0008904934,9.361923
2025-11-14,6.1043043,2.8635864
2025-11-15,1.9359899,0.2427597
2025-11-16,12.219684,2.852539
2025-11-17,2.8098893,1.4972839
2025-11-18,0.7036169,2.0440521
2025-11-19,0.7699992,0.51475525
2025-11-20,0.6549175,1.3340607
2025-11-21,0.015258789,1.0572815
2025-11-22,0.030517578,-1.5691376
2025-11-23,1.3851423,-0.76078033
2025-11-24,0.6734628,0.66091156
2025-11-25,0.544755,0.6109009
2025-11-26,15.607637,1.4506378
2025-11-27,1.2272755,-0.9532242
2025-11-28,0.0058488846,-0.47922516
2025-11-29,0.06854726,2.5205917
2025-11-30,0.36409116,2.962593
2025-12-01,0.62100375,2.1168213
2025-12-01,0.62100375,2.1168213
2025-12-02,0.1338298,2.586258
2025-12-03,0.1730719,4.4197617
2025-12-04,0.4030036,6.086273
2025-12-05,0.0580523,4.393608
2025-12-06,0.096507415,1.3313293
2025-12-07,2.2230663,3.1305237
2025-12-08,0.3442411,6.7390594
2025-12-09,4.951551,6.7474365
2025-12-10,2.24849,8.332413
2025-12-11,3.4836543,6.9249344
2025-12-12,2.2425237,-0.88983154
2025-12-13,2.6693504,1.3557205
2025-12-14,4.380624,3.2819977
2025-12-15,1.2699997,2.1807098
2025-12-16,0.015258789,0.93811035
2025-12-17,0.0,0.19744873
2025-12-18,0.09081203,2.1080856
2025-12-19,0.052677155,2.443077
2025-12-20,1.4060919,2.9824524
2025-12-21,0.19230512,3.033432
2025-12-22,0.45234436,-2.3330612
2025-12-23,0.03871751,-4.2285995
2025-12-24,0.055927336,-1.345459
2025-12-25,0.013595343,2.3322601
2025-12-26,0.29694736,2.4627151
2025-12-27,1.7378664,0.65815735
2025-12-28,3.141548,0.4749298
2025-12-29,1.5371387,-3.7332916
2025-12-30,1.4043236,-5.3134003
2025-12-31,0.8354881,-7.7451096
2026-01-01,6.4486394,0.66452026
2026-01-02,5.4646487,-0.9167404
2026-01-03,0.8505211,-3.1239014
2026-01-04,1.6779681,-3.8603363
2026-01-05,0.3982787,-5.395439
2026-01-06,2.1458638,-5.777405
2026-01-07,0.05150758,-7.508438
2026-01-08,0.43418345,-10.328728
2026-01-09,10.4445095,-9.031052
2026-01-10,1.2673702,-10.437996
2026-01-11,0.6288409,-10.897491
2026-01-12,0.30013263,-10.624992
2026-01-13,0.34631407,-12.7137985
2026-01-14,0.10072823,-12.841667
2026-01-15,0.09814191,-13.392395
2026-01-16,0.020718887,-12.944443
2026-01-17,0.005965933,-11.520836
2026-01-18,0.111113995,-11.398514
2026-01-19,0.07525374,-13.99358
2026-01-20,0.023628876,-12.442459
2026-01-21,0.021107286,-11.851433
2026-01-22,0.23645845,-7.44088
2026-01-23,0.32846424,-9.891083
2026-01-24,0.10533014,-12.371384
2026-01-25,0.18660259,-4.9309845
2026-01-26,2.3721569,1.5067825
2026-01-27,6.998843,-1.980217
2026-01-28,4.8606176,-8.068626
2026-01-29,0.47379923,-14.267479
2026-01-30,0.07169196,-17.139317
2026-01-31,0.0,-20.609997
2026-02-01,0.024551645,-22.379772
2026-02-02,0.005848497,-16.666271
2026-02-03,0.0,-14.991318
2026-02-04,0.1359247,-8.257637
2026-02-05,0.69337153,-3.8718567
2026-02-06,0.7619109,-4.014847
2026-02-07,0.9801614,-7.3619766
2026-02-08,0.19664802,-11.907661
2026-02-09,0.076293945,-10.936417
2026-02-10,0.34687263,-1.0130997
2026-02-11,3.2589676,2.0641098
2026-02-12,3.9454834,2.194481
2026-02-13,4.450572,-5.1483
2026-02-14,0.5768471,-13.472195
2026-02-15,0.0,-15.369438
2026-02-16,0.0,-13.81926
2026-02-17,0.007746935,-10.66021
2026-02-18,0.97043544,-6.001541
2026-02-19,1.0131758,-7.440384
2026-02-20,0.15347001,-6.1304092
2026-02-21,0.7733662,1.0297699
2026-02-22,1.0101153,-0.23651886
2026-02-23,2.5052388,0.8157501
2026-02-24,2.09817,-1.569664
2026-02-25,0.6693424,-5.709427
2026-02-26,0.011931896,0.6785126
2026-02-27,0.0068886876,3.7560425
2026-02-28,0.0,3.1678848
2026-03-01,0.010183334,1.5558167
2026-03-02,0.07765794,-0.123420715
2026-03-03,0.064564586,2.2406158
